date,bdi,bci,bpi,bsi,bunker_vlsfo_singapore,bunker_ifo380_singapore,crude_brent,coking_coal_fob_aus,iron_ore_cfr_china,port_congestion_aus_days,port_congestion_indo_days,port_congestion_india_east_days,monsoon_index,freight_aus_paradip_cape,freight_aus_vizag_cape,freight_aus_haldia_panamax,freight_indo_paradip_panamax,freight_indo_vizag_supramax,freight_rsa_vizag_cape,freight_usa_paradip_cape,freight_russia_vizag_panamax,freight_uae_paradip_supramax
2020-01-01,1460.0,1800.0,1400.0,1000.0,562.85,475.94,60.07,158.48,81.74,7.6,6.1,2.7,1.0,11.96,11.44,18.0,6.78,8.11,12.03,28.95,16.5,7.1
2020-01-02,1477.3,1759.7,1494.2,1002.0,566.59,458.27,60.1,159.5,80.34,7.8,5.4,2.0,1.0,12.09,11.51,17.79,7.13,8.26,11.93,29.25,16.5,7.1
2020-01-03,1432.2,1539.2,1629.9,984.0,581.75,438.83,60.23,160.74,79.16,8.2,4.3,1.3,1.0,11.52,11.13,17.89,7.43,8.36,11.55,28.27,16.85,7.1
2020-01-04,1385.6,1452.7,1624.9,943.3,564.29,442.94,60.49,160.73,85.75,6.0,5.9,2.4,1.0,10.73,10.55,16.85,6.85,8.03,11.05,26.75,16.5,7.1
2020-01-05,1348.7,1299.3,1676.7,968.6,546.84,419.24,60.51,160.76,87.29,7.9,4.8,3.7,1.0,10.38,10.11,16.43,7.7,9.02,10.46,26.6,16.5,7.1
2020-01-06,1364.0,1363.2,1664.4,944.7,597.29,453.71,60.52,161.05,87.6,5.2,4.7,1.3,1.0,11.18,10.66,17.6,7.31,8.33,10.89,27.4,16.5,7.1
2020-01-07,1345.6,1382.0,1582.3,956.0,593.29,446.68,60.79,161.19,84.53,7.5,5.8,2.6,1.0,10.78,10.78,17.07,7.38,8.68,10.62,27.27,16.5,7.1
2020-01-08,1401.2,1433.2,1667.0,978.1,554.07,437.36,60.94,161.81,80.37,9.2,4.9,3.1,1.0,11.27,11.03,17.05,7.45,8.77,11.2,27.62,16.5,7.1
2020-01-09,1377.6,1437.2,1611.8,954.6,583.72,447.12,60.93,161.36,82.27,8.7,5.4,4.3,1.0,11.52,11.29,17.69,6.62,7.78,12.02,27.76,16.5,7.1
2020-01-10,1340.4,1299.3,1699.0,904.1,566.54,453.51,61.05,161.31,89.61,7.5,5.6,2.1,1.0,11.0,10.86,17.47,7.2,8.14,10.92,26.87,16.5,7.1
2020-01-11,1424.5,1378.3,1767.4,1018.4,577.96,462.73,61.04,162.6,83.06,8.3,4.3,2.0,1.0,11.57,10.97,17.98,7.72,8.65,10.83,27.78,16.76,7.1
2020-01-12,1518.4,1608.4,1788.4,996.3,578.34,467.59,61.02,162.65,85.57,6.9,5.3,1.6,1.0,11.5,11.02,18.47,7.57,8.37,11.25,28.05,16.71,7.1
2020-01-13,1581.7,1660.8,1887.6,1026.7,570.88,435.06,61.1,163.78,80.7,8.2,6.2,3.4,1.0,11.71,11.48,18.52,7.89,8.94,12.01,28.25,17.87,7.1
2020-01-14,1629.5,1618.8,2009.0,1115.4,561.43,443.62,60.89,164.47,86.35,11.8,4.1,1.8,1.0,11.6,11.13,17.65,7.94,9.06,11.45,28.45,17.63,7.1
2020-01-15,1564.1,1468.8,1969.0,1149.7,561.77,445.77,60.71,164.08,83.17,10.5,5.4,2.2,1.0,11.04,10.67,18.1,8.15,9.32,11.05,27.07,17.51,7.1
2020-01-16,1498.2,1383.6,1889.4,1133.8,558.23,429.73,60.68,164.91,89.19,8.3,4.3,1.0,1.0,11.0,10.65,17.48,7.72,8.87,10.81,27.04,16.88,7.1
2020-01-17,1473.8,1452.5,1744.4,1128.9,558.98,426.75,60.6,165.36,88.09,8.5,5.9,3.2,1.0,10.41,9.9,15.73,7.78,9.29,10.7,26.71,16.5,7.1
2020-01-18,1562.2,1586.3,1872.2,1089.7,570.99,464.68,60.69,165.65,83.02,7.1,5.9,3.4,1.0,11.51,11.11,18.07,7.45,8.49,11.78,26.37,17.11,7.1
2020-01-19,1569.0,1624.2,1820.3,1128.8,560.83,440.18,60.62,166.28,84.49,7.3,4.7,3.2,1.0,11.02,10.83,16.89,7.54,8.66,12.06,28.32,17.81,7.1
2020-01-20,1631.4,1719.5,1872.8,1152.5,580.98,460.8,60.47,167.03,82.8,8.7,7.0,1.2,1.0,11.52,11.29,18.55,7.57,8.34,11.78,27.59,17.28,7.1
2020-01-21,1632.1,1800.0,1801.2,1126.8,594.49,453.84,60.72,167.89,79.32,7.7,6.0,3.0,1.0,12.4,12.2,19.24,7.72,9.32,12.73,28.67,17.62,7.1
2020-01-22,1669.5,1854.5,1880.6,1078.1,563.59,424.97,60.74,168.98,81.57,9.4,5.6,1.2,1.0,12.1,11.89,18.57,7.62,8.5,12.92,29.62,17.7,7.1
2020-01-23,1599.7,1778.1,1811.2,1018.3,576.22,442.62,60.8,169.7,85.79,10.2,5.6,2.5,1.0,12.25,11.94,19.43,7.53,8.52,12.68,29.38,17.26,7.1
2020-01-24,1584.3,1797.2,1712.6,1064.1,579.29,450.36,60.66,169.51,86.3,8.7,5.9,2.7,1.0,12.0,11.69,18.78,7.24,8.47,12.05,29.73,16.84,7.1
2020-01-25,1537.2,1702.9,1681.8,1069.5,578.74,438.65,60.63,169.78,85.6,8.5,4.1,2.7,1.0,12.19,11.86,18.68,7.24,8.38,12.59,27.18,16.5,7.1
2020-01-26,1524.1,1708.6,1631.2,1078.9,573.17,446.96,60.7,171.76,83.79,6.3,5.2,2.9,1.0,11.71,11.27,17.51,7.25,8.66,11.99,28.66,16.5,7.1
2020-01-27,1539.3,1748.6,1655.8,1041.4,582.56,434.13,60.59,172.63,88.73,9.2,5.3,2.5,1.0,11.26,10.77,17.14,6.81,7.98,10.9,28.59,16.5,7.1
2020-01-28,1591.0,1934.8,1637.3,976.1,579.23,438.36,60.69,174.31,85.26,7.0,4.6,1.0,1.0,12.54,12.06,18.79,6.7,7.69,12.6,30.28,16.69,7.1
2020-01-29,1550.9,1783.0,1663.6,1021.9,553.25,439.58,60.66,175.51,87.81,7.9,5.4,2.9,1.0,11.16,10.78,17.73,7.28,8.58,11.53,29.6,16.5,7.1
2020-01-30,1560.7,1835.8,1629.1,1024.8,584.91,463.47,60.67,176.13,77.91,9.5,6.1,2.6,1.0,11.7,11.25,17.29,6.58,7.8,12.39,28.36,16.5,7.1
2020-01-31,1615.1,1996.0,1571.6,1066.6,584.99,451.59,60.64,176.78,75.0,9.6,4.6,1.8,1.0,12.36,12.05,18.8,7.12,8.06,13.03,30.0,16.59,7.1
2020-02-01,1622.2,2068.6,1521.6,1048.9,561.97,426.12,60.93,177.26,86.14,7.8,5.0,1.2,1.0,12.42,12.08,18.72,6.93,8.16,12.74,30.66,16.5,7.1
2020-02-02,1693.4,2145.8,1644.3,1038.4,574.26,435.6,60.98,176.89,79.3,7.9,4.3,3.7,1.0,12.86,12.52,20.07,7.41,8.48,13.16,30.4,16.5,7.1
2020-02-03,1719.9,2192.0,1643.8,1070.9,583.4,450.58,60.89,177.4,84.15,7.6,3.4,3.5,1.0,12.85,12.52,19.7,7.13,8.18,13.65,32.07,16.5,7.1
2020-02-04,1726.4,2314.1,1499.7,1103.2,570.94,453.07,61.05,178.5,83.79,7.0,5.7,3.1,1.0,13.02,12.81,19.83,7.39,8.53,13.05,31.15,16.5,7.1
2020-02-05,1661.2,2167.6,1456.4,1137.5,589.51,470.96,60.93,178.69,91.35,7.6,5.0,2.0,1.0,13.71,13.3,20.19,7.18,8.18,13.89,30.68,16.5,7.1
2020-02-06,1587.8,1995.5,1454.8,1121.6,609.32,469.31,61.01,179.39,86.6,6.5,5.0,1.0,1.0,12.53,12.3,18.31,6.64,7.55,13.49,29.53,16.5,7.2
2020-02-07,1628.7,1983.8,1566.9,1147.0,560.82,423.6,60.8,180.31,85.66,9.2,4.1,3.1,1.0,11.75,11.47,17.87,7.03,8.28,12.36,29.8,16.7,7.1
2020-02-08,1560.1,1735.4,1621.4,1193.8,551.14,433.11,60.67,180.34,88.35,8.9,4.8,2.8,1.0,11.65,11.47,18.33,7.56,8.39,11.86,26.42,16.5,7.1
2020-02-09,1586.6,1872.5,1546.8,1184.6,576.86,440.07,60.74,180.6,86.48,9.1,6.0,2.2,1.0,11.88,11.77,18.51,6.93,7.76,12.11,29.15,16.5,7.1
2020-02-10,1682.3,2001.6,1692.3,1157.3,583.99,449.29,60.89,180.58,83.17,7.3,5.0,3.4,1.0,12.37,12.08,18.84,7.38,8.62,13.11,30.83,16.5,7.1
2020-02-11,1665.9,1942.2,1672.6,1214.2,570.12,460.6,60.96,180.66,89.29,7.0,5.0,3.2,1.0,12.7,12.33,19.05,7.67,8.81,13.07,28.68,16.5,7.1
2020-02-12,1659.7,1892.5,1736.7,1179.6,595.58,474.48,61.0,180.49,80.56,8.5,5.2,2.6,1.0,12.26,11.9,18.48,7.37,8.67,12.54,28.54,16.84,7.1
2020-02-13,1626.9,1878.0,1642.1,1203.7,553.75,433.82,61.01,180.53,86.29,8.5,3.9,2.5,1.0,11.79,11.37,18.13,7.5,8.7,12.21,29.83,16.61,7.1
2020-02-14,1564.8,1877.7,1470.4,1196.1,583.35,439.75,60.85,181.72,78.81,8.2,5.6,2.5,1.0,12.48,12.03,18.88,6.75,7.5,12.76,30.21,16.66,7.1
2020-02-15,1510.8,1885.7,1369.9,1108.5,563.59,442.14,60.81,181.74,85.82,8.1,3.9,3.0,1.0,12.66,12.42,19.57,6.02,6.94,13.11,28.36,16.5,7.1
2020-02-16,1469.2,1940.5,1153.6,1157.1,598.4,479.5,60.79,182.28,85.77,10.5,4.2,1.8,1.0,12.75,12.22,18.73,6.74,7.85,12.55,30.98,16.5,7.1
2020-02-17,1475.2,1912.0,1294.4,1029.3,603.61,466.31,60.99,182.5,91.71,8.9,4.1,2.8,1.0,11.65,11.54,17.72,6.81,7.88,11.97,30.04,16.5,7.1
2020-02-18,1495.2,2007.5,1306.2,940.2,562.77,455.18,61.08,183.56,78.74,10.8,4.8,1.8,1.0,12.21,11.82,17.86,6.75,7.67,12.84,30.51,16.5,7.1
2020-02-19,1494.3,2043.5,1243.5,966.7,564.94,456.16,60.89,184.69,82.6,9.9,4.7,3.6,1.0,12.73,12.78,18.81,6.24,7.12,13.71,29.51,16.5,7.1
2020-02-20,1478.2,1961.6,1272.7,992.4,586.61,477.52,60.99,185.59,88.29,10.5,5.0,2.9,1.0,12.49,12.01,18.58,6.37,7.21,12.87,30.81,16.5,7.1
2020-02-21,1529.4,2097.3,1283.6,964.8,567.9,446.62,60.98,186.22,86.34,7.1,4.2,2.0,1.0,12.77,12.42,18.84,6.88,7.65,13.07,30.15,16.5,7.1
2020-02-22,1478.0,1929.8,1322.1,973.5,572.78,453.81,60.94,186.57,85.72,9.1,5.9,2.6,1.0,12.08,11.67,18.05,6.74,7.46,12.64,29.35,16.5,7.1
2020-02-23,1468.3,1909.8,1397.3,861.2,574.6,465.16,61.07,186.43,81.18,7.9,5.8,1.8,1.0,11.88,11.41,17.98,6.79,7.89,12.04,29.78,16.5,7.1
2020-02-24,1507.6,2007.2,1371.9,898.1,546.52,431.66,61.26,187.87,82.64,6.4,4.8,3.7,1.0,13.24,13.0,19.88,6.76,7.6,14.11,29.42,16.5,7.1
2020-02-25,1452.0,1913.6,1309.2,913.3,576.12,443.36,61.44,187.95,89.98,10.2,4.6,3.8,1.0,12.4,11.86,18.99,7.04,8.21,12.36,28.51,16.5,7.1
2020-02-26,1479.9,1938.2,1360.0,914.7,565.61,435.8,61.37,188.74,84.8,8.0,4.5,3.1,1.0,12.64,12.16,17.84,6.91,7.83,12.73,29.61,16.5,7.1
2020-02-27,1517.1,1987.0,1407.1,919.0,568.61,446.38,61.38,189.73,86.5,7.1,4.7,3.7,1.0,12.57,12.28,19.35,6.71,7.45,12.99,29.58,16.5,7.1
2020-02-28,1480.0,1878.9,1406.7,944.5,598.2,451.11,61.47,189.9,84.54,7.9,3.7,2.6,1.0,12.4,12.14,17.85,6.55,7.45,13.08,29.05,16.5,7.1
2020-02-29,1521.0,1862.7,1541.3,945.7,558.75,434.11,61.65,190.87,80.27,7.4,4.1,3.1,1.0,12.15,11.58,18.65,7.2,8.69,12.27,29.89,16.92,7.1
2020-03-01,1476.3,1837.9,1500.5,863.8,589.71,473.13,61.64,191.71,88.74,7.5,5.8,3.5,1.0,11.84,11.57,19.09,6.82,7.82,12.27,30.82,16.5,7.1
2020-03-02,1451.2,1770.8,1431.3,967.6,573.47,421.01,61.66,193.02,87.02,8.1,5.3,2.5,1.0,11.44,11.12,17.38,6.59,7.7,11.66,28.18,16.5,7.1
2020-03-03,1571.9,2020.7,1450.6,1023.4,572.87,465.25,61.56,193.23,94.23,10.4,6.5,2.6,1.0,12.82,12.3,19.32,7.24,8.37,13.15,30.12,16.5,7.1
2020-03-04,1499.2,1921.0,1398.1,965.8,588.27,472.32,61.45,193.03,80.94,7.5,4.7,3.3,1.0,12.53,12.04,18.64,7.08,7.86,12.73,29.4,16.5,7.1
2020-03-05,1544.6,2020.5,1423.7,952.1,582.44,448.79,61.61,193.22,88.29,10.3,4.7,3.0,1.0,13.05,12.36,19.81,6.99,8.32,12.89,31.57,16.5,7.1
2020-03-06,1497.2,1961.3,1362.1,943.8,587.25,464.57,61.84,193.76,79.76,9.3,4.6,1.9,1.0,12.83,12.71,19.28,6.48,7.4,13.45,30.16,16.5,7.1
2020-03-07,1446.0,1828.5,1331.0,995.0,593.44,462.92,61.88,194.23,85.63,8.8,4.7,1.0,1.0,11.94,11.73,17.59,7.19,8.01,12.45,29.86,16.5,7.1
2020-03-08,1465.6,1833.2,1450.2,898.9,575.02,463.28,62.07,194.46,88.91,9.2,4.4,2.4,1.001,12.55,11.98,18.84,7.18,8.15,13.35,29.87,16.5,7.1
2020-03-09,1474.5,1897.6,1415.3,880.4,571.37,457.46,62.17,193.94,76.72,8.3,5.2,1.0,1.001,12.59,12.34,18.39,6.77,7.75,12.84,29.46,16.5,7.1
2020-03-10,1471.6,1988.6,1356.4,805.7,564.06,423.17,62.13,194.6,84.19,9.8,5.0,1.7,1.001,12.8,12.33,19.01,6.59,7.73,12.83,29.63,16.5,7.1
2020-03-11,1557.9,2145.6,1427.9,799.7,568.53,450.5,62.23,196.02,82.75,9.0,4.5,1.8,1.001,13.81,13.53,20.32,6.88,7.78,14.41,31.55,16.5,7.1
2020-03-12,1648.4,2446.8,1352.2,785.5,626.63,486.31,62.48,196.67,82.2,6.3,6.1,2.1,1.001,14.84,14.32,21.82,6.75,8.28,15.0,33.11,16.65,7.1
2020-03-13,1629.8,2436.5,1302.9,796.6,601.33,470.03,62.53,197.4,86.55,8.6,6.7,3.2,1.001,14.23,13.75,20.55,7.27,8.17,14.43,31.76,16.5,7.1
2020-03-14,1593.0,2326.2,1338.1,776.7,563.9,431.1,62.79,198.1,89.49,9.2,6.1,3.3,1.001,13.71,13.26,20.15,6.59,7.7,13.78,30.93,16.5,7.1
2020-03-15,1613.8,2344.1,1395.5,750.7,562.56,459.78,62.48,198.72,84.47,7.9,5.5,2.9,1.001,13.94,13.42,20.64,6.52,7.1,14.14,31.23,16.5,7.1
2020-03-16,1623.8,2282.1,1469.1,787.3,590.56,473.12,62.64,199.6,85.83,8.4,5.7,3.0,1.001,13.3,13.11,19.94,7.39,8.48,13.81,32.2,16.5,7.1
2020-03-17,1639.7,2354.3,1412.0,815.4,591.89,452.8,62.7,200.21,85.46,7.5,6.7,3.0,1.001,13.52,13.24,20.22,6.75,7.84,13.83,32.77,16.5,7.1
2020-03-18,1588.7,2178.3,1444.5,847.1,591.97,445.72,62.71,200.46,85.01,6.6,5.7,1.0,1.001,13.45,13.06,19.99,7.15,8.0,13.84,32.35,16.5,7.1
2020-03-19,1669.4,2414.4,1406.8,845.2,580.27,447.98,62.77,200.47,80.65,6.4,4.5,2.5,1.001,13.54,13.28,19.77,7.02,8.38,13.59,31.54,16.5,7.1
2020-03-20,1671.9,2472.4,1361.7,825.5,580.94,458.35,62.56,200.75,89.44,6.4,5.4,1.1,1.001,14.21,13.54,20.98,6.76,7.86,14.73,32.38,16.5,7.1
2020-03-21,1608.6,2248.2,1436.1,827.0,587.86,461.41,62.58,201.3,86.19,9.0,5.6,2.9,1.001,13.45,12.86,19.97,6.68,7.62,13.61,31.0,16.5,7.1
2020-03-22,1558.9,2142.5,1393.7,856.3,584.79,471.17,62.67,201.54,86.59,5.2,4.1,1.0,1.002,12.78,12.47,19.56,6.83,7.94,13.2,30.59,16.5,7.1
2020-03-23,1567.5,2209.9,1407.0,764.3,551.66,439.77,62.92,202.09,81.78,7.4,4.7,2.4,1.002,13.14,12.86,20.12,6.49,7.34,13.92,31.32,16.5,7.1
2020-03-24,1617.4,2313.7,1411.9,790.9,581.38,465.11,62.9,202.7,83.17,7.3,6.0,3.0,1.002,14.01,13.63,20.14,6.86,8.14,14.66,31.48,16.5,7.1
2020-03-25,1528.4,2143.1,1337.0,812.9,571.71,449.85,62.84,203.51,84.31,7.8,3.4,1.6,1.002,13.06,12.38,19.65,6.9,8.13,13.06,31.44,16.5,7.1
2020-03-26,1574.9,2199.6,1397.8,823.3,587.0,441.19,62.82,204.54,78.87,5.9,3.9,3.3,1.002,13.28,12.73,20.14,7.28,8.45,13.75,30.67,16.5,7.1
2020-03-27,1490.7,1960.7,1429.8,823.9,630.15,489.17,63.0,204.96,78.26,8.6,4.8,2.9,1.002,12.87,12.55,18.67,6.75,7.88,13.73,30.74,16.5,7.1
2020-03-28,1407.6,1938.3,1295.3,715.8,591.43,474.04,63.09,204.68,82.61,6.6,5.3,2.8,1.002,12.69,12.67,19.08,6.61,7.31,13.06,29.48,16.5,7.1
2020-03-29,1456.1,2049.4,1313.4,706.7,581.09,452.63,63.07,204.89,87.1,9.5,3.8,3.1,1.003,12.68,12.49,19.25,6.55,7.83,13.5,29.02,16.5,7.1
2020-03-30,1430.4,1972.1,1262.8,798.3,600.3,474.27,63.19,205.28,82.4,7.4,4.9,2.2,1.003,12.78,12.64,18.47,6.71,7.69,13.02,29.36,16.5,7.1
2020-03-31,1386.9,1793.9,1335.9,807.4,594.08,459.56,63.25,204.74,80.94,8.0,6.0,2.7,1.003,11.76,11.46,17.55,6.38,7.54,12.47,29.17,16.7,7.1
2020-04-01,1357.4,1806.6,1241.0,801.8,594.18,451.11,63.43,205.8,81.75,8.1,5.1,2.5,1.003,11.88,11.58,17.76,6.35,7.45,12.02,30.4,16.5,7.1
2020-04-02,1324.6,1736.3,1220.9,811.1,596.72,463.96,63.38,206.23,83.19,8.4,5.9,2.5,1.004,11.74,11.23,17.71,6.13,7.25,11.64,28.54,16.5,7.1
2020-04-03,1368.0,1805.5,1248.5,835.4,618.5,486.14,63.39,206.79,83.6,8.2,4.5,2.0,1.004,12.43,12.2,17.96,6.3,7.03,13.16,29.28,16.5,7.1
2020-04-04,1339.5,1704.9,1255.2,872.9,570.66,437.25,63.38,207.83,93.68,7.6,4.3,1.6,1.004,11.83,11.46,18.15,6.38,7.16,12.27,28.74,16.5,7.1
2020-04-05,1323.9,1622.1,1308.0,869.3,593.87,460.39,63.24,207.87,89.23,8.5,5.8,2.3,1.004,11.59,11.35,16.48,7.12,8.64,11.68,27.86,16.5,7.1
2020-04-06,1210.0,1406.3,1210.5,895.4,573.39,435.97,63.32,208.5,89.12,8.7,5.3,2.2,1.005,11.18,10.85,17.29,6.56,7.24,11.29,26.67,16.5,7.1
2020-04-07,1284.5,1442.6,1323.3,977.1,596.11,478.39,63.41,208.8,89.69,7.2,3.9,2.0,1.005,11.27,10.97,17.24,6.75,7.55,11.18,27.44,16.5,7.1
2020-04-08,1308.5,1441.1,1358.5,1026.4,574.28,444.41,63.46,209.05,81.02,8.6,4.3,3.2,1.005,10.94,10.59,16.33,7.09,8.16,10.56,26.88,16.5,7.1
2020-04-09,1320.7,1326.9,1446.9,1134.3,581.91,471.32,63.48,209.01,80.13,9.5,6.4,1.6,1.006,10.38,10.1,16.41,7.03,8.09,10.55,26.0,16.5,7.1
2020-04-10,1349.5,1370.9,1500.3,1104.2,582.92,473.02,63.34,210.18,80.59,8.9,4.2,2.4,1.006,10.59,10.42,15.9,7.15,8.12,10.72,26.49,16.5,7.1
2020-04-11,1419.9,1504.6,1494.4,1180.2,601.94,468.54,63.33,210.33,90.36,9.2,5.9,3.5,1.007,10.82,10.31,16.73,6.95,8.12,10.53,28.15,16.5,7.1
2020-04-12,1376.0,1495.4,1406.1,1143.0,601.09,456.75,63.33,211.01,82.83,8.3,4.6,3.3,1.007,11.36,10.79,17.35,6.74,7.94,11.66,28.12,16.5,7.1
2020-04-13,1384.7,1540.2,1368.5,1158.5,568.29,418.24,63.27,210.4,80.02,6.9,5.0,3.6,1.007,10.99,10.73,16.81,6.42,7.38,10.96,28.46,16.5,7.1
2020-04-14,1446.6,1583.7,1472.7,1190.7,587.96,440.94,63.3,211.31,83.3,7.1,5.3,2.1,1.008,11.33,11.2,16.93,6.84,7.82,11.76,28.82,16.5,7.1
2020-04-15,1422.5,1462.9,1559.6,1166.1,577.09,433.65,63.4,212.16,84.07,8.4,3.1,3.2,1.008,11.07,10.99,16.88,7.06,8.11,11.75,26.72,16.5,7.1
2020-04-16,1504.8,1707.2,1513.0,1169.4,570.62,461.63,63.71,212.53,86.1,9.2,3.7,1.7,1.009,12.15,11.6,18.51,7.11,8.08,12.11,27.95,16.5,7.1
2020-04-17,1431.1,1661.8,1325.7,1209.6,586.67,458.99,63.78,212.73,86.03,11.4,5.1,2.4,1.01,12.04,11.62,17.69,6.71,7.38,11.95,27.91,16.5,7.1
2020-04-18,1451.6,1743.0,1315.4,1175.9,585.78,461.59,63.86,213.24,81.71,9.2,4.4,2.5,1.01,11.93,11.35,17.97,6.61,7.66,12.06,28.66,16.5,7.1
2020-04-19,1501.1,1833.0,1301.0,1250.4,627.04,462.44,63.9,214.69,87.77,6.6,5.9,2.2,1.011,12.82,12.35,18.73,6.55,7.68,13.12,29.2,16.5,7.1
2020-04-20,1475.4,1819.0,1289.9,1185.4,595.92,450.44,63.69,214.11,82.47,7.1,3.6,2.3,1.011,11.5,11.33,17.7,6.78,7.76,12.27,29.12,16.5,7.1
2020-04-21,1538.8,1888.2,1330.1,1272.0,569.02,454.48,63.74,214.8,84.4,10.8,5.5,2.2,1.012,12.95,12.56,19.92,6.56,7.09,13.78,28.74,16.5,7.1
2020-04-22,1581.4,1914.8,1391.6,1314.0,581.55,457.05,63.8,214.64,87.78,7.8,3.8,1.9,1.013,12.66,12.22,18.8,6.92,7.84,12.79,30.07,16.5,7.1
2020-04-23,1539.8,1757.5,1458.3,1305.7,607.55,472.13,64.18,214.93,82.46,8.1,4.7,3.3,1.014,12.12,11.83,18.74,6.54,7.7,12.5,28.43,16.69,7.4
2020-04-24,1532.6,1727.9,1487.2,1283.7,623.7,493.26,64.2,215.09,82.75,6.9,4.1,2.5,1.014,11.75,11.28,17.8,7.19,7.99,11.52,28.41,16.64,7.1
2020-04-25,1461.5,1669.5,1369.2,1257.8,569.1,463.53,64.29,215.16,87.4,9.9,6.7,2.8,1.015,11.51,11.41,16.97,6.94,8.12,12.17,28.58,16.5,7.1
2020-04-26,1437.7,1631.0,1351.2,1249.5,564.95,438.01,64.34,215.44,81.6,8.6,3.8,2.8,1.016,11.75,11.4,17.48,6.87,7.81,12.0,28.48,16.5,7.1
2020-04-27,1439.4,1502.4,1506.0,1245.5,620.58,484.89,64.23,215.15,83.5,7.1,4.9,2.7,1.017,11.63,11.22,17.8,7.09,8.15,11.62,27.77,16.78,7.1
2020-04-28,1519.6,1648.0,1529.6,1300.4,599.54,469.96,64.43,215.94,87.26,6.8,3.5,2.8,1.018,11.97,11.7,17.44,7.36,8.32,12.05,28.99,17.15,7.1
2020-04-29,1625.3,1839.1,1552.0,1385.9,581.55,482.31,64.58,215.31,93.25,8.4,6.5,2.5,1.019,11.95,11.73,18.54,6.81,7.6,12.3,29.71,16.5,7.23
2020-04-30,1679.0,1952.5,1573.4,1389.4,603.5,445.54,64.74,215.85,87.46,8.1,5.4,3.9,1.02,12.29,12.16,18.78,7.2,8.56,12.97,31.19,16.5,7.1
2020-05-01,1732.9,2093.0,1597.8,1345.8,555.52,441.5,64.66,215.95,86.93,9.0,5.2,3.3,1.021,12.88,12.47,20.01,7.1,8.32,13.0,30.66,16.84,7.1
2020-05-02,1652.8,2049.2,1439.6,1317.2,596.49,463.88,64.9,215.62,87.16,8.7,6.4,2.8,1.022,13.13,12.9,19.91,7.21,8.42,13.57,31.47,16.5,7.1
2020-05-03,1616.5,1976.1,1427.3,1305.8,600.54,475.23,64.76,215.98,80.75,7.7,5.2,2.4,1.023,12.67,12.31,19.07,6.44,7.58,13.06,30.09,17.03,7.1
2020-05-04,1571.0,1891.5,1429.0,1256.9,610.24,468.1,64.89,215.45,85.51,7.4,5.2,2.7,1.024,12.99,12.51,19.28,6.7,7.81,12.72,30.64,16.81,7.1
2020-05-05,1618.8,1968.2,1516.6,1202.7,583.16,454.28,65.24,215.72,84.93,7.8,5.2,3.1,1.026,12.59,12.09,19.73,7.5,8.81,12.53,30.76,16.5,7.1
2020-05-06,1655.0,1995.6,1520.9,1297.8,599.17,475.89,65.15,215.25,86.33,7.3,5.6,4.0,1.027,12.72,12.18,20.2,6.5,7.35,12.75,30.04,16.94,7.1
2020-05-07,1618.1,1988.8,1415.1,1309.4,583.84,492.75,65.13,215.72,85.52,7.9,4.6,1.7,1.028,12.87,12.38,19.1,7.08,8.42,13.6,29.5,16.5,7.1
2020-05-08,1678.0,2133.7,1448.9,1269.6,601.92,479.19,65.19,215.49,86.57,8.0,4.9,3.4,1.03,13.56,13.32,20.68,6.81,8.09,13.87,30.5,16.5,7.1
2020-05-09,1686.4,2174.0,1401.4,1305.3,584.55,445.77,65.17,215.5,83.81,6.9,5.8,3.7,1.031,12.7,12.42,18.69,6.92,8.03,13.29,31.13,16.5,7.1
2020-05-10,1608.2,2076.1,1329.2,1250.4,590.93,455.84,65.01,215.88,85.29,8.8,5.3,1.7,1.033,12.53,11.96,18.4,7.09,8.1,12.49,29.7,16.5,7.17
2020-05-11,1550.3,2000.9,1285.1,1200.8,582.46,448.87,65.07,215.71,80.15,7.6,5.0,2.7,1.034,12.56,11.92,18.46,6.71,7.47,12.47,29.7,16.5,7.1
2020-05-12,1589.9,2079.8,1332.5,1166.1,606.61,451.61,64.97,215.9,83.78,7.0,3.8,2.0,1.036,14.1,13.51,21.05,7.14,8.26,13.83,31.39,16.53,7.1
2020-05-13,1687.5,2195.0,1424.9,1243.1,610.38,472.14,65.09,215.36,90.62,7.6,6.4,3.3,1.037,13.25,12.73,19.28,6.84,8.2,13.82,31.65,16.5,7.13
2020-05-14,1720.6,2251.0,1463.5,1232.0,593.55,471.76,65.01,215.89,86.34,8.3,4.5,2.6,1.039,13.38,12.94,20.71,6.9,7.7,13.45,29.8,16.5,7.1
2020-05-15,1790.5,2452.7,1510.5,1122.9,599.14,452.04,65.27,216.98,84.98,8.1,6.0,2.9,1.041,14.24,13.99,21.64,7.29,8.59,15.26,31.5,16.5,7.1
2020-05-16,1882.7,2616.0,1545.6,1181.5,576.51,462.26,65.21,218.58,92.65,8.5,5.2,2.6,1.042,14.74,14.21,22.22,6.99,7.95,15.46,34.35,16.63,7.1
2020-05-17,1893.0,2640.3,1555.4,1170.1,593.78,469.0,65.22,218.82,79.63,9.1,3.9,3.6,1.044,14.6,14.41,21.62,7.31,8.33,15.5,34.0,16.5,7.1
2020-05-18,1843.0,2523.2,1603.8,1089.8,598.44,457.98,65.38,219.41,80.63,9.6,6.2,3.2,1.046,14.63,13.94,22.25,7.56,8.46,15.28,32.33,16.5,7.1
2020-05-19,1721.3,2360.6,1448.0,1080.9,637.83,495.81,65.26,218.71,91.93,8.3,5.3,3.2,1.048,13.51,13.05,18.84,7.29,8.23,14.97,31.33,16.5,7.1
2020-05-20,1712.9,2308.1,1463.2,1110.1,582.3,473.38,65.34,219.65,85.26,6.7,6.3,3.2,1.05,13.27,12.99,20.06,6.57,7.68,14.09,30.68,16.54,7.1
2020-05-21,1728.0,2384.2,1403.0,1133.2,622.26,494.16,65.57,220.22,84.11,7.7,4.9,3.5,1.052,14.34,14.03,21.24,6.87,8.05,14.64,32.59,16.5,7.1
2020-05-22,1855.7,2575.0,1488.9,1218.4,614.27,479.24,65.4,220.16,80.29,6.8,5.7,2.9,1.054,14.44,13.96,20.6,7.16,8.28,15.5,34.4,16.57,7.1
2020-05-23,1856.5,2601.9,1486.5,1181.9,603.96,468.24,65.47,220.95,86.88,10.0,3.5,4.5,1.056,14.03,13.76,21.08,7.0,7.95,14.94,34.39,16.5,7.1
2020-05-24,1904.6,2710.5,1496.1,1187.0,626.62,489.68,65.56,221.0,87.27,10.4,4.7,2.2,1.058,14.41,14.1,21.69,7.15,8.01,15.92,32.88,16.5,7.1
2020-05-25,1845.1,2658.6,1405.8,1158.4,606.72,467.1,65.71,220.94,80.71,8.8,4.0,1.8,1.061,14.36,13.83,20.37,6.99,8.05,14.84,33.26,16.5,7.1
2020-05-26,1874.5,2705.3,1483.2,1092.9,606.29,447.65,65.6,221.34,84.53,9.0,4.8,1.8,1.063,14.78,14.38,21.34,6.93,7.89,15.93,33.12,16.7,7.1
2020-05-27,1929.9,2772.2,1532.5,1138.6,598.91,491.66,65.47,220.96,83.76,8.3,5.6,1.6,1.065,15.1,14.75,23.31,7.08,8.19,15.95,34.02,16.5,7.1
2020-05-28,1853.6,2528.0,1575.6,1164.0,618.75,484.49,65.59,221.63,86.12,8.4,4.6,3.8,1.068,14.21,13.69,21.19,6.97,7.95,15.56,32.06,16.5,7.19
2020-05-29,1817.4,2468.6,1528.1,1180.6,617.37,486.32,65.68,221.25,80.63,6.1,5.9,3.7,1.07,14.28,14.11,21.74,7.05,8.05,15.03,32.27,17.04,7.1
2020-05-30,1845.8,2562.7,1485.4,1203.2,592.02,461.08,65.76,220.87,90.12,7.9,4.4,4.3,1.072,14.16,13.61,21.57,6.65,7.68,15.61,32.27,16.5,7.1
2020-05-31,1853.4,2578.3,1509.4,1175.2,582.17,445.27,65.85,220.55,88.77,6.9,5.9,2.5,1.075,14.74,14.32,22.05,7.08,8.21,15.53,33.16,16.5,7.1
2020-06-01,1771.7,2431.7,1473.1,1133.6,598.67,464.73,65.81,221.07,83.66,8.3,6.3,4.0,1.077,14.86,14.22,22.43,6.97,8.26,15.45,31.93,16.5,7.1
2020-06-02,1677.1,2157.2,1511.9,1140.3,590.18,441.15,65.89,220.89,84.25,7.9,6.1,3.4,1.08,13.01,12.63,18.64,6.84,7.8,14.0,30.59,16.59,7.1
2020-06-03,1632.2,2123.9,1380.7,1197.4,601.74,496.68,65.98,220.35,84.58,10.3,4.9,3.6,1.082,13.27,12.71,19.62,7.3,8.51,13.3,31.11,16.5,7.1
2020-06-04,1645.6,2125.2,1363.7,1272.9,620.98,469.55,65.93,220.17,82.01,9.1,3.3,4.0,1.085,13.32,12.88,18.38,6.81,8.2,13.99,32.04,16.5,7.2
2020-06-05,1666.0,2037.4,1496.2,1309.6,597.31,453.52,66.24,220.27,83.36,8.3,5.7,2.9,1.088,12.88,12.26,18.61,7.13,8.32,12.96,31.69,16.5,7.1
2020-06-06,1692.0,2067.4,1535.3,1310.8,604.18,465.98,66.35,219.8,84.05,7.7,5.1,5.6,1.09,13.18,12.9,19.61,6.99,8.27,13.72,30.83,16.5,7.1
2020-06-07,1729.6,2136.3,1555.5,1322.8,605.05,487.39,66.24,219.33,91.59,10.0,4.3,4.6,1.093,13.32,12.97,19.77,7.09,8.03,13.82,30.82,17.05,7.25
2020-06-08,1811.4,2220.2,1693.2,1322.8,617.7,481.98,66.38,220.49,88.93,8.0,4.7,3.1,1.096,13.28,13.04,20.25,7.56,8.55,14.1,32.27,16.5,7.1
2020-06-09,1646.7,1967.4,1544.8,1276.2,570.8,430.39,66.29,220.17,88.89,8.4,6.5,2.7,1.098,12.98,12.54,19.6,7.0,8.02,13.42,30.47,16.75,7.1
2020-06-10,1582.0,1842.3,1501.4,1278.3,596.3,480.17,66.45,220.1,86.63,8.1,4.2,3.6,1.101,12.34,12.14,18.76,7.07,8.12,12.62,29.92,16.5,7.1
2020-06-11,1559.1,1834.8,1486.9,1219.2,609.77,484.39,66.65,220.01,80.69,7.5,5.6,3.8,1.104,12.18,11.82,18.53,7.28,8.58,12.52,28.42,16.5,7.1
2020-06-12,1618.2,1924.5,1555.1,1216.3,624.24,493.37,66.59,219.89,85.0,8.0,5.4,4.5,1.106,13.48,13.09,20.43,7.11,8.03,13.05,30.81,16.64,7.1
2020-06-13,1691.2,2001.0,1621.9,1292.8,599.9,476.51,66.77,220.29,89.05,5.6,4.9,2.8,1.109,12.7,12.64,18.93,6.97,7.99,13.68,30.39,17.09,7.14
2020-06-14,1712.0,2072.1,1573.0,1330.4,579.74,480.93,66.88,220.84,80.14,6.1,5.8,4.0,1.112,12.95,12.49,19.28,6.78,8.01,13.8,29.73,17.09,7.1
2020-06-15,1717.0,2045.9,1647.4,1288.3,618.11,508.35,67.04,220.76,87.73,8.4,6.7,2.6,1.115,13.01,12.8,19.79,7.75,8.96,13.63,30.12,17.29,7.1
2020-06-16,1702.2,2027.5,1628.0,1285.8,601.06,460.58,67.34,220.22,94.48,9.9,5.0,4.2,1.117,12.78,12.47,19.46,7.55,8.68,12.76,30.68,17.41,7.1
2020-06-17,1698.8,1966.3,1714.5,1249.0,592.84,481.9,67.36,220.92,89.44,8.4,5.0,3.8,1.12,12.77,12.3,19.11,7.62,8.81,13.26,28.29,16.91,7.1
2020-06-18,1719.4,2073.0,1651.8,1248.1,601.01,473.39,67.31,220.94,90.85,7.1,5.8,5.4,1.123,12.66,12.08,19.84,7.25,8.11,12.68,30.44,16.5,7.15
2020-06-19,1697.7,1989.0,1651.0,1296.9,607.2,479.6,67.24,221.86,86.08,6.3,6.1,2.7,1.125,12.95,12.4,20.06,7.04,7.87,13.21,29.75,17.33,7.1
2020-06-20,1742.7,2104.2,1626.5,1326.8,600.54,448.12,67.17,220.79,89.08,8.9,5.1,5.0,1.128,12.42,12.22,18.61,7.24,8.01,13.27,30.18,17.31,7.62
2020-06-21,1813.2,2143.4,1703.7,1438.2,576.76,447.83,67.21,220.94,82.35,7.3,5.0,2.6,1.131,12.6,12.48,19.26,7.37,8.52,13.5,30.34,17.15,7.4
2020-06-22,1819.6,2153.0,1675.3,1488.1,623.85,476.85,67.31,221.94,88.41,8.8,3.3,2.9,1.133,13.92,13.51,21.95,7.18,8.44,14.64,30.18,17.21,7.31
2020-06-23,1798.8,2095.1,1679.5,1492.0,630.02,501.35,67.4,221.81,87.85,8.5,4.6,2.7,1.136,12.7,12.34,19.52,7.11,8.33,13.21,31.6,17.65,7.66
2020-06-24,1766.4,1963.4,1719.3,1517.1,621.6,497.7,67.56,221.73,86.4,8.6,4.3,4.3,1.138,12.04,11.8,18.82,7.1,8.4,12.61,28.81,17.18,7.14
2020-06-25,1758.1,1916.5,1760.2,1501.9,595.06,439.25,67.61,221.91,90.51,8.0,5.9,3.1,1.141,12.05,11.7,18.45,7.71,9.16,12.66,29.81,16.94,7.14
2020-06-26,1761.8,1907.1,1821.8,1445.4,610.53,475.95,67.85,221.66,83.1,8.5,5.1,3.0,1.143,13.13,12.9,20.1,7.4,8.53,13.53,29.25,17.58,7.27
2020-06-27,1687.6,1674.0,1837.1,1500.2,613.53,492.02,67.87,221.53,84.51,7.9,5.0,4.3,1.146,11.24,10.95,18.46,7.81,8.97,11.34,29.98,17.52,7.1
2020-06-28,1695.5,1691.7,1811.0,1539.9,625.03,485.28,68.28,221.38,85.65,7.2,5.3,4.5,1.148,11.63,11.3,18.3,7.61,9.05,12.03,28.91,17.72,7.1
2020-06-29,1740.1,1832.1,1790.6,1522.2,626.84,497.69,68.42,221.08,81.16,6.8,4.5,4.2,1.15,11.86,11.4,18.49,7.83,8.86,11.75,28.22,17.17,7.1
2020-06-30,1781.0,1926.3,1795.5,1528.2,605.42,476.44,68.35,221.7,86.2,5.1,6.7,4.1,1.153,12.46,11.94,19.32,7.72,8.64,12.64,30.21,17.57,7.23
2020-07-01,1789.1,1899.0,1814.8,1577.5,617.11,485.45,68.26,221.94,78.42,7.8,6.5,5.7,1.155,12.37,11.53,20.38,7.64,8.72,11.85,29.12,17.67,7.51
2020-07-02,1807.7,1932.9,1807.7,1607.5,623.4,483.0,68.37,222.06,89.49,9.8,6.8,4.4,1.157,12.48,12.29,19.38,7.74,8.8,12.84,30.7,17.37,7.37
2020-07-03,1776.9,1899.0,1811.7,1532.7,638.49,483.43,68.39,222.46,85.5,8.9,5.9,4.9,1.159,13.26,12.84,20.03,7.72,8.89,13.34,30.44,16.99,7.1
2020-07-04,1762.5,1944.4,1715.8,1536.9,628.07,476.43,68.53,222.32,83.24,8.3,5.3,4.4,1.161,12.28,11.85,18.66,7.39,8.33,12.3,31.12,17.66,7.47
2020-07-05,1854.9,2140.6,1765.8,1522.4,629.99,499.91,68.65,221.92,82.0,7.1,6.8,3.4,1.163,13.23,12.54,20.64,7.89,9.14,13.72,31.26,16.58,7.65
2020-07-06,1921.0,2264.3,1782.2,1566.0,619.64,483.55,68.69,221.61,84.41,9.2,4.7,4.8,1.164,13.69,13.19,20.29,7.54,8.56,14.4,32.18,16.69,7.21
2020-07-07,1982.2,2332.5,1851.4,1604.6,639.17,496.89,68.62,221.59,88.11,7.9,4.5,3.8,1.166,13.51,12.99,21.0,7.8,9.22,14.35,32.2,17.56,7.91
2020-07-08,1976.6,2285.9,1852.8,1654.9,623.25,481.05,68.47,221.03,87.56,9.9,4.8,4.3,1.168,13.82,13.29,20.89,7.43,8.31,14.15,31.4,16.5,7.75
2020-07-09,1959.3,2378.4,1741.1,1594.0,604.13,467.56,68.46,220.75,82.56,6.8,5.8,4.6,1.169,13.7,13.33,20.03,7.6,8.71,14.19,32.75,17.73,7.12
2020-07-10,1870.1,2198.3,1723.6,1550.0,639.05,511.02,68.62,220.46,82.01,7.1,4.7,2.9,1.171,13.6,13.21,20.27,7.43,8.48,14.31,30.71,17.14,7.24
2020-07-11,1873.1,2184.9,1717.1,1592.6,628.92,486.54,68.7,221.48,88.03,7.0,5.2,3.1,1.172,13.35,12.75,20.38,7.43,8.59,13.66,31.32,17.82,7.37
2020-07-12,1915.3,2264.2,1772.2,1557.2,611.12,460.58,68.58,220.05,82.52,6.2,3.9,5.2,1.173,12.82,12.24,20.39,7.4,8.69,13.24,31.19,17.99,7.29
2020-07-13,1887.7,2356.7,1642.2,1481.0,610.99,485.5,68.65,219.91,85.66,6.9,5.8,3.9,1.174,14.26,13.64,21.86,7.33,8.49,13.82,32.56,16.66,7.1
2020-07-14,1928.7,2436.8,1654.7,1499.4,623.22,483.65,68.75,220.72,85.93,8.1,4.0,4.0,1.176,14.81,14.63,22.06,6.92,7.93,15.81,31.91,17.52,7.1
2020-07-15,1949.9,2471.6,1697.3,1468.7,625.32,488.12,68.68,220.73,86.7,7.1,4.5,4.6,1.176,14.13,13.93,21.8,7.67,8.96,15.13,32.45,16.5,7.1
2020-07-16,1947.9,2450.5,1661.8,1544.0,621.73,504.24,68.75,221.05,88.9,3.4,6.4,4.2,1.177,13.8,13.26,20.72,7.42,8.7,14.3,32.61,17.07,7.82
2020-07-17,1978.4,2511.2,1675.6,1549.8,623.77,486.3,68.81,221.03,80.43,9.3,6.4,4.8,1.178,14.82,14.08,21.59,7.34,8.5,15.37,33.86,16.67,7.42
2020-07-18,1924.3,2404.8,1643.1,1549.3,644.0,505.79,68.71,220.63,77.85,6.0,5.7,4.5,1.179,14.74,14.32,22.1,7.06,8.2,15.44,32.22,17.29,7.21
2020-07-19,1869.2,2315.4,1605.3,1525.0,635.13,481.26,68.8,219.43,83.24,8.7,5.6,4.7,1.179,13.73,13.32,20.01,7.47,8.72,14.05,31.79,17.23,7.24
2020-07-20,1885.8,2330.1,1589.7,1589.5,622.65,483.03,68.93,219.46,92.73,8.0,4.9,3.9,1.179,13.7,13.34,20.98,7.14,7.88,14.22,31.12,16.59,7.53
2020-07-21,1885.9,2356.1,1555.1,1596.6,635.04,502.65,69.12,218.99,93.63,10.5,4.7,4.7,1.18,13.87,13.57,21.17,7.59,8.66,14.22,31.61,16.92,7.37
2020-07-22,1820.9,2160.9,1612.3,1568.9,606.54,454.44,69.32,218.5,92.88,9.2,5.0,5.4,1.18,12.64,12.33,18.87,7.42,8.61,13.65,31.28,17.1,7.2
2020-07-23,1822.8,2226.1,1575.0,1524.7,627.21,491.63,69.18,218.16,84.8,7.4,4.0,4.1,1.18,13.4,12.83,20.27,7.67,8.76,14.02,31.55,16.75,7.19
2020-07-24,1842.5,2322.7,1528.2,1514.1,647.93,506.59,69.1,218.93,78.46,7.2,5.6,5.2,1.18,14.46,14.07,21.6,7.28,8.32,14.73,32.24,17.93,7.48
2020-07-25,1874.0,2320.9,1656.7,1463.2,618.21,482.7,69.22,220.04,76.23,9.8,5.4,4.5,1.18,13.67,13.39,21.09,7.68,8.91,14.51,33.04,16.75,7.1
2020-07-26,2016.1,2588.6,1727.5,1504.0,609.45,487.82,69.34,220.04,83.16,6.2,4.5,5.1,1.179,14.09,13.56,20.81,7.64,8.86,14.77,32.05,17.78,7.1
2020-07-27,1920.7,2506.4,1611.9,1415.9,613.08,482.21,69.46,219.7,84.84,8.2,6.8,4.6,1.179,14.41,14.02,21.87,7.2,8.38,14.86,34.27,17.24,7.1
2020-07-28,1887.0,2463.4,1572.1,1405.5,609.81,493.39,70.03,219.0,90.86,7.8,5.9,4.5,1.179,13.87,13.37,20.23,7.28,8.21,14.45,33.29,16.5,7.1
2020-07-29,1884.4,2418.6,1599.2,1429.1,615.12,467.87,70.15,219.11,89.15,7.6,6.0,4.8,1.178,13.97,13.85,21.35,7.09,7.87,15.09,32.15,17.39,7.1
2020-07-30,1894.9,2410.8,1630.4,1439.8,622.51,487.19,70.36,219.88,86.6,8.4,4.9,5.5,1.177,13.56,12.96,20.99,7.89,9.23,14.27,32.65,17.31,7.4
2020-07-31,1840.6,2375.4,1542.3,1402.5,608.02,475.27,70.53,219.64,82.15,8.2,5.4,4.7,1.176,13.48,13.25,19.96,7.15,8.07,14.94,31.63,16.5,7.34
2020-08-01,1816.6,2222.9,1629.6,1428.3,630.13,478.67,70.67,218.32,81.89,8.5,5.9,4.8,1.176,13.76,13.1,21.32,7.4,8.34,14.01,31.75,17.01,7.24
2020-08-02,1806.9,2172.3,1691.7,1383.7,643.47,513.38,70.68,218.52,86.77,8.2,5.5,4.2,1.174,13.45,13.32,19.76,7.64,8.6,14.08,32.82,17.32,7.19
2020-08-03,1819.2,2173.3,1728.8,1379.3,617.2,509.31,70.83,218.87,88.56,8.5,6.8,5.7,1.173,13.03,12.47,20.47,7.27,8.59,13.52,30.76,17.7,7.1
2020-08-04,1916.6,2319.8,1821.1,1405.2,653.28,509.36,70.78,217.93,87.36,8.1,5.2,4.9,1.172,13.92,13.53,21.93,8.13,9.39,14.4,32.09,17.28,7.1
2020-08-05,2029.5,2565.7,1850.7,1421.9,638.26,503.9,70.79,217.88,81.68,7.2,4.9,4.5,1.171,14.3,13.63,21.99,7.56,8.77,14.56,32.81,18.26,7.22
2020-08-06,2085.7,2703.7,1878.7,1386.7,645.96,504.86,70.78,217.95,88.44,8.0,5.9,4.3,1.169,14.67,14.02,22.28,7.58,8.85,14.93,33.67,17.05,7.22
2020-08-07,2092.2,2602.2,1977.5,1436.9,620.98,475.8,70.84,217.76,87.57,7.1,4.2,5.2,1.168,14.95,14.64,23.04,7.97,9.16,14.68,33.05,16.82,7.1
2020-08-08,2079.4,2514.2,2042.4,1435.5,645.77,481.85,71.2,217.2,81.61,7.1,6.2,3.9,1.166,14.67,14.39,22.36,7.87,9.26,15.63,32.41,18.33,7.1
2020-08-09,2054.0,2489.2,1978.3,1463.6,615.39,471.54,71.0,217.55,82.78,7.6,4.2,2.9,1.164,14.19,13.8,23.08,8.39,9.41,14.35,32.53,18.3,7.1
2020-08-10,2157.5,2678.9,2012.4,1526.3,645.95,487.14,71.14,217.18,88.69,7.9,5.9,4.4,1.163,14.92,14.58,22.65,8.08,9.07,15.45,33.97,17.86,7.42
2020-08-11,2136.0,2644.3,1960.5,1568.4,634.2,515.12,70.97,216.26,85.03,8.0,4.7,5.3,1.161,14.72,14.43,23.16,7.21,8.06,15.64,33.39,16.61,7.44
2020-08-12,2090.9,2483.1,1986.5,1609.4,639.83,497.69,70.95,215.06,92.35,9.1,5.7,5.6,1.159,14.46,13.92,21.93,8.12,9.43,14.85,31.42,17.1,7.8
2020-08-13,2073.3,2420.5,2009.4,1607.4,615.04,475.58,71.15,215.51,88.02,7.4,6.1,4.2,1.157,13.72,13.1,22.05,8.19,9.52,14.77,32.27,17.97,7.23
2020-08-14,2076.3,2499.0,1910.2,1632.4,619.58,493.95,71.21,215.63,84.1,8.2,5.4,4.3,1.155,14.55,14.11,23.16,7.78,8.85,14.68,32.76,17.51,7.41
2020-08-15,2097.9,2565.9,1896.8,1630.5,641.41,486.84,71.11,215.49,86.03,8.1,4.2,4.6,1.153,14.65,14.13,22.55,7.57,8.66,15.87,34.57,18.25,7.54
2020-08-16,2071.7,2531.0,1908.8,1564.6,617.95,472.8,71.07,215.08,86.36,7.3,4.5,4.0,1.15,14.24,13.87,21.98,7.85,9.28,15.35,32.95,17.54,7.23
2020-08-17,2086.1,2594.7,1874.6,1568.7,639.94,499.97,71.21,214.62,83.22,8.1,4.6,4.6,1.148,14.43,14.08,21.62,7.75,8.77,15.46,34.07,17.17,7.64
2020-08-18,1986.0,2329.5,1890.2,1570.5,612.2,489.86,71.16,213.88,82.51,9.2,3.6,4.1,1.146,14.02,13.5,21.05,7.58,8.78,14.87,31.62,17.57,7.67
2020-08-19,2010.1,2338.6,1936.9,1587.0,645.89,509.81,71.24,213.46,89.0,8.2,6.3,4.9,1.143,13.85,13.54,21.51,7.73,8.75,14.6,33.11,18.26,7.2
2020-08-20,2039.3,2430.1,1927.2,1570.9,615.0,482.68,71.29,212.19,89.61,8.3,5.4,4.7,1.141,13.78,13.47,21.93,7.94,9.35,13.97,31.8,18.21,7.26
2020-08-21,1990.7,2330.3,1934.1,1526.7,641.55,501.34,71.25,211.61,88.67,7.2,4.3,4.7,1.138,13.72,13.42,20.96,8.21,9.56,14.52,32.51,17.66,7.7
2020-08-22,1986.3,2234.7,2015.9,1547.6,644.61,507.6,71.59,211.23,92.35,10.4,6.6,3.9,1.136,13.87,13.39,22.52,8.26,9.21,13.82,32.29,17.99,7.49
2020-08-23,1894.1,2030.1,2035.0,1479.2,625.56,490.35,71.73,211.32,84.16,7.2,4.6,5.5,1.133,12.37,12.12,19.31,7.7,8.8,12.75,31.01,18.28,7.28
2020-08-24,1982.9,2215.5,2035.3,1537.5,643.44,489.52,71.5,211.07,93.06,6.0,5.5,4.4,1.131,13.41,13.09,21.06,8.33,9.16,13.94,33.04,17.62,7.48
2020-08-25,1920.4,2137.1,1960.1,1518.0,639.05,499.01,71.58,211.24,82.79,9.0,4.5,4.1,1.128,13.67,13.36,21.29,8.22,9.63,13.88,30.83,18.14,7.51
2020-08-26,1945.0,2167.9,1993.5,1520.5,626.83,476.04,71.54,211.68,82.38,7.9,3.4,3.3,1.125,13.27,13.13,20.66,8.4,10.07,14.25,32.16,17.67,7.42
2020-08-27,1980.0,2236.6,2003.2,1537.0,620.73,485.15,71.7,211.98,79.43,7.6,4.0,3.8,1.123,13.6,13.24,20.23,7.82,8.56,14.06,32.27,17.73,7.38
2020-08-28,2075.1,2401.4,2074.2,1554.4,606.09,466.98,71.64,211.97,84.73,7.3,4.8,3.9,1.12,14.29,13.77,21.9,8.14,9.07,14.87,32.22,17.87,7.32
2020-08-29,2041.6,2374.2,2061.7,1481.2,640.97,530.43,71.68,211.73,84.53,10.2,6.0,3.2,1.117,14.29,13.7,22.25,8.36,9.65,14.65,33.59,18.12,7.63
2020-08-30,1974.8,2305.6,1928.4,1510.7,612.93,477.61,71.79,210.99,88.69,8.4,5.5,3.5,1.115,13.51,13.27,20.88,7.77,8.93,14.25,31.69,18.48,7.2
2020-08-31,1939.0,2318.3,1807.7,1515.8,638.8,481.41,71.96,211.11,87.6,8.7,5.3,3.6,1.112,13.77,13.41,21.35,7.88,8.98,14.07,32.11,17.12,7.34
2020-09-01,1998.0,2452.2,1849.9,1478.4,632.76,491.94,71.85,211.7,81.9,8.2,3.4,3.8,1.109,14.48,14.3,22.42,7.8,8.62,14.93,32.69,17.22,7.65
2020-09-02,1958.7,2419.0,1805.3,1437.1,646.93,510.83,71.85,211.61,85.14,8.3,6.4,2.3,1.106,14.46,13.72,21.87,7.55,8.74,14.67,31.84,18.12,7.32
2020-09-03,1913.9,2300.8,1827.7,1415.6,632.12,513.14,71.84,212.3,85.27,9.7,5.4,3.6,1.104,13.7,13.43,20.58,7.57,8.88,14.06,32.44,17.59,7.14
2020-09-04,1827.0,2123.5,1828.0,1351.3,631.48,485.48,71.8,211.27,79.7,7.7,5.1,3.3,1.101,13.21,12.77,21.05,8.07,9.85,14.02,31.46,17.75,7.21
2020-09-05,1785.6,1989.9,1809.8,1424.8,649.07,487.29,72.09,210.43,82.92,6.3,6.2,3.6,1.098,13.01,12.57,19.46,7.52,8.91,12.89,30.52,16.91,7.28
2020-09-06,1837.0,2092.0,1796.6,1485.5,643.72,511.91,72.19,210.58,83.81,9.0,6.3,4.4,1.096,13.67,13.14,20.64,7.44,8.3,14.62,32.18,17.48,7.12
2020-09-07,1804.5,2058.2,1733.8,1497.8,642.74,484.77,72.07,210.43,92.68,8.6,6.2,5.2,1.093,13.46,13.19,20.16,7.7,8.85,14.03,30.58,17.59,7.38
2020-09-08,1772.4,1994.2,1728.4,1479.3,646.04,498.68,72.24,210.81,87.76,8.1,5.0,4.1,1.09,13.16,12.86,20.47,7.61,8.86,13.6,29.45,16.85,7.1
2020-09-09,1724.2,1921.0,1686.1,1462.5,617.91,478.88,72.58,210.52,89.69,8.6,4.3,2.5,1.088,12.21,11.67,19.41,7.14,8.07,12.25,31.18,17.21,7.66
2020-09-10,1728.7,1939.3,1659.0,1489.1,653.39,508.81,72.77,209.79,81.1,7.6,6.1,3.2,1.085,12.7,12.34,19.34,7.37,8.63,13.25,31.04,16.94,7.4
2020-09-11,1730.8,1920.5,1636.0,1559.9,650.33,515.52,72.61,209.39,91.92,8.0,3.9,3.9,1.082,12.65,12.37,19.42,7.25,8.48,13.01,30.67,16.64,7.21
2020-09-12,1707.4,1898.6,1620.0,1523.8,625.8,479.92,72.59,208.33,92.4,7.8,6.9,3.8,1.08,13.06,12.69,20.02,7.2,8.53,13.44,29.69,17.27,7.22
2020-09-13,1776.1,2056.0,1679.1,1464.1,638.66,494.87,72.81,207.47,79.26,7.3,5.2,4.2,1.077,12.98,12.76,20.63,8.13,9.51,13.78,31.03,17.58,7.45
2020-09-14,1855.4,2225.8,1667.2,1526.1,641.47,500.17,72.77,207.65,84.48,9.4,4.2,3.3,1.075,14.0,13.53,20.35,7.41,8.58,14.59,30.85,17.06,7.1
2020-09-15,1781.0,2040.5,1730.6,1436.2,640.67,501.52,72.88,207.78,89.34,6.3,4.0,3.0,1.072,12.83,12.1,20.04,7.38,8.36,13.28,30.61,17.38,7.9
2020-09-16,1815.6,2077.3,1824.7,1384.0,648.59,507.07,73.03,207.65,90.0,10.8,4.0,4.7,1.07,12.99,12.63,20.24,8.3,9.29,13.59,30.42,18.12,7.1
2020-09-17,1792.7,1990.5,1870.4,1367.5,664.61,523.63,72.96,206.48,84.76,9.1,5.3,3.3,1.068,13.15,12.79,20.19,8.14,9.41,13.23,30.91,17.49,7.4
2020-09-18,1772.1,1965.8,1893.3,1292.5,659.61,524.62,73.0,205.98,86.31,5.9,5.1,2.4,1.065,13.44,13.09,20.92,8.13,9.27,13.15,31.17,17.89,7.1
2020-09-19,1801.8,2003.3,1901.6,1339.9,621.44,489.44,72.61,205.05,85.21,7.7,4.0,4.4,1.063,12.77,12.55,20.23,7.66,8.75,13.36,29.7,17.31,7.1
2020-09-20,1816.6,1981.3,1944.3,1374.4,649.94,512.4,72.52,205.31,88.1,7.8,4.8,2.0,1.061,12.0,11.35,19.21,8.32,9.79,12.22,31.03,17.28,7.27
2020-09-21,1816.5,2008.8,1934.8,1343.4,660.63,496.31,72.53,204.69,92.51,8.5,3.9,1.0,1.058,12.47,12.06,20.53,8.23,9.74,13.42,30.92,17.64,7.1
2020-09-22,1876.8,2083.3,1983.6,1396.8,645.81,504.34,72.42,203.82,84.7,6.8,5.6,3.7,1.056,13.27,12.74,20.75,8.12,9.09,13.5,31.46,17.31,7.56
2020-09-23,1911.1,2112.2,2006.3,1456.1,657.94,518.95,72.68,203.5,91.86,8.0,5.1,3.8,1.054,12.79,12.22,20.1,7.73,8.84,13.19,31.12,18.22,7.1
2020-09-24,1862.8,2035.8,1964.5,1443.4,670.92,532.07,72.54,202.85,84.8,7.9,4.8,3.4,1.052,12.84,12.44,20.01,8.11,9.24,13.46,31.48,17.59,7.45
2020-09-25,1842.0,1964.9,2005.9,1415.8,656.04,503.4,72.53,203.25,84.6,7.1,3.9,2.0,1.05,12.88,12.6,20.46,8.58,9.93,13.47,30.08,17.3,7.15
2020-09-26,1798.7,1808.2,1993.3,1511.1,644.81,495.04,72.6,202.54,91.34,6.9,4.8,3.0,1.048,11.53,11.22,18.39,8.15,8.92,12.16,28.56,18.27,7.42
2020-09-27,1761.7,1723.4,1968.1,1534.2,658.16,506.47,72.84,201.49,91.82,9.1,4.7,2.8,1.046,12.06,11.6,19.08,7.99,8.9,11.95,28.43,18.25,7.55
2020-09-28,1836.8,1952.5,1919.7,1535.7,643.82,508.61,72.7,200.07,91.61,6.0,5.4,2.6,1.044,12.38,11.99,19.42,7.9,9.07,12.44,30.03,17.52,7.1
2020-09-29,1813.7,1866.9,1914.9,1586.9,643.2,514.1,72.9,199.7,83.02,8.6,5.2,4.1,1.042,12.02,11.8,18.87,7.91,9.25,12.41,28.88,18.02,7.53
2020-09-30,1781.2,1741.2,1964.2,1588.8,637.86,492.64,72.95,199.06,86.49,9.0,5.8,2.1,1.041,11.88,11.63,18.55,7.83,9.02,11.58,30.27,17.37,7.73
2020-10-01,1805.3,1788.1,2004.3,1554.4,666.1,530.46,72.87,197.99,91.73,7.7,4.6,3.2,1.039,12.04,11.6,19.29,8.16,9.52,12.23,29.71,17.87,7.59
2020-10-02,1803.6,1785.1,2007.9,1547.3,631.02,493.68,72.98,198.22,88.68,8.1,3.4,3.9,1.037,12.42,11.96,19.48,8.45,9.76,12.38,30.01,18.05,7.28
2020-10-03,1814.5,1772.7,2027.3,1583.5,666.73,518.56,73.06,198.19,84.3,9.4,6.0,3.2,1.036,12.79,12.15,20.41,8.55,10.09,12.85,30.21,18.64,7.17
2020-10-04,1876.8,1937.2,2089.5,1482.3,651.05,505.29,73.03,197.81,90.51,7.2,4.2,3.9,1.034,12.65,12.21,20.09,8.1,9.62,12.85,30.35,18.0,7.45
2020-10-05,1884.5,1998.8,2056.6,1460.7,622.91,494.83,73.09,198.12,85.9,7.3,4.1,3.3,1.033,12.62,11.99,19.78,8.48,9.6,12.46,32.67,17.63,7.68
2020-10-06,1840.9,1938.4,1962.3,1515.1,649.4,510.44,73.08,198.08,96.03,7.4,5.0,3.2,1.031,12.63,12.56,20.51,8.24,9.66,13.65,32.24,18.33,7.53
2020-10-07,1837.6,1892.5,2028.7,1482.5,612.76,505.26,73.15,197.29,95.11,9.4,5.3,3.1,1.03,12.1,11.61,19.17,8.24,9.58,12.36,30.66,18.1,7.51
2020-10-08,1812.6,1840.1,1973.3,1543.5,654.44,500.24,73.29,196.39,91.44,9.6,4.6,3.3,1.028,12.06,11.87,19.36,8.19,9.92,12.79,29.32,17.97,7.66
2020-10-09,1844.3,1941.8,1909.6,1596.7,659.87,520.91,73.55,196.42,94.56,6.3,4.6,2.5,1.027,12.25,12.16,18.91,7.75,8.75,12.94,31.39,18.35,7.43
2020-10-10,1780.5,1908.1,1776.6,1581.8,637.02,490.52,73.43,196.23,89.46,9.2,4.7,1.7,1.026,12.17,11.84,17.99,7.58,8.69,12.7,28.93,18.23,7.47
2020-10-11,1702.1,1712.6,1802.7,1544.6,649.71,496.35,73.77,195.93,92.36,9.0,6.3,3.5,1.024,12.7,12.31,19.4,7.97,8.96,12.44,30.14,17.59,7.64
2020-10-12,1657.6,1718.8,1685.1,1521.2,675.93,527.1,73.55,195.12,95.3,9.9,5.0,3.7,1.023,12.02,11.46,17.6,7.31,8.21,12.44,27.86,16.96,7.1
2020-10-13,1602.2,1560.8,1628.8,1631.4,639.2,500.22,73.58,195.03,90.47,8.5,4.2,2.9,1.022,10.62,10.23,16.52,7.15,8.3,11.05,28.18,17.12,7.7
2020-10-14,1735.3,1819.9,1661.7,1702.7,631.65,527.7,73.71,194.26,88.57,7.9,4.2,2.3,1.021,12.15,12.03,19.36,7.53,8.7,12.67,30.37,16.51,7.95
2020-10-15,1706.8,1719.6,1701.9,1693.2,670.26,520.59,73.8,193.81,82.87,9.4,4.8,1.5,1.02,11.68,11.38,17.73,7.43,8.65,12.08,29.72,17.89,7.7
2020-10-16,1675.7,1712.6,1651.2,1651.0,677.27,514.71,73.76,194.13,89.46,8.8,5.3,2.8,1.019,12.27,11.9,17.89,7.75,9.02,12.78,28.54,16.82,7.87
2020-10-17,1684.1,1752.1,1636.2,1642.7,648.01,508.73,73.79,193.4,93.19,10.7,5.5,1.6,1.018,12.22,12.05,19.42,7.26,8.3,12.53,29.52,16.85,7.44
2020-10-18,1652.6,1729.4,1573.7,1640.3,663.03,492.27,73.77,192.21,93.79,9.2,5.1,1.5,1.017,12.25,11.99,18.48,7.43,8.5,12.09,29.7,16.5,7.62
2020-10-19,1613.0,1707.7,1534.7,1571.1,667.8,519.78,73.74,191.27,92.13,8.2,4.3,2.7,1.016,12.18,11.79,18.52,7.39,8.31,12.26,29.52,16.89,7.44
2020-10-20,1639.6,1765.3,1550.2,1563.5,637.5,497.44,73.9,191.36,88.06,6.6,4.6,2.1,1.015,12.1,11.77,18.81,7.14,8.07,12.43,29.11,16.76,7.53
2020-10-21,1710.0,1941.5,1515.2,1612.1,641.92,510.23,74.0,191.07,82.43,7.3,5.7,2.9,1.014,12.24,11.76,18.82,7.15,8.21,12.5,30.84,16.96,7.48
2020-10-22,1714.3,2025.4,1498.3,1518.8,667.41,532.26,73.96,190.59,88.47,6.3,4.0,2.5,1.014,13.07,12.59,19.99,7.07,8.17,13.75,31.69,16.76,7.1
2020-10-23,1750.9,2183.4,1402.7,1546.5,675.21,520.62,74.13,189.92,89.35,7.7,4.6,2.2,1.013,13.94,13.49,21.05,7.08,8.28,14.03,31.69,16.51,7.31
2020-10-24,1739.7,2055.7,1479.9,1598.0,658.9,512.14,74.22,189.75,89.43,9.1,5.6,1.3,1.012,13.78,13.45,19.77,6.94,8.11,13.94,31.99,16.5,8.02
2020-10-25,1753.7,2084.4,1513.4,1560.9,638.18,488.59,74.38,188.9,93.27,8.0,5.8,1.9,1.011,13.06,12.48,19.02,7.14,8.52,12.98,30.84,16.5,7.56
2020-10-26,1791.5,2093.9,1564.0,1626.4,681.97,518.4,74.51,188.63,98.86,9.2,4.8,2.0,1.011,13.31,12.92,20.6,7.59,8.53,13.84,31.1,16.5,7.11
2020-10-27,1821.2,2124.5,1644.9,1582.7,643.83,505.91,74.45,187.84,91.54,8.4,4.7,1.6,1.01,13.45,12.99,20.04,7.17,8.2,13.35,32.08,17.64,7.77
2020-10-28,1859.1,2266.3,1585.1,1591.2,646.62,489.08,74.42,186.96,90.3,7.5,3.8,2.3,1.01,14.22,13.66,21.0,7.23,8.13,14.76,32.78,16.76,7.2
2020-10-29,1826.9,2225.5,1558.0,1565.8,657.65,507.99,74.57,186.21,90.26,8.1,5.5,1.7,1.009,13.46,12.99,19.69,7.46,8.83,13.6,31.42,17.62,7.7
2020-10-30,1753.1,2166.4,1432.2,1541.3,676.59,515.8,74.7,185.59,91.93,8.6,6.2,2.5,1.008,13.78,13.02,20.3,6.62,7.51,13.63,31.22,16.52,7.81
2020-10-31,1834.9,2213.7,1638.7,1503.5,666.36,526.36,74.75,185.13,88.25,8.2,7.3,2.8,1.008,13.34,12.83,20.08,7.96,9.39,14.25,33.0,16.5,7.42
2020-11-01,1751.4,2004.3,1623.1,1526.1,660.15,536.53,74.81,184.81,92.18,8.2,5.4,1.9,1.007,13.12,12.56,19.5,7.71,9.16,13.68,30.7,16.76,7.17
2020-11-02,1768.7,1975.1,1685.5,1554.8,662.16,500.87,75.04,182.53,93.64,7.1,5.0,2.9,1.007,13.27,12.83,19.74,7.19,8.35,13.58,30.65,17.17,7.29
2020-11-03,1728.0,1958.7,1597.4,1541.6,655.69,489.2,75.01,181.68,92.81,7.5,4.2,1.5,1.007,12.41,11.69,19.07,6.87,7.96,12.07,30.34,16.93,7.59
2020-11-04,1690.7,1856.7,1658.1,1470.6,664.12,516.52,75.13,181.05,93.94,10.7,3.3,1.7,1.006,12.42,12.07,18.68,7.54,8.67,13.35,30.94,17.45,7.1
2020-11-05,1781.6,1977.5,1772.4,1481.0,617.93,482.18,75.15,181.35,93.99,9.5,5.2,2.5,1.006,13.09,12.83,19.84,7.34,8.38,13.48,31.62,17.22,7.1
2020-11-06,1731.8,1859.2,1757.6,1492.0,651.54,510.83,75.17,180.37,85.32,6.2,7.1,3.1,1.005,12.77,12.37,18.69,7.92,9.02,13.1,30.02,17.13,7.46
2020-11-07,1696.6,1848.9,1681.6,1474.0,660.76,510.04,75.37,180.0,95.1,5.2,6.2,3.3,1.005,12.93,12.62,20.63,7.66,8.78,13.52,31.58,16.69,7.17
2020-11-08,1725.0,1886.4,1665.4,1550.4,640.81,497.42,75.53,180.3,90.02,8.1,6.0,3.8,1.005,12.89,12.42,20.1,7.51,9.01,12.5,29.64,16.78,7.76
2020-11-09,1713.0,2038.7,1514.2,1470.1,664.79,522.94,75.69,179.19,88.47,9.1,5.2,2.2,1.004,13.0,12.38,19.37,7.12,7.98,12.98,30.8,17.03,7.1
2020-11-10,1683.2,2033.6,1511.4,1362.9,657.23,525.13,75.91,178.94,88.59,7.4,5.3,2.4,1.004,13.85,13.43,20.29,7.64,8.83,14.13,31.32,17.1,7.1
2020-11-11,1732.3,2133.0,1564.6,1325.8,686.94,512.35,75.97,178.08,94.9,9.2,2.8,1.7,1.004,13.53,13.23,20.37,7.6,8.88,14.08,31.13,16.66,7.1
2020-11-12,1765.4,2201.7,1560.1,1354.8,685.02,529.89,76.11,177.37,92.44,8.1,5.7,1.5,1.004,12.6,12.03,19.13,7.55,8.62,12.57,32.41,17.48,7.27
2020-11-13,1746.2,2203.7,1539.7,1303.4,654.48,513.06,76.11,176.51,86.76,7.8,4.5,2.7,1.003,13.45,12.98,19.65,7.58,8.81,13.95,31.35,17.01,7.25
2020-11-14,1693.7,2072.3,1572.9,1257.1,659.74,503.58,76.21,175.69,95.57,8.9,4.4,1.9,1.003,13.03,12.61,18.57,7.1,7.87,13.41,30.09,16.5,7.1
2020-11-15,1652.1,1909.7,1609.9,1299.1,661.08,536.42,76.24,176.59,88.06,7.4,4.7,3.5,1.003,13.02,13.06,19.52,7.75,9.18,14.21,29.18,17.08,7.1
2020-11-16,1623.9,1924.9,1498.4,1317.9,655.78,503.88,76.3,176.55,94.55,7.7,4.7,1.4,1.003,12.6,12.26,18.33,7.15,8.44,13.27,30.12,16.81,7.1
2020-11-17,1607.1,1868.2,1505.1,1332.4,666.23,519.16,76.43,176.64,95.12,8.8,4.4,2.9,1.002,13.03,12.35,19.68,7.33,8.41,12.93,30.43,16.5,7.55
2020-11-18,1713.8,1975.3,1664.2,1364.7,651.57,514.9,76.37,176.42,97.88,8.0,5.0,1.7,1.002,13.08,12.37,20.01,7.47,8.41,13.05,29.66,16.5,7.22
2020-11-19,1708.9,2058.2,1571.9,1341.8,647.91,498.28,76.7,175.15,101.64,10.3,4.5,1.9,1.002,12.76,12.48,18.92,6.86,8.05,13.58,31.03,17.01,7.1
2020-11-20,1692.0,2034.8,1564.7,1321.7,673.71,503.34,76.62,174.88,89.23,8.8,5.1,3.0,1.002,13.1,13.08,19.56,7.62,8.53,13.91,31.17,16.69,7.63
2020-11-21,1692.6,1905.8,1689.6,1355.8,673.15,519.91,76.5,174.95,94.67,8.8,3.7,2.0,1.002,12.51,12.09,20.01,7.15,8.02,12.38,30.3,18.01,7.17
2020-11-22,1724.1,1967.0,1755.2,1292.0,652.83,521.56,76.71,174.05,93.96,7.9,4.8,2.1,1.002,12.93,12.49,20.23,7.44,8.54,13.85,29.91,18.16,7.1
2020-11-23,1641.1,1857.2,1713.2,1194.2,679.23,525.76,76.86,174.07,96.98,9.0,4.0,1.9,1.002,12.39,12.09,18.9,7.55,8.99,12.46,30.39,17.59,7.1
2020-11-24,1608.7,1781.7,1719.7,1176.4,657.11,502.39,77.0,173.95,96.3,7.6,4.4,3.9,1.001,12.39,11.89,20.13,7.14,8.33,13.26,29.55,17.71,7.1
2020-11-25,1579.0,1686.0,1712.6,1220.6,671.15,534.61,77.13,174.4,94.22,8.3,5.1,2.0,1.001,12.05,11.31,18.11,7.37,8.35,12.02,29.95,16.79,7.1
2020-11-26,1563.5,1687.8,1657.4,1233.2,679.94,526.38,77.18,173.72,94.06,6.9,3.6,2.6,1.001,12.13,11.93,18.3,7.63,8.43,12.29,28.57,16.54,7.11
2020-11-27,1628.5,1833.7,1648.4,1272.5,666.71,513.91,77.11,172.7,91.56,9.2,4.3,2.4,1.001,13.27,12.78,20.1,7.43,8.55,12.67,30.07,17.03,7.1
2020-11-28,1601.9,1843.3,1626.5,1181.4,674.38,527.81,77.17,172.04,100.18,8.3,5.5,2.7,1.001,12.48,12.26,18.39,7.43,8.59,13.14,29.29,16.5,7.18
2020-11-29,1592.2,1804.5,1631.1,1198.1,659.57,523.71,77.12,172.28,98.27,10.4,3.7,2.0,1.001,11.76,11.29,18.94,7.24,8.31,11.5,29.63,17.16,7.1
2020-11-30,1519.9,1648.9,1579.7,1229.6,665.42,547.61,77.3,170.89,100.31,10.9,6.6,2.3,1.001,12.37,12.02,18.94,7.4,8.87,12.64,28.37,16.51,7.1
2020-12-01,1508.2,1730.0,1496.3,1170.0,665.45,528.98,77.33,169.38,95.6,8.9,6.1,2.8,1.001,12.6,12.35,18.67,7.15,8.2,13.49,28.88,16.78,7.1
2020-12-02,1491.0,1660.7,1496.6,1211.8,656.98,526.36,77.27,168.95,94.43,8.1,4.6,1.8,1.001,11.32,11.14,17.54,6.8,7.36,11.38,29.05,16.54,7.23
2020-12-03,1543.7,1693.9,1611.2,1208.7,665.56,513.06,77.28,168.25,92.96,6.9,4.3,3.4,1.001,11.9,11.58,18.35,7.39,8.42,12.37,28.93,17.31,7.1
2020-12-04,1572.2,1674.0,1615.2,1349.0,645.59,491.25,77.38,167.77,98.92,9.1,5.2,3.5,1.001,12.16,11.82,18.49,7.09,8.25,12.12,29.96,17.04,7.1
2020-12-05,1584.2,1786.5,1592.4,1249.0,661.3,516.56,77.36,167.76,93.55,8.3,3.7,3.0,1.001,12.57,12.29,18.6,7.62,8.84,13.23,30.48,16.71,7.1
2020-12-06,1616.0,1784.2,1641.2,1311.7,664.03,519.23,77.29,167.01,105.33,8.6,3.2,2.6,1.001,12.39,12.09,18.34,7.4,8.47,12.72,30.25,16.5,7.24
2020-12-07,1610.7,1793.2,1629.0,1293.2,664.94,505.71,77.38,165.59,92.93,10.1,4.6,1.0,1.001,12.43,11.86,20.0,8.11,9.25,12.49,30.29,17.12,7.63
2020-12-08,1662.1,1862.0,1749.1,1220.4,665.64,517.09,77.46,166.13,99.48,7.0,4.9,2.8,1.0,12.3,11.74,18.42,7.94,8.73,12.79,30.21,16.5,7.15
2020-12-09,1752.1,2106.0,1742.9,1198.9,668.22,526.01,77.44,165.15,104.89,6.9,5.1,2.2,1.0,12.49,11.8,20.04,7.66,8.83,12.86,32.19,17.99,7.5
2020-12-10,1809.3,2204.2,1783.0,1214.3,676.26,531.81,77.43,164.14,101.25,7.7,4.4,2.3,1.0,14.36,14.05,21.43,7.93,9.06,14.61,31.71,17.79,7.1
2020-12-11,1796.5,2190.4,1727.0,1263.6,682.65,538.52,77.51,164.21,99.79,9.0,6.1,1.0,1.0,13.29,12.83,20.67,7.18,8.31,14.24,33.28,17.83,7.14
2020-12-12,1825.0,2187.7,1755.2,1342.3,658.94,517.46,77.36,163.53,95.46,8.7,3.7,2.9,1.0,13.59,13.3,20.95,7.94,9.22,13.68,31.04,16.85,7.1
2020-12-13,1821.0,2127.4,1767.7,1405.2,649.82,500.78,77.22,163.02,94.05,6.9,4.0,1.3,1.0,13.26,12.92,20.63,7.49,8.86,13.82,30.54,17.49,7.1
2020-12-14,1764.7,2023.8,1758.3,1359.0,651.96,502.36,77.17,162.78,102.9,8.9,5.4,2.6,1.0,13.34,12.79,20.75,7.71,8.67,13.29,29.88,16.97,7.15
2020-12-15,1742.1,1969.5,1720.6,1408.5,660.4,500.73,77.19,162.84,106.09,6.6,4.0,3.2,1.0,12.95,12.54,19.12,7.45,8.31,12.82,29.8,17.33,7.1
2020-12-16,1700.0,1894.1,1675.7,1423.4,662.96,538.53,77.28,162.19,98.56,7.0,3.9,2.1,1.0,12.76,12.31,19.22,7.4,8.4,12.65,29.2,16.65,7.1
2020-12-17,1732.1,1979.7,1692.7,1390.9,658.13,513.51,77.53,162.47,96.02,7.9,5.1,3.5,1.0,12.01,11.55,17.94,7.53,8.51,12.33,30.77,17.12,7.1
2020-12-18,1699.7,1871.8,1731.7,1379.5,651.2,505.24,77.7,160.92,91.0,7.3,4.1,1.9,1.0,12.3,12.07,19.09,7.65,8.63,12.85,30.58,16.54,7.42
2020-12-19,1752.2,2034.1,1720.2,1346.0,663.96,506.74,77.72,160.81,97.17,9.1,4.9,3.0,1.0,13.37,13.34,19.8,7.64,9.07,14.39,30.97,17.2,7.15
2020-12-20,1794.5,2124.9,1736.3,1347.4,673.79,560.79,77.77,159.91,100.9,8.3,4.4,1.5,1.0,13.64,13.4,19.89,7.7,8.88,14.63,30.59,16.56,7.17
2020-12-21,1786.8,2131.0,1730.9,1314.2,679.5,517.13,77.68,160.11,108.02,10.1,4.2,3.3,1.0,13.12,12.72,19.98,7.29,8.78,13.64,31.27,18.28,7.1
2020-12-22,1778.4,2135.1,1734.8,1268.8,662.48,511.59,77.73,159.7,104.58,7.7,3.1,3.2,1.0,12.84,12.64,18.73,8.25,9.49,13.35,31.98,17.39,7.1
2020-12-23,1756.2,2078.1,1719.3,1292.7,664.71,523.46,77.74,158.88,103.38,7.9,5.1,2.9,1.0,13.28,13.14,20.4,7.7,8.62,14.22,30.95,17.28,7.46
2020-12-24,1778.5,2115.4,1718.9,1322.7,657.54,520.09,77.83,158.74,100.84,9.5,3.9,2.2,1.0,12.29,11.72,18.41,7.73,8.73,12.42,30.77,17.57,7.42
2020-12-25,1887.8,2241.3,1892.9,1315.2,670.61,534.57,77.77,158.7,100.38,7.9,4.8,1.4,1.0,13.32,13.11,20.24,7.89,9.28,13.52,31.05,17.13,7.19
2020-12-26,1877.0,2164.3,1905.1,1378.1,659.05,535.75,77.89,158.54,108.62,9.8,4.5,2.2,1.0,14.07,13.77,20.6,7.75,8.69,14.85,31.27,17.35,7.1
2020-12-27,1820.2,2000.3,1938.8,1365.9,681.86,537.92,78.15,157.55,104.09,8.6,4.8,3.4,1.0,13.59,13.36,21.79,8.13,9.46,14.46,30.5,18.24,7.65
2020-12-28,1859.7,2091.0,1957.8,1352.3,646.67,491.73,78.18,156.83,95.16,5.2,4.9,2.6,1.0,13.37,13.09,20.12,8.11,9.26,13.62,31.0,17.89,7.36
2020-12-29,1875.8,2136.0,1930.8,1382.6,668.67,518.48,78.29,156.34,101.17,9.4,5.2,1.3,1.0,13.53,13.09,20.78,8.37,9.44,14.49,31.8,17.51,7.1
2020-12-30,1854.5,2020.3,2006.4,1376.5,679.4,533.63,78.43,155.85,100.72,9.1,4.3,1.6,1.0,12.45,12.38,18.84,8.73,10.32,13.33,30.85,18.47,7.1
2020-12-31,1818.1,1953.5,1976.1,1380.4,677.62,553.36,78.42,155.74,102.26,9.1,6.1,3.5,1.0,12.68,12.35,19.52,8.52,9.68,13.2,30.81,18.2,7.1
2021-01-01,1781.5,1881.4,2034.8,1267.1,715.72,541.48,78.5,154.26,107.0,5.9,3.3,2.9,1.0,12.79,12.34,20.92,7.91,8.93,12.85,31.01,18.7,7.1
2021-01-02,1749.6,1828.4,2001.1,1271.6,680.86,545.5,78.55,153.95,104.62,7.4,4.8,1.5,1.0,12.34,12.05,19.63,8.09,9.29,13.0,29.31,18.33,7.27
2021-01-03,1702.4,1823.0,1928.3,1193.0,660.92,517.67,78.62,153.33,105.05,7.5,5.8,1.1,1.0,12.37,12.15,19.09,8.1,9.22,12.33,31.11,17.48,7.1
2021-01-04,1696.8,1825.0,1944.8,1144.3,674.23,535.95,78.56,152.44,110.92,7.2,5.4,2.0,1.0,13.01,12.63,20.27,7.98,9.62,13.14,29.54,17.91,7.1
2021-01-05,1640.1,1785.4,1865.5,1092.0,649.32,505.25,78.61,151.59,103.19,10.3,4.1,1.0,1.0,12.15,11.84,18.77,7.86,9.26,12.25,29.92,16.65,7.1
2021-01-06,1622.0,1736.7,1896.1,1054.6,675.43,516.73,78.73,151.01,113.74,8.2,4.3,2.4,1.0,12.19,11.84,19.08,7.46,8.46,12.04,28.87,17.57,7.27
2021-01-07,1594.7,1749.6,1813.4,1040.6,665.57,528.15,78.98,148.74,103.92,8.1,4.1,4.5,1.0,12.56,12.09,19.82,8.05,9.16,12.93,29.64,17.41,7.1
2021-01-08,1607.0,1806.3,1791.2,1030.1,692.83,548.26,79.16,147.92,107.28,8.9,5.5,1.2,1.0,12.08,11.6,18.67,7.38,8.08,12.36,30.21,17.96,7.1
2021-01-09,1585.3,1807.8,1697.8,1071.8,672.83,536.47,79.49,147.02,106.12,8.9,4.3,2.4,1.0,12.21,11.63,18.93,7.23,8.34,12.53,31.01,17.53,7.1
2021-01-10,1721.8,1972.3,1885.1,1092.5,679.0,529.46,79.44,146.81,108.06,4.2,5.2,3.5,1.0,12.74,12.58,19.94,7.73,8.74,13.22,30.64,17.44,7.3
2021-01-11,1698.4,2058.0,1774.0,1017.2,672.19,517.11,79.61,145.95,109.67,7.4,5.2,3.1,1.0,13.23,12.8,20.15,7.74,8.92,13.87,31.99,17.09,7.1
2021-01-12,1643.7,1909.3,1775.9,1033.6,708.24,533.72,79.68,145.37,109.96,6.5,7.1,2.4,1.0,12.82,11.92,19.43,7.45,8.17,12.66,30.96,18.36,7.1
2021-01-13,1713.8,2001.6,1851.6,1060.2,679.34,539.71,80.03,145.68,105.55,8.7,5.3,2.4,1.0,12.97,12.64,19.85,7.66,8.8,13.24,32.14,17.58,7.1
2021-01-14,1775.2,2099.3,1917.7,1057.1,711.3,559.9,79.97,145.72,104.4,7.9,4.3,1.6,1.0,13.26,12.92,20.89,8.41,10.01,13.53,30.57,18.16,7.1
2021-01-15,1787.2,2078.5,1969.4,1066.2,695.65,531.02,79.9,145.71,119.25,8.3,3.7,2.3,1.0,12.99,12.32,20.65,8.15,9.39,12.55,31.79,18.54,7.1
2021-01-16,1729.0,1943.0,1943.3,1086.6,690.48,532.11,79.87,145.0,107.64,5.8,4.8,2.7,1.0,13.17,12.65,19.99,8.23,9.31,13.7,29.03,18.0,7.1
2021-01-17,1784.8,1980.7,2027.1,1132.3,687.41,530.58,79.63,144.81,112.72,7.9,4.9,3.4,1.0,12.94,12.42,20.2,7.96,9.15,13.47,30.88,18.17,7.1
2021-01-18,1801.9,2015.7,2079.3,1071.6,687.66,518.58,79.61,144.24,103.84,9.6,3.0,2.0,1.0,13.37,12.86,20.64,8.35,9.59,14.48,31.75,18.24,7.1
2021-01-19,1768.6,1927.3,2084.2,1072.7,652.53,499.16,79.56,143.69,109.5,10.0,4.4,2.3,1.0,12.37,12.18,20.02,8.25,9.93,12.79,31.25,17.93,7.1
2021-01-20,1743.3,1808.1,2091.1,1152.8,677.66,514.97,79.63,143.44,110.46,9.2,5.3,1.7,1.0,12.29,11.9,19.35,8.16,9.32,12.34,30.46,18.43,7.22
2021-01-21,1766.9,1845.8,2062.6,1226.6,695.08,537.21,79.72,142.69,113.22,6.7,4.5,2.7,1.0,12.62,12.18,20.96,8.34,9.35,12.33,30.14,17.48,7.1
2021-01-22,1763.5,1866.6,1996.2,1272.8,683.42,524.2,80.03,142.99,100.8,9.8,5.9,3.1,1.0,12.67,12.46,20.01,7.73,8.89,13.4,30.67,17.96,7.1
2021-01-23,1798.1,1867.1,2072.3,1303.7,664.11,498.48,80.2,142.47,112.71,9.2,3.6,3.0,1.0,12.9,12.58,20.87,8.4,9.7,13.45,31.77,18.5,7.1
2021-01-24,1860.8,1905.3,2150.5,1384.2,684.23,557.97,80.18,142.33,107.81,8.2,5.6,1.6,1.0,12.68,12.03,19.72,8.39,9.76,13.21,30.57,18.78,7.65
2021-01-25,1829.8,1830.4,2083.2,1474.2,710.16,568.96,80.1,142.62,114.07,5.9,5.8,2.6,1.0,12.98,12.5,20.48,8.37,9.77,12.85,31.03,19.25,7.47
2021-01-26,1824.1,1833.7,2066.4,1469.6,703.98,539.75,80.22,142.69,109.0,9.5,5.9,2.0,1.0,12.84,12.5,20.53,8.6,10.28,13.34,30.08,18.88,7.89
2021-01-27,1852.5,1944.3,2051.3,1427.5,683.6,536.47,80.09,141.55,110.09,7.6,3.6,3.3,1.0,12.9,12.37,19.84,8.41,9.55,12.93,31.4,18.5,7.47
2021-01-28,1851.4,1953.2,2044.3,1418.3,700.52,551.41,80.39,141.34,112.79,8.8,5.3,2.4,1.0,12.7,12.62,20.04,8.25,9.35,13.73,31.5,18.39,7.31
2021-01-29,1832.6,1817.3,2044.2,1561.1,681.96,546.22,80.6,141.33,110.06,8.4,4.4,1.3,1.0,12.83,12.46,20.68,8.01,8.84,13.24,29.67,18.03,7.67
2021-01-30,1836.5,1821.0,2101.8,1489.7,661.82,506.39,80.58,141.34,112.74,10.2,3.7,2.3,1.0,12.17,11.69,19.28,8.67,10.11,11.89,30.39,18.54,7.1
2021-01-31,1788.0,1759.8,2047.3,1470.2,672.45,537.62,80.4,140.36,110.25,8.2,4.6,2.9,1.0,12.35,11.82,19.2,7.93,8.95,12.39,30.23,18.37,7.1
2021-02-01,1788.3,1849.8,1988.9,1409.0,711.11,548.09,80.63,139.6,108.08,8.4,4.2,2.7,1.0,12.76,12.52,20.84,8.41,9.86,12.57,30.99,18.11,7.42
2021-02-02,1855.5,1941.9,2068.6,1419.0,683.75,517.3,80.67,139.68,119.87,10.3,5.8,2.1,1.0,12.86,12.37,19.75,7.94,9.03,12.74,30.66,17.91,7.3
2021-02-03,1779.6,1812.8,2034.9,1369.1,685.47,543.35,80.88,138.87,111.0,7.6,5.5,2.0,1.0,12.43,12.12,19.74,8.51,10.13,12.42,30.87,18.23,7.7
2021-02-04,1808.2,1957.1,1951.0,1370.2,683.66,548.74,80.72,138.3,115.86,9.4,4.0,1.7,1.0,12.68,12.13,19.55,8.37,9.34,12.68,30.16,18.6,7.1
2021-02-05,1750.3,1889.3,1921.3,1288.5,716.53,589.95,80.68,138.68,119.98,8.2,4.3,2.2,1.0,12.35,11.99,18.96,7.67,9.02,12.61,30.76,18.2,7.26
2021-02-06,1845.3,2119.6,1903.2,1325.0,712.65,541.47,80.73,138.24,114.9,7.2,4.7,1.8,1.0,14.05,13.53,21.92,8.21,9.63,14.36,31.92,18.09,7.39
2021-02-07,1915.1,2162.5,2008.8,1387.9,721.87,571.44,80.79,137.47,114.46,8.4,4.9,3.3,1.0,13.55,13.09,21.0,8.41,9.78,13.96,32.91,18.63,7.43
2021-02-08,1897.5,2072.5,2069.5,1376.7,686.13,530.27,80.78,136.62,119.06,9.2,5.9,1.8,1.0,13.27,12.75,21.0,8.52,9.57,13.53,30.73,18.6,7.51
2021-02-09,1893.9,1999.3,2142.6,1377.3,693.73,550.51,80.91,136.38,123.03,10.0,5.6,2.6,1.0,13.09,12.85,19.69,8.59,9.98,13.68,31.23,18.73,7.1
2021-02-10,1949.2,2094.6,2191.8,1376.7,665.99,501.83,80.82,135.31,114.28,10.2,5.0,2.5,1.0,13.67,13.19,21.78,8.28,9.55,13.59,30.95,18.54,7.39
2021-02-11,1976.5,2104.6,2247.7,1391.9,711.07,539.48,80.85,134.79,118.76,8.1,4.8,3.3,1.0,14.18,13.74,22.0,8.68,9.62,14.51,31.83,18.74,7.46
2021-02-12,1976.6,2147.5,2195.5,1396.9,671.78,514.68,80.91,134.56,112.84,7.2,3.4,3.4,1.0,13.52,13.1,20.51,8.96,10.61,14.35,31.84,19.11,7.52
2021-02-13,2072.5,2377.1,2177.5,1438.2,693.24,541.67,81.03,134.82,118.61,8.0,6.2,3.1,1.0,14.15,13.97,23.02,8.28,9.46,14.87,32.09,18.48,7.23
2021-02-14,2049.7,2341.7,2109.1,1499.4,674.37,518.32,81.18,134.76,120.73,7.0,4.6,2.8,1.0,13.63,13.36,21.64,8.47,10.04,14.46,33.38,19.18,7.11
2021-02-15,2056.8,2392.5,2094.6,1466.9,681.4,539.4,81.08,134.02,117.59,8.2,6.4,1.7,1.0,13.7,13.4,21.53,8.67,9.95,14.52,33.15,18.47,7.21
2021-02-16,2149.7,2591.1,2139.1,1458.2,676.76,540.2,80.92,134.22,119.59,8.0,5.2,1.6,1.0,14.13,13.47,22.63,8.2,9.63,14.86,33.25,18.51,7.1
2021-02-17,2189.0,2654.1,2146.5,1504.5,681.49,538.76,81.14,133.69,116.2,9.3,6.8,1.8,1.0,14.67,14.13,22.91,8.12,9.17,15.36,33.94,18.92,7.29
2021-02-18,2145.3,2508.3,2230.5,1445.0,683.07,552.22,81.23,132.7,122.56,5.8,5.5,3.1,1.0,13.81,13.57,21.44,8.32,9.61,14.89,34.43,18.45,7.26
2021-02-19,2135.1,2602.8,2152.1,1362.9,682.63,537.44,81.18,132.24,126.9,7.5,3.7,2.6,1.0,15.18,14.55,23.41,8.59,9.9,15.78,34.19,18.85,7.1
2021-02-20,2113.9,2509.9,2183.9,1382.2,704.86,535.19,81.44,132.59,118.7,7.5,4.4,3.2,1.0,14.78,14.35,22.7,8.28,9.46,15.57,33.05,18.84,7.29
2021-02-21,2170.7,2705.0,2101.1,1413.3,676.16,543.77,81.51,132.31,121.03,9.8,4.8,3.3,1.0,14.98,14.37,22.91,8.34,9.42,15.67,33.85,18.59,7.1
2021-02-22,2143.8,2645.9,2109.3,1388.8,697.25,536.6,81.71,131.95,125.95,7.1,4.2,1.9,1.0,15.38,14.77,23.11,8.79,9.49,15.57,34.68,18.19,7.27
2021-02-23,2301.8,3007.5,2159.5,1371.7,712.55,566.72,81.77,132.41,129.21,8.7,4.7,2.5,1.0,15.71,15.49,23.76,8.56,9.68,16.47,36.68,18.42,7.17
2021-02-24,2362.5,3186.5,2146.1,1347.2,688.49,555.9,82.1,131.34,118.82,8.2,3.8,2.5,1.0,16.21,15.83,25.23,8.3,9.68,17.16,37.07,17.66,7.16
2021-02-25,2337.2,3108.3,2183.3,1318.8,687.08,541.4,82.39,130.35,124.55,9.6,5.0,2.2,1.0,15.59,15.27,24.22,8.59,9.6,17.15,36.25,18.44,7.24
2021-02-26,2332.6,3124.4,2121.2,1361.6,694.48,523.74,82.4,129.19,126.78,9.1,5.2,2.1,1.0,16.61,16.23,25.1,8.44,9.47,17.55,37.12,18.29,7.13
2021-02-27,2323.9,3221.0,2016.3,1319.1,716.68,547.99,82.58,129.04,125.67,8.5,4.1,3.5,1.0,16.43,15.92,24.45,8.43,9.41,17.47,37.08,18.07,7.1
2021-02-28,2377.6,3316.8,2060.3,1319.2,702.69,563.97,82.72,128.78,116.61,7.7,6.7,2.5,1.0,16.93,16.32,25.46,8.77,10.13,17.24,37.06,18.38,7.1
2021-03-01,2434.0,3370.8,2180.0,1290.7,693.17,538.64,82.95,129.22,128.95,6.1,5.1,2.5,1.0,17.39,16.81,25.69,8.67,9.79,18.39,38.82,18.73,7.37
2021-03-02,2455.4,3511.9,2117.3,1238.5,707.92,553.14,82.87,129.01,133.46,8.7,4.3,1.9,1.0,17.98,17.42,27.18,9.0,10.59,19.03,38.94,18.87,7.38
2021-03-03,2491.8,3495.2,2201.6,1292.7,684.96,543.37,83.02,128.48,128.28,9.0,3.5,3.0,1.0,17.35,17.1,26.85,8.7,10.15,17.89,37.8,18.99,7.1
2021-03-04,2474.2,3453.1,2206.4,1282.9,712.83,564.36,83.21,128.16,124.13,6.5,5.1,1.7,1.0,17.49,16.77,27.69,8.47,9.78,18.44,38.47,19.22,7.11
2021-03-05,2435.4,3415.9,2121.7,1305.6,707.65,555.31,83.02,127.9,126.63,6.9,4.8,2.9,1.0,16.91,16.32,25.22,9.07,10.49,17.41,38.16,18.98,7.1
2021-03-06,2437.2,3513.7,2054.1,1251.4,696.26,540.58,82.91,126.75,136.2,8.6,5.7,2.9,1.0,18.05,17.37,27.52,8.31,9.4,18.75,38.29,18.52,7.1
2021-03-07,2452.0,3552.9,2064.1,1233.5,686.99,532.1,82.68,127.79,133.2,8.7,4.9,2.2,1.0,17.48,17.11,26.05,8.07,9.13,19.05,38.77,18.38,7.1
2021-03-08,2470.3,3582.5,2046.9,1283.7,686.34,545.64,82.7,127.75,132.56,7.1,3.9,2.8,1.0,17.64,17.39,26.06,8.88,10.36,19.08,38.15,18.76,7.1
2021-03-09,2510.5,3666.7,1971.7,1415.1,708.51,559.28,82.84,127.55,131.86,7.6,6.5,2.7,1.001,17.81,17.32,26.15,8.04,9.42,18.89,39.95,18.58,7.63
2021-03-10,2364.2,3434.1,1875.1,1337.3,720.39,558.82,83.1,127.57,128.23,6.1,5.4,2.5,1.001,17.76,17.28,26.5,7.88,9.2,18.66,38.36,17.3,7.1
2021-03-11,2368.1,3473.3,1837.8,1342.0,692.74,553.32,83.16,127.63,130.52,9.9,4.8,2.5,1.001,17.4,16.89,25.49,7.79,8.87,18.36,37.24,17.69,7.1
2021-03-12,2398.6,3501.1,1870.1,1374.3,710.74,552.83,83.42,127.27,131.45,6.7,5.1,2.6,1.001,17.75,17.29,26.15,8.08,9.21,18.92,38.45,17.07,7.1
2021-03-13,2475.9,3687.5,1888.5,1359.6,671.77,513.76,83.29,126.67,134.4,8.9,5.4,2.6,1.001,17.98,17.55,26.55,8.21,9.25,18.91,38.73,16.87,7.1
2021-03-14,2414.3,3513.4,1874.4,1411.5,693.26,531.63,83.11,126.7,138.68,8.2,3.7,2.6,1.001,17.37,16.91,25.59,7.34,8.59,18.87,36.54,17.62,7.53
2021-03-15,2488.8,3687.9,1907.0,1384.8,701.8,535.66,83.15,126.62,137.55,9.8,5.1,1.6,1.001,18.31,17.83,26.85,8.31,9.17,19.18,39.32,17.95,7.36
2021-03-16,2525.4,3691.2,1993.2,1405.1,689.21,534.32,83.25,125.95,127.84,7.3,4.6,2.4,1.001,18.06,17.63,25.93,8.07,8.84,18.82,39.99,17.96,7.74
2021-03-17,2556.8,3740.4,2034.3,1394.5,689.07,552.28,83.3,126.39,134.86,8.3,5.5,2.7,1.001,17.74,16.94,26.71,8.18,9.01,19.03,39.49,17.39,7.1
2021-03-18,2647.2,3918.1,2040.7,1462.9,691.77,529.92,83.07,126.28,137.35,6.2,4.3,2.6,1.001,18.25,17.7,27.38,8.73,9.62,19.45,40.91,18.7,7.1
2021-03-19,2687.4,3964.9,2115.5,1444.0,706.39,553.25,83.1,126.39,137.32,5.9,4.5,3.3,1.001,18.84,18.32,27.9,8.53,10.08,20.22,40.83,18.25,7.63
2021-03-20,2679.7,3992.1,2065.0,1440.6,698.46,536.92,82.98,126.84,132.77,8.9,6.5,3.0,1.001,19.15,18.64,28.75,8.48,9.91,20.71,40.58,18.67,7.28
2021-03-21,2697.0,4001.1,2064.7,1495.8,668.51,518.32,83.12,126.61,147.38,6.1,6.1,1.8,1.001,19.31,18.7,29.42,8.28,9.28,20.36,40.16,17.89,7.27
2021-03-22,2660.6,3930.4,2066.3,1460.8,670.85,505.14,83.22,126.53,131.06,7.9,2.0,2.4,1.001,17.92,17.41,26.97,8.49,9.74,19.35,39.47,18.0,7.7
2021-03-23,2634.9,3913.7,2001.0,1476.4,693.11,537.98,83.14,126.71,132.27,9.4,6.0,2.3,1.002,18.6,17.93,28.35,8.64,10.23,19.98,41.05,18.43,7.46
2021-03-24,2577.9,3822.8,1991.9,1406.6,708.96,550.67,83.12,126.12,137.98,9.1,4.9,2.5,1.002,18.57,17.74,28.7,7.64,8.88,20.04,40.63,18.11,7.57
2021-03-25,2524.0,3810.8,1875.9,1372.2,660.35,521.55,83.03,125.93,145.95,7.4,4.4,2.5,1.002,18.26,17.86,28.24,8.19,9.84,19.49,39.44,17.76,7.1
2021-03-26,2478.9,3547.9,2024.2,1405.2,694.3,544.23,83.07,125.77,134.58,6.3,4.1,3.0,1.002,17.9,17.2,26.34,8.67,9.94,18.69,37.35,18.42,7.12
2021-03-27,2478.7,3602.9,1981.7,1375.6,694.94,527.67,83.25,125.09,137.29,8.8,4.2,2.7,1.002,17.94,17.38,26.32,8.33,9.45,19.21,39.25,17.46,7.16
2021-03-28,2516.7,3595.0,2105.4,1367.2,723.18,577.09,83.16,126.04,143.1,9.8,4.4,3.5,1.002,17.46,16.83,26.22,8.33,9.37,18.57,38.59,18.92,7.48
2021-03-29,2520.7,3564.5,2124.0,1405.9,697.26,546.39,83.28,125.14,139.16,7.4,4.0,2.7,1.002,17.25,16.98,26.23,8.18,9.42,18.59,38.87,18.1,7.32
2021-03-30,2549.5,3597.3,2176.5,1395.5,708.65,555.13,83.26,124.3,138.33,7.2,3.8,1.9,1.003,17.86,17.31,27.77,9.19,10.75,19.45,38.04,18.23,7.44
2021-03-31,2496.6,3447.1,2158.8,1448.6,704.69,549.55,83.2,124.77,142.36,7.5,4.1,2.2,1.003,17.65,17.08,27.04,8.33,9.6,18.13,38.33,18.35,7.1
2021-04-01,2603.9,3675.0,2187.5,1473.0,670.82,517.03,83.24,124.94,141.62,8.8,5.3,3.0,1.003,17.86,17.44,26.54,8.9,10.17,18.72,38.97,18.99,7.1
2021-04-02,2629.6,3668.5,2244.3,1506.9,713.78,559.36,83.15,124.26,145.08,9.6,5.1,1.2,1.003,17.42,17.22,26.32,8.83,10.41,18.44,37.88,18.2,7.1
2021-04-03,2662.4,3658.2,2300.2,1576.1,705.35,555.88,83.12,124.39,146.55,6.6,5.5,1.5,1.004,17.54,17.08,26.82,9.33,10.84,19.16,40.36,19.42,7.52
2021-04-04,2650.6,3558.9,2361.5,1602.0,709.09,532.13,83.01,124.96,143.05,6.3,4.9,2.6,1.004,17.89,17.29,26.72,8.86,10.17,19.08,38.65,19.46,7.32
2021-04-05,2671.4,3574.0,2346.4,1682.2,762.19,588.04,83.33,124.79,143.41,10.9,3.8,3.3,1.004,17.79,17.36,27.24,8.64,9.79,18.59,39.29,19.61,8.36
2021-04-06,2742.4,3739.0,2325.1,1732.0,672.35,521.37,83.38,125.94,143.53,7.9,5.5,3.6,1.004,18.04,17.27,27.0,8.78,10.05,19.0,39.73,19.08,7.78
2021-04-07,2753.5,3857.7,2232.7,1715.9,729.23,571.87,83.34,124.93,145.05,8.4,4.1,2.4,1.005,18.95,18.39,27.85,8.38,9.73,20.17,40.49,18.92,7.96
2021-04-08,2824.8,3951.2,2282.1,1782.3,699.5,559.93,83.42,125.14,143.73,7.3,5.6,3.4,1.005,18.3,18.05,27.38,9.44,10.7,19.27,40.93,19.36,7.67
2021-04-09,2881.0,4006.8,2366.2,1800.5,708.33,543.23,83.45,125.59,143.93,8.7,4.0,2.6,1.005,18.77,18.23,28.75,9.11,10.22,20.2,40.31,19.08,7.71
2021-04-10,2900.3,3960.8,2482.2,1788.8,703.45,542.72,83.47,125.91,149.14,9.2,4.4,1.3,1.006,18.58,18.04,28.68,9.35,10.65,19.58,40.68,18.77,8.35
2021-04-11,2849.1,3797.7,2508.7,1807.9,698.54,538.71,83.6,125.69,150.83,8.4,4.7,2.6,1.006,18.4,17.86,28.35,9.38,10.78,19.84,38.69,19.58,8.42
2021-04-12,2841.2,3780.9,2465.0,1864.2,697.24,534.23,83.76,125.43,139.15,10.2,5.6,2.1,1.007,18.5,17.88,28.81,8.93,10.54,19.3,39.68,19.89,8.17
2021-04-13,2804.2,3761.9,2363.0,1889.4,710.61,550.11,83.74,125.54,145.63,7.7,5.2,3.3,1.007,17.71,17.23,27.56,8.92,10.02,19.08,40.81,19.55,7.64
2021-04-14,2903.5,3885.8,2443.6,1975.6,682.75,541.79,83.71,125.85,143.25,7.7,5.0,2.6,1.007,18.46,18.02,28.37,9.06,10.46,20.25,39.23,20.25,8.11
2021-04-15,2893.7,3923.0,2336.9,2026.3,716.84,546.49,83.72,126.06,145.17,8.3,6.7,1.6,1.008,19.02,18.4,28.87,9.4,10.76,20.53,40.49,19.14,8.46
2021-04-16,2968.9,4102.4,2329.6,2050.4,697.83,549.44,83.46,126.49,148.42,8.6,3.4,1.4,1.008,18.5,17.57,28.2,8.57,9.8,19.74,40.03,19.05,8.32
2021-04-17,3008.0,4228.0,2330.6,2004.2,686.22,514.83,83.31,125.9,149.89,8.3,4.1,2.6,1.009,19.43,18.92,29.31,8.65,10.25,20.93,41.92,18.95,7.74
2021-04-18,2985.7,4166.2,2342.1,1997.7,697.79,537.54,83.54,125.72,147.17,6.5,4.0,1.0,1.01,18.9,18.65,27.72,8.79,10.12,20.21,42.03,18.78,8.75
2021-04-19,2911.3,3961.1,2360.5,2002.8,724.97,561.53,83.81,125.18,140.36,8.4,3.4,2.2,1.01,18.63,18.02,28.88,8.81,9.95,19.78,41.24,19.15,8.16
2021-04-20,2990.6,4116.9,2385.2,2036.2,698.18,564.68,83.83,124.93,144.55,7.6,4.4,2.8,1.011,18.31,17.54,28.17,8.59,10.06,19.51,41.1,18.76,8.02
2021-04-21,3006.9,4262.9,2243.5,2066.1,712.34,552.32,83.96,125.38,152.39,7.3,5.6,1.8,1.011,20.15,19.65,29.64,8.06,9.43,21.58,40.95,17.84,8.43
2021-04-22,2952.7,4102.6,2265.8,2074.3,696.53,516.88,84.05,125.39,138.23,8.1,4.5,3.4,1.012,19.02,18.71,29.37,8.28,9.32,20.2,40.6,18.66,8.71
2021-04-23,2976.7,4267.5,2141.9,2080.1,721.57,538.84,84.52,126.65,154.32,6.9,4.7,3.6,1.013,19.43,18.93,28.81,8.84,9.93,21.13,43.27,18.78,8.62
2021-04-24,3024.3,4301.1,2216.0,2113.1,721.65,563.3,84.72,126.72,152.04,6.7,3.5,1.8,1.014,19.93,19.59,29.8,8.7,10.09,21.28,43.19,19.29,8.21
2021-04-25,3013.7,4309.6,2203.8,2074.1,739.29,584.01,84.75,126.73,155.6,4.9,4.3,2.4,1.014,19.55,19.08,29.79,8.93,10.27,21.63,42.78,18.76,8.15
2021-04-26,3060.3,4478.5,2088.6,2151.5,708.48,557.12,84.67,126.76,149.92,10.1,4.6,3.5,1.015,19.86,19.37,29.66,8.29,9.44,21.61,43.47,18.27,8.02
2021-04-27,3081.6,4610.1,2065.7,2058.4,720.17,563.75,84.51,126.43,142.84,8.7,5.6,2.7,1.016,21.22,20.5,31.91,8.4,9.87,23.02,43.45,19.07,8.37
2021-04-28,3116.5,4659.9,2060.2,2125.8,712.07,569.36,84.59,126.4,153.18,7.9,3.5,1.6,1.017,21.43,20.83,31.42,8.79,10.0,23.36,45.12,17.83,8.42
2021-04-29,3165.8,4688.5,2169.8,2123.9,729.74,562.72,84.53,126.97,156.92,7.2,4.6,2.6,1.018,20.74,20.12,31.61,9.03,10.46,23.05,44.13,18.82,8.71
2021-04-30,3209.1,4732.4,2210.9,2169.4,698.7,555.73,84.39,127.04,155.88,4.6,6.0,2.0,1.019,21.32,20.67,31.33,8.87,10.44,23.03,44.8,19.3,8.4
2021-05-01,3202.7,4663.3,2260.5,2185.0,720.45,542.36,84.36,126.66,149.89,7.1,4.6,3.6,1.02,20.96,20.3,31.88,8.83,10.09,22.46,43.52,18.73,8.9
2021-05-02,3231.6,4636.6,2363.0,2199.5,705.8,539.67,84.26,126.22,153.25,8.9,3.1,3.2,1.021,20.21,19.63,29.43,9.07,10.06,21.82,43.99,18.51,8.81
2021-05-03,3196.0,4519.1,2378.9,2223.1,709.38,531.63,84.54,126.03,151.12,9.1,6.2,2.5,1.022,20.06,19.26,29.79,9.07,10.35,21.94,44.38,20.19,8.51
2021-05-04,3210.4,4471.1,2450.0,2257.7,712.7,552.61,84.71,126.11,150.32,8.8,5.7,2.9,1.023,20.8,20.3,31.51,9.07,10.47,22.04,42.75,19.95,8.85
2021-05-05,3209.2,4422.8,2514.2,2240.3,715.4,557.46,84.76,126.76,157.76,8.2,5.8,1.7,1.024,19.63,18.91,29.76,9.14,10.71,20.83,43.64,20.16,9.07
2021-05-06,3167.5,4348.4,2448.4,2284.9,711.33,556.21,85.01,126.15,149.49,9.6,3.5,2.2,1.026,20.7,20.04,31.21,9.39,10.69,22.17,42.05,19.49,8.56
2021-05-07,3201.5,4363.8,2565.0,2233.0,716.65,559.73,85.07,126.05,151.04,7.6,6.4,4.0,1.027,19.77,19.23,30.22,9.01,10.71,21.3,42.29,20.21,8.67
2021-05-08,3160.7,4328.8,2489.5,2231.5,736.73,563.52,85.01,126.2,150.53,9.3,4.4,2.9,1.028,20.51,19.75,30.52,9.62,10.8,22.11,42.9,18.56,8.72
2021-05-09,3221.3,4387.5,2569.5,2268.0,729.33,566.59,85.27,125.36,149.32,7.5,4.6,3.6,1.03,19.98,19.09,29.99,9.31,10.74,20.83,43.75,19.76,8.73
2021-05-10,3133.0,4210.7,2488.6,2310.8,728.3,550.11,85.39,125.03,156.19,7.0,4.4,3.0,1.031,19.86,19.21,30.31,8.9,10.18,21.19,42.05,20.22,9.09
2021-05-11,3158.3,4209.8,2549.2,2328.4,707.92,568.54,85.3,124.79,160.56,6.8,5.9,3.9,1.033,19.98,19.17,30.16,9.15,10.79,21.12,42.44,19.09,9.08
2021-05-12,3213.1,4237.1,2689.9,2307.3,701.56,543.58,85.33,124.49,155.49,6.7,4.9,1.3,1.034,20.03,19.54,31.35,9.31,10.41,21.22,42.86,19.96,8.91
2021-05-13,3214.2,4215.5,2690.7,2345.0,728.85,562.63,85.26,124.7,150.52,8.8,5.5,2.7,1.036,19.39,18.64,29.82,9.46,10.96,20.95,41.77,20.46,9.03
2021-05-14,3203.6,4211.3,2689.2,2311.3,726.88,586.03,85.13,124.74,160.21,7.1,5.1,4.2,1.037,19.28,18.92,30.07,9.44,10.81,20.92,41.24,19.89,8.74
2021-05-15,3178.9,4053.1,2744.8,2387.8,736.85,559.84,85.3,124.59,163.89,6.8,5.0,3.7,1.039,19.14,18.57,29.86,9.56,11.3,20.45,41.32,20.5,9.12
2021-05-16,3200.1,4117.7,2737.6,2379.5,707.5,538.34,85.61,124.94,154.86,8.9,4.2,4.0,1.041,18.77,18.22,28.89,9.56,10.82,19.97,42.41,20.49,8.62
2021-05-17,3266.2,4212.2,2870.8,2306.2,712.32,542.46,85.48,125.95,155.82,8.4,6.7,3.0,1.042,19.6,18.72,29.58,9.88,11.44,20.64,41.57,20.83,9.46
2021-05-18,3290.0,4286.2,2893.7,2250.8,691.92,538.88,85.61,126.92,160.08,9.2,3.8,2.6,1.044,19.36,18.8,30.71,10.07,11.42,20.58,42.92,20.42,9.03
2021-05-19,3339.4,4417.8,2882.9,2252.9,710.42,559.3,85.57,126.12,164.79,8.6,5.5,2.2,1.046,20.48,19.85,31.2,9.85,11.36,22.23,42.91,20.29,8.98
2021-05-20,3346.3,4451.9,2858.9,2259.5,731.17,579.19,85.56,126.58,156.5,7.1,5.4,2.2,1.048,20.08,19.29,30.9,10.0,11.42,21.78,44.59,20.97,8.91
2021-05-21,3377.4,4516.0,2811.0,2348.5,709.07,583.94,85.53,126.67,153.52,8.1,6.1,3.7,1.05,19.76,19.18,30.52,9.77,11.16,21.92,45.01,20.67,9.0
2021-05-22,3366.9,4542.7,2785.4,2299.5,725.3,538.74,85.46,126.93,161.64,8.2,6.4,3.5,1.052,21.01,20.32,32.16,9.9,10.99,22.64,44.51,20.68,8.44
2021-05-23,3399.2,4627.9,2779.5,2300.8,713.18,563.59,85.52,126.93,162.57,6.9,5.0,3.1,1.054,20.77,20.12,32.3,9.74,11.28,22.28,43.07,20.5,8.51
2021-05-24,3315.5,4460.9,2765.6,2252.7,720.55,555.35,85.46,127.19,159.66,6.7,5.6,3.5,1.056,20.27,19.67,31.19,9.56,10.77,21.69,41.83,20.62,8.49
2021-05-25,3269.1,4378.8,2741.8,2231.7,699.0,538.18,85.55,127.48,157.65,7.2,6.7,3.3,1.058,20.32,19.64,31.15,9.39,10.58,21.89,42.82,20.69,8.69
2021-05-26,3421.9,4574.9,2898.8,2309.5,717.76,552.41,85.6,127.41,164.1,10.4,5.1,3.9,1.061,20.88,20.29,32.66,10.01,11.2,22.57,44.51,20.95,8.79
2021-05-27,3287.9,4317.3,2846.7,2258.3,671.73,513.05,85.62,127.19,162.48,7.5,4.2,4.0,1.063,19.38,18.79,30.41,10.06,11.36,20.84,42.54,20.41,8.86
2021-05-28,3309.1,4329.2,2874.0,2286.3,713.4,576.66,85.55,127.2,157.53,9.5,4.8,2.4,1.065,19.7,19.18,30.27,9.84,11.42,21.2,42.21,20.44,8.56
2021-05-29,3396.1,4486.2,2929.7,2304.9,691.6,549.56,85.53,127.56,161.02,7.4,4.0,3.5,1.068,19.82,19.15,30.34,9.77,11.33,21.72,42.27,21.41,9.04
2021-05-30,3420.3,4497.5,2986.4,2304.3,735.05,573.62,85.68,128.12,155.64,9.1,5.5,1.9,1.07,19.92,19.16,30.7,10.1,11.75,21.25,44.32,20.58,8.69
2021-05-31,3421.0,4475.3,2996.7,2328.4,729.32,585.08,85.8,128.81,164.01,9.1,6.1,3.4,1.072,20.54,19.82,31.89,10.03,11.33,22.39,44.76,21.03,8.81
2021-06-01,3423.2,4514.3,2995.4,2276.3,724.21,546.73,85.73,128.83,160.43,9.1,5.0,3.8,1.075,20.57,20.17,31.38,9.99,11.53,22.4,43.26,20.84,9.04
2021-06-02,3452.0,4499.7,3039.8,2352.8,740.41,561.55,85.79,129.25,159.94,8.5,3.7,2.3,1.077,20.72,20.25,32.26,9.91,11.28,22.3,44.31,20.4,9.11
2021-06-03,3496.5,4529.5,3071.2,2439.1,704.27,523.19,85.95,130.03,161.75,9.7,6.1,3.1,1.08,20.84,20.4,32.36,10.18,11.9,22.33,45.26,21.35,8.72
2021-06-04,3475.6,4480.6,3067.8,2438.6,743.72,571.71,85.78,130.91,162.24,8.5,3.6,3.4,1.082,20.69,20.26,31.07,10.39,12.04,22.36,43.59,21.31,9.4
2021-06-05,3532.5,4632.6,2980.5,2545.2,732.23,573.08,85.91,131.18,165.85,10.1,3.8,3.6,1.085,21.1,20.4,31.99,9.87,11.22,22.8,44.24,21.12,9.3
2021-06-06,3594.6,4813.1,2968.5,2521.7,714.5,558.54,85.87,131.39,164.81,6.1,5.0,3.3,1.088,20.51,19.94,30.53,9.86,11.55,22.24,45.42,20.87,8.66
2021-06-07,3579.4,4814.7,2913.6,2535.1,735.84,575.75,86.0,131.81,162.0,8.4,5.4,2.6,1.09,21.23,20.6,32.53,9.79,11.36,23.23,45.09,21.32,9.06
2021-06-08,3533.0,4679.8,2892.8,2594.6,701.94,530.58,85.95,131.57,165.85,8.3,5.6,3.5,1.093,21.15,20.61,33.02,9.56,10.72,22.76,45.15,21.12,9.18
2021-06-09,3522.7,4647.9,2919.0,2567.5,705.07,559.59,85.76,131.82,164.56,6.9,5.1,2.2,1.096,20.32,19.67,30.64,9.72,10.85,21.94,43.9,20.22,8.96
2021-06-10,3525.6,4656.4,2966.0,2499.8,707.35,554.61,85.6,132.54,161.41,8.7,6.8,3.4,1.098,20.8,20.19,31.6,10.01,11.24,22.08,44.2,21.79,9.48
2021-06-11,3589.2,4741.8,3104.2,2423.9,708.91,561.74,85.66,133.22,162.77,6.2,5.3,3.3,1.101,21.2,20.57,32.87,9.98,11.81,23.06,43.72,21.17,8.93
2021-06-12,3572.5,4657.8,3087.0,2515.7,701.52,524.47,85.75,133.46,162.82,7.2,6.1,3.6,1.104,20.9,20.35,32.05,10.23,11.56,22.54,44.02,21.49,9.27
2021-06-13,3569.2,4605.8,3156.4,2488.4,735.33,577.29,85.69,133.95,165.58,5.6,5.9,3.2,1.106,20.87,20.34,32.11,10.3,12.22,23.05,43.59,21.69,9.25
2021-06-14,3616.5,4698.5,3193.3,2477.5,713.92,542.61,85.83,133.92,162.22,9.9,4.1,2.5,1.109,21.12,20.5,33.23,10.26,11.59,23.01,44.72,21.62,9.3
2021-06-15,3693.2,4835.1,3293.8,2425.4,722.12,558.48,85.66,134.67,162.25,7.7,5.1,3.5,1.112,21.4,20.78,33.29,10.79,12.18,23.18,44.16,22.16,9.48
2021-06-16,3705.3,4794.7,3344.2,2467.8,708.55,559.08,85.71,135.04,171.81,10.6,7.1,4.5,1.115,20.65,20.07,31.94,10.6,12.36,22.83,45.55,22.6,9.26
2021-06-17,3631.1,4679.4,3290.2,2431.1,689.17,538.65,85.6,135.32,167.81,9.0,4.8,4.8,1.117,20.93,20.55,31.95,10.49,12.25,22.95,43.59,22.06,9.42
2021-06-18,3751.3,5079.2,3192.7,2408.8,720.35,551.66,85.57,135.56,161.12,8.5,4.6,5.8,1.12,22.12,21.2,35.31,10.83,12.57,24.04,47.58,21.48,9.2
2021-06-19,3811.0,5185.3,3231.9,2422.9,687.98,536.7,85.63,135.96,166.54,7.3,5.4,5.2,1.123,21.68,20.89,34.3,10.27,11.94,23.26,47.52,21.46,9.0
2021-06-20,3788.1,5171.9,3215.8,2375.4,715.3,539.55,85.57,136.18,164.83,6.7,4.8,2.9,1.125,22.75,22.17,34.97,10.93,12.41,24.86,47.17,21.35,9.04
2021-06-21,3816.6,5285.6,3171.5,2369.3,695.83,556.55,85.58,136.96,166.01,8.6,4.5,3.6,1.128,22.7,22.06,35.07,10.32,12.03,24.85,46.19,21.75,8.24
2021-06-22,3811.8,5285.7,3111.1,2434.6,747.29,580.42,85.77,137.23,165.07,7.9,4.8,3.9,1.131,22.24,21.62,34.12,10.14,11.71,23.82,47.29,21.84,9.02
2021-06-23,3873.4,5396.3,3146.6,2454.3,731.03,583.63,85.75,138.5,169.36,6.4,6.6,3.9,1.133,22.69,22.11,35.21,10.31,11.78,25.28,47.5,21.37,9.09
2021-06-24,3929.0,5424.8,3268.8,2460.2,719.94,555.23,85.92,139.71,166.05,6.2,5.1,4.1,1.136,22.81,22.16,34.96,10.66,12.28,24.55,47.61,22.47,9.22
2021-06-25,3937.5,5445.7,3262.3,2469.8,736.76,568.39,85.83,139.75,164.48,6.8,4.1,6.0,1.138,22.94,22.17,35.26,10.99,12.85,24.53,49.4,22.43,9.16
2021-06-26,3953.4,5444.4,3321.7,2452.1,705.87,541.41,85.96,140.29,168.96,10.2,3.9,3.2,1.141,23.11,22.51,36.02,10.91,12.62,24.39,47.97,22.77,9.14
2021-06-27,3921.7,5297.8,3334.3,2542.4,728.18,578.5,86.21,140.47,165.77,10.7,7.3,3.5,1.143,22.34,21.67,35.48,10.8,11.99,24.49,47.14,21.64,8.94
2021-06-28,3983.2,5532.2,3269.8,2503.7,721.44,554.21,85.94,140.83,165.37,8.2,5.1,5.4,1.146,23.71,22.94,36.87,10.97,12.79,25.22,48.17,21.77,8.79
2021-06-29,3972.9,5439.4,3340.2,2512.4,722.12,570.99,85.89,142.36,166.17,8.2,5.7,3.7,1.148,23.42,22.83,36.82,10.31,12.02,25.38,47.86,21.91,8.91
2021-06-30,3903.0,5306.5,3289.4,2516.6,738.04,571.08,86.03,142.74,164.57,7.6,4.6,4.5,1.15,22.96,22.37,35.43,10.79,12.34,25.26,48.05,23.28,9.64
2021-07-01,3923.2,5307.6,3313.9,2561.1,730.13,545.79,86.06,143.46,165.01,6.9,5.6,5.0,1.153,22.73,22.08,35.03,10.83,12.48,24.8,46.58,22.0,8.99
2021-07-02,3903.2,5227.6,3314.3,2608.6,724.12,557.97,86.17,144.29,162.64,9.7,6.6,4.6,1.155,22.79,22.37,34.52,10.82,12.47,24.76,47.25,22.59,9.17
2021-07-03,3940.6,5252.9,3395.6,2603.7,694.84,527.83,86.15,144.36,161.99,10.2,4.7,4.4,1.157,22.32,21.84,34.92,10.42,11.58,24.0,47.3,22.51,9.31
2021-07-04,3968.8,5359.4,3347.4,2613.7,705.68,550.84,86.22,144.5,161.01,6.9,5.7,5.0,1.159,22.51,21.98,35.24,10.5,12.0,24.65,46.52,21.89,8.93
2021-07-05,4043.1,5495.7,3395.9,2625.1,718.47,546.13,86.26,144.48,159.43,7.9,4.1,3.6,1.161,23.62,23.3,36.48,10.84,12.39,26.28,47.52,22.17,9.16
2021-07-06,4049.4,5606.3,3362.9,2519.4,722.99,575.04,86.48,144.63,161.47,7.5,7.1,3.9,1.163,23.65,22.92,36.25,11.11,12.74,25.96,49.0,22.34,9.38
2021-07-07,4021.3,5589.4,3353.3,2447.6,705.19,548.96,86.58,143.81,164.27,7.5,5.6,4.8,1.164,23.17,22.41,36.52,11.25,12.83,25.79,49.71,22.57,8.94
2021-07-08,3950.5,5613.4,3141.4,2422.4,758.94,589.84,86.68,144.7,165.36,9.4,5.0,2.7,1.166,23.56,22.99,36.42,10.34,12.03,25.62,50.2,21.62,9.57
2021-07-09,4029.5,5676.7,3310.8,2400.1,745.55,589.4,86.69,146.34,163.83,6.4,5.1,5.5,1.168,23.58,22.83,37.01,10.46,11.87,25.32,49.2,21.82,8.65
2021-07-10,3968.1,5499.6,3373.8,2349.8,731.82,582.39,86.69,147.05,155.46,8.6,4.9,4.6,1.169,23.98,23.26,36.62,11.07,12.92,26.08,49.51,22.63,8.87
2021-07-11,4004.8,5588.6,3349.0,2388.9,723.9,564.4,86.69,146.98,171.14,8.9,4.9,4.5,1.171,23.49,22.64,36.05,11.46,13.3,25.54,48.74,21.47,8.89
2021-07-12,3934.6,5451.0,3302.5,2393.3,720.31,552.59,86.81,147.31,169.13,7.8,3.1,3.1,1.172,23.14,22.54,36.37,10.99,12.91,25.27,48.03,22.03,9.0
2021-07-13,4034.0,5705.9,3299.2,2387.9,709.26,531.93,86.82,147.74,166.52,9.1,5.3,3.4,1.173,24.02,23.07,36.96,10.49,12.41,25.75,49.45,22.35,8.66
2021-07-14,4037.3,5680.1,3375.2,2335.9,725.3,557.5,86.92,147.9,172.3,8.2,5.2,4.1,1.174,23.33,22.62,35.94,11.57,13.66,24.73,49.96,22.34,8.77
2021-07-15,4004.9,5680.6,3279.1,2340.1,730.0,561.99,87.26,149.01,160.69,9.5,5.8,5.1,1.176,24.16,23.44,36.92,10.86,12.26,25.99,49.07,21.61,9.13
2021-07-16,3959.4,5617.6,3300.9,2228.2,708.57,553.97,87.45,150.1,172.08,6.2,4.9,2.8,1.176,23.3,22.53,36.03,10.48,12.12,25.56,48.69,21.32,8.63
2021-07-17,3993.5,5573.9,3446.6,2230.5,732.33,567.08,87.47,150.22,160.58,7.6,4.7,5.1,1.177,24.13,23.14,37.81,11.49,13.07,26.02,48.15,22.96,8.5
2021-07-18,4091.2,5852.7,3398.0,2243.1,726.31,574.78,87.7,151.29,165.31,7.9,5.3,4.2,1.178,24.14,23.16,37.24,10.68,12.94,26.45,50.5,22.11,9.29
2021-07-19,4155.2,5971.5,3430.7,2263.4,700.09,538.71,87.71,152.77,159.16,4.8,3.9,4.3,1.179,24.85,23.99,38.64,10.74,12.48,27.13,51.2,21.67,8.75
2021-07-20,4135.1,5811.3,3600.3,2202.0,714.59,556.7,87.5,154.45,164.22,6.7,5.5,4.7,1.179,23.21,22.6,36.61,11.43,13.43,25.82,50.6,23.24,8.82
2021-07-21,4235.5,5995.6,3661.4,2223.0,720.89,576.5,87.43,156.61,165.59,7.0,3.7,4.7,1.179,24.23,23.54,37.44,11.37,13.16,26.86,50.03,23.27,8.91
2021-07-22,4292.1,6137.1,3687.4,2186.5,754.34,592.49,87.25,156.91,163.32,9.1,6.4,3.9,1.18,25.08,24.33,38.61,11.52,12.72,27.48,51.69,22.62,8.73
2021-07-23,4292.5,6110.0,3737.4,2161.5,734.49,572.18,87.27,159.07,166.67,7.2,6.0,5.0,1.18,24.31,23.45,37.87,11.56,13.14,26.63,52.42,24.42,8.46
2021-07-24,4315.7,6149.4,3726.6,2206.3,706.52,543.86,87.34,159.66,164.08,7.0,4.5,2.7,1.18,25.23,24.52,38.66,11.74,13.36,26.79,51.68,22.69,8.71
2021-07-25,4377.3,6152.1,3827.1,2308.1,735.56,566.14,87.63,160.13,161.47,9.0,6.0,4.2,1.18,25.26,24.23,39.23,11.14,12.73,27.19,51.85,23.8,8.72
2021-07-26,4463.8,6373.7,3813.3,2318.6,705.72,540.25,87.75,161.08,161.15,6.1,5.5,4.6,1.18,25.31,24.19,40.19,11.69,13.52,27.33,52.63,24.18,8.93
2021-07-27,4379.1,6280.1,3698.9,2289.9,745.4,574.92,87.79,161.58,166.51,5.5,4.5,4.2,1.179,25.55,24.74,39.63,11.43,13.25,27.94,52.9,23.57,8.85
2021-07-28,4386.8,6295.3,3691.1,2307.3,723.15,573.12,87.97,162.57,160.5,7.6,3.5,3.0,1.179,25.78,24.93,39.6,11.25,12.41,27.88,52.59,23.1,9.12
2021-07-29,4364.5,6246.9,3646.4,2358.1,727.49,564.78,87.74,162.72,166.62,6.3,5.6,5.1,1.179,24.65,24.06,39.23,11.18,12.8,27.58,51.84,22.16,8.68
2021-07-30,4311.5,6090.7,3648.2,2393.2,749.38,568.32,87.84,163.42,167.69,6.3,4.6,3.5,1.178,24.58,23.87,37.87,10.76,12.28,26.74,52.23,24.03,9.25
2021-07-31,4445.3,6341.4,3651.5,2522.8,711.21,575.96,88.02,164.89,155.95,8.7,6.3,4.4,1.177,25.47,24.95,39.02,11.13,13.08,28.54,51.74,23.22,9.34
2021-08-01,4419.0,6208.7,3749.4,2492.9,708.82,556.72,87.89,165.7,166.98,9.1,5.4,4.6,1.176,25.2,24.36,39.82,11.83,13.72,27.27,52.7,22.33,9.08
2021-08-02,4455.6,6237.1,3810.9,2507.6,722.35,546.55,88.12,166.62,170.51,8.9,4.7,4.5,1.176,25.31,24.63,39.81,11.86,13.61,27.65,51.53,24.06,9.38
2021-08-03,4409.2,6048.6,3841.9,2580.3,747.37,577.65,88.24,167.71,163.09,9.3,7.0,5.4,1.174,25.21,24.42,39.37,11.73,13.53,27.29,51.79,23.55,9.48
2021-08-04,4418.0,6017.3,3854.4,2648.1,709.11,554.43,88.26,169.16,164.28,9.5,5.9,4.4,1.173,24.82,24.28,39.3,11.35,12.72,27.19,50.8,23.18,9.56
2021-08-05,4400.2,6077.9,3797.8,2559.3,690.35,558.92,88.42,169.2,165.83,5.4,2.1,4.8,1.172,24.99,24.21,39.2,11.76,13.65,27.67,50.71,22.76,9.35
2021-08-06,4324.3,5998.5,3670.5,2560.8,728.28,554.76,88.8,170.38,160.38,8.5,4.9,4.4,1.171,24.19,23.59,37.27,11.74,13.42,26.58,51.89,23.03,9.31
2021-08-07,4382.8,6078.4,3697.4,2629.4,743.9,591.96,88.9,171.13,162.0,7.4,4.1,4.9,1.169,25.02,24.11,37.87,11.76,13.36,27.13,52.03,23.52,9.3
2021-08-08,4432.5,6060.1,3767.5,2759.2,754.27,605.12,89.01,172.12,155.79,7.1,4.6,5.5,1.168,24.86,24.05,38.58,11.41,13.39,26.93,51.52,23.12,9.54
2021-08-09,4498.3,6200.0,3776.1,2786.8,729.41,561.39,89.03,173.56,161.38,8.7,5.2,4.5,1.166,25.77,24.98,40.54,11.39,13.16,28.06,53.14,23.3,9.62
2021-08-10,4548.2,6355.0,3756.6,2765.5,729.97,566.05,88.99,173.88,162.59,5.9,5.6,5.0,1.164,25.76,25.18,39.82,11.99,13.65,28.5,53.4,24.88,9.85
2021-08-11,4525.1,6287.9,3802.7,2716.0,754.56,576.12,89.18,174.3,162.43,5.9,5.6,5.5,1.163,25.38,24.29,39.79,11.42,13.01,27.48,52.15,23.7,9.78
2021-08-12,4556.1,6297.0,3811.3,2813.3,708.99,550.57,89.14,174.26,164.39,8.8,6.3,5.4,1.161,25.75,24.92,40.17,11.74,13.58,28.11,50.81,23.68,9.92
2021-08-13,4614.1,6317.2,3934.4,2840.7,731.73,570.31,89.23,174.93,156.78,8.6,5.9,4.0,1.159,25.8,24.97,39.59,11.46,13.24,28.51,52.67,23.2,10.04
2021-08-14,4660.9,6384.3,4023.1,2796.4,740.51,585.51,89.25,176.55,157.5,8.2,5.8,5.1,1.157,25.54,24.46,39.97,12.02,13.83,27.87,53.91,23.29,9.66
2021-08-15,4679.7,6381.2,4090.3,2782.5,745.23,594.36,89.4,177.45,166.96,6.9,5.5,4.4,1.155,25.72,24.88,40.65,12.38,13.99,27.83,53.44,24.91,10.2
2021-08-16,4706.6,6397.4,4141.6,2792.3,731.59,561.66,89.52,177.75,158.51,8.9,6.5,5.1,1.153,25.71,24.71,40.21,12.28,13.91,28.0,54.01,24.82,9.66
2021-08-17,4669.2,6364.9,4057.5,2812.3,741.04,554.4,89.75,178.49,159.65,8.8,5.0,4.6,1.15,26.21,25.07,40.92,12.29,13.98,28.18,52.53,24.92,9.62
2021-08-18,4677.2,6373.2,4103.6,2766.8,703.29,548.31,89.76,178.73,158.31,8.1,5.0,4.4,1.148,25.71,24.9,40.68,11.84,13.58,28.34,52.52,23.92,9.66
2021-08-19,4733.4,6510.8,4129.1,2735.6,731.01,573.71,89.81,179.16,155.02,6.6,3.6,4.5,1.146,26.4,25.57,41.49,12.06,13.86,28.95,53.48,24.82,9.71
2021-08-20,4751.4,6569.6,4168.3,2658.7,747.42,585.98,89.76,180.36,164.52,7.5,6.2,4.3,1.143,26.21,25.39,41.74,12.5,14.34,29.13,54.15,23.13,9.32
2021-08-21,4798.2,6631.2,4198.3,2705.3,726.03,562.38,89.79,180.79,155.62,9.0,5.2,4.3,1.141,26.59,25.83,41.99,12.56,14.42,29.03,54.58,24.62,9.49
2021-08-22,4827.3,6691.7,4224.3,2688.4,742.45,580.6,89.92,182.36,152.93,9.6,7.9,3.9,1.138,27.17,26.22,42.0,12.53,14.78,29.61,55.6,25.04,9.43
2021-08-23,4876.4,6652.4,4395.2,2708.4,749.36,602.69,90.11,183.36,155.35,7.6,4.9,3.8,1.136,26.5,25.98,41.8,13.04,15.17,29.09,55.61,24.69,9.63
2021-08-24,4891.9,6666.7,4378.5,2770.9,737.31,579.68,90.08,184.44,148.84,7.7,5.3,5.4,1.133,26.66,25.86,42.0,12.33,14.42,29.29,55.45,25.44,9.87
2021-08-25,4854.3,6525.4,4428.1,2777.5,746.2,577.56,90.28,185.34,153.94,7.8,5.8,4.3,1.131,25.78,25.2,41.71,12.74,14.74,28.12,54.19,25.01,9.63
2021-08-26,4886.5,6649.6,4383.9,2769.0,730.79,564.01,90.56,186.78,152.36,8.3,4.3,3.5,1.128,26.28,25.24,41.49,13.19,15.19,28.81,54.0,24.84,9.79
2021-08-27,4770.4,6321.5,4423.3,2774.6,742.98,577.48,90.7,188.23,158.39,7.3,5.6,3.7,1.125,25.54,24.65,40.02,13.16,15.22,27.9,52.88,24.94,9.34
2021-08-28,4780.6,6306.0,4470.5,2774.2,757.23,610.28,91.05,189.47,152.91,4.5,5.3,4.7,1.123,25.31,24.65,40.75,13.12,15.14,27.95,53.22,26.07,9.95
2021-08-29,4844.4,6425.8,4478.1,2827.1,750.36,583.08,91.04,190.83,158.83,9.4,5.0,3.3,1.12,26.45,25.62,41.74,12.92,15.02,29.14,53.4,25.03,9.68
2021-08-30,4789.5,6263.6,4500.0,2836.3,738.78,576.01,90.96,191.81,160.54,10.2,6.3,2.6,1.117,25.18,24.27,39.87,13.23,15.02,27.58,51.81,24.96,9.66
2021-08-31,4795.1,6303.0,4492.0,2806.9,750.09,579.28,90.81,193.17,157.74,7.3,4.4,2.7,1.115,25.91,24.86,41.4,13.09,15.2,27.71,52.41,24.87,9.86
2021-09-01,4755.9,6221.1,4442.6,2850.0,759.17,605.34,91.11,194.1,153.42,6.7,5.5,2.4,1.112,25.51,24.85,41.22,12.54,14.45,27.86,52.96,25.03,9.97
2021-09-02,4750.0,6177.2,4440.4,2900.1,718.77,584.16,91.3,195.21,154.51,7.8,6.5,2.7,1.109,25.16,24.5,40.05,13.06,14.66,27.64,51.63,25.06,9.8
2021-09-03,4788.6,6279.5,4481.5,2833.2,767.42,604.0,91.39,196.19,147.5,7.8,4.6,2.7,1.106,26.16,25.42,41.93,12.79,14.73,28.5,52.78,25.69,9.63
2021-09-04,4808.2,6293.9,4475.0,2897.5,745.78,582.7,91.52,197.09,152.72,9.2,4.9,4.8,1.104,24.8,23.98,40.21,13.13,14.84,27.2,52.57,24.85,9.78
2021-09-05,4726.5,6061.5,4500.0,2907.4,756.9,590.82,91.47,197.87,149.46,8.1,7.3,3.6,1.101,24.91,24.0,40.44,12.61,14.4,27.59,51.01,25.55,9.97
2021-09-06,4677.7,5956.6,4476.2,2913.4,770.97,572.74,91.9,199.24,155.32,7.0,5.6,3.3,1.098,24.36,23.62,38.99,13.41,15.39,26.7,51.1,25.69,10.11
2021-09-07,4700.5,6071.1,4383.3,2951.7,733.12,580.78,92.02,201.05,162.48,6.4,4.7,2.4,1.096,24.22,23.3,38.48,12.67,14.27,26.57,51.11,24.43,9.75
2021-09-08,4713.9,6121.4,4387.9,2918.2,743.73,581.72,92.13,202.78,153.82,9.0,5.9,3.4,1.093,24.68,23.82,39.15,12.5,14.36,26.38,51.31,25.01,9.77
2021-09-09,4791.6,6311.6,4367.0,2954.1,751.21,591.08,92.33,203.31,143.49,8.7,4.7,2.1,1.09,25.67,25.09,41.23,12.58,14.49,28.54,52.07,24.92,10.07
2021-09-10,4861.5,6484.5,4386.9,2929.1,744.76,572.37,92.5,205.13,149.64,9.3,3.8,3.2,1.088,25.88,24.83,41.48,12.69,14.75,29.05,53.48,25.02,9.93
2021-09-11,4813.1,6425.5,4368.7,2855.5,783.32,606.38,92.64,206.14,151.2,6.8,6.4,5.1,1.085,26.44,25.75,41.46,12.84,14.67,29.43,54.04,24.9,9.96
2021-09-12,4889.9,6682.0,4330.6,2805.6,744.44,575.73,92.64,207.62,150.69,10.2,4.2,4.0,1.082,26.62,26.05,42.0,13.0,15.01,29.36,55.24,24.76,9.09
2021-09-13,4876.7,6652.4,4310.9,2827.7,749.95,597.22,92.81,208.36,147.03,5.9,7.4,3.2,1.08,26.52,25.85,41.42,12.67,14.55,29.97,53.51,24.82,9.72
2021-09-14,4805.8,6515.2,4298.5,2781.1,763.45,590.94,93.17,209.62,150.56,8.9,4.7,3.9,1.077,26.19,25.46,41.89,12.12,13.85,28.83,54.92,25.79,9.96
2021-09-15,4773.5,6420.5,4264.6,2850.9,744.04,605.34,93.46,210.98,144.22,5.7,7.1,2.9,1.075,25.91,25.07,41.71,12.24,13.74,28.47,53.42,24.67,9.66
2021-09-16,4668.9,6151.4,4238.4,2899.7,758.02,596.43,93.79,211.44,145.02,7.1,3.9,2.7,1.072,25.09,24.24,39.95,13.23,15.19,27.32,51.31,25.33,10.05
2021-09-17,4736.5,6320.4,4199.9,2953.5,768.96,584.48,93.83,212.96,150.99,9.9,6.1,4.6,1.07,25.47,24.37,39.99,12.53,14.55,27.56,52.72,25.33,9.75
2021-09-18,4815.1,6479.0,4244.6,2951.4,759.09,590.54,93.81,214.86,143.95,9.0,5.6,2.3,1.068,26.52,25.73,41.47,12.79,14.52,28.37,52.44,24.02,9.63
2021-09-19,4761.1,6342.0,4244.2,2955.4,763.24,587.51,93.9,215.99,149.77,7.3,5.9,2.9,1.065,25.59,24.76,40.45,12.48,14.31,28.27,51.97,24.56,10.14
2021-09-20,4774.8,6298.0,4377.5,2893.9,757.41,564.45,94.03,217.91,141.74,7.4,6.0,3.4,1.063,25.52,24.65,41.18,12.54,14.41,27.81,53.87,25.74,9.91
2021-09-21,4778.9,6291.4,4369.1,2932.9,744.16,599.64,94.29,219.05,153.87,8.1,4.7,2.4,1.061,25.73,24.96,40.41,12.62,14.74,28.12,52.14,25.02,9.87
2021-09-22,4713.1,6168.4,4314.4,2943.0,771.06,609.86,94.18,220.72,143.31,8.6,3.9,3.7,1.058,25.45,24.7,39.68,12.74,14.66,27.93,52.6,24.89,10.25
2021-09-23,4690.6,5963.6,4471.1,2961.3,794.44,626.06,94.5,220.86,145.11,9.5,5.1,2.9,1.056,24.55,23.71,39.72,12.94,14.94,26.64,51.41,25.89,10.05
2021-09-24,4698.9,5938.6,4474.5,3029.4,768.96,601.78,94.6,223.33,146.92,7.5,5.3,3.6,1.054,24.94,24.44,40.35,13.48,15.5,27.5,51.12,25.9,10.02
2021-09-25,4683.9,5902.1,4500.0,2992.3,772.43,585.91,94.66,225.34,142.92,6.1,4.7,3.6,1.052,24.78,24.14,40.79,12.9,14.74,27.48,51.2,25.44,9.94
2021-09-26,4663.3,5859.6,4500.0,2978.0,779.36,602.1,94.65,226.46,145.34,8.2,5.3,2.9,1.05,24.56,23.96,39.0,12.81,14.5,27.04,49.47,25.36,9.88
2021-09-27,4675.5,5886.0,4500.0,2984.5,749.35,594.59,94.55,226.75,146.65,7.5,5.4,4.4,1.048,24.3,23.55,39.21,13.2,15.12,26.51,51.52,24.13,10.17
2021-09-28,4725.9,6043.4,4500.0,2934.0,795.29,607.71,94.79,228.18,147.78,6.4,4.3,2.5,1.046,24.95,24.28,40.65,13.35,15.43,27.31,51.81,25.62,10.01
2021-09-29,4687.9,6001.9,4450.0,2918.7,773.58,573.01,94.92,228.74,146.68,8.4,5.4,4.1,1.044,24.81,23.93,39.92,12.97,14.94,27.06,51.13,25.14,10.29
2021-09-30,4696.7,6014.2,4449.8,2934.5,794.75,617.18,94.87,230.25,142.4,7.7,4.8,3.9,1.042,24.57,23.94,39.47,12.87,15.09,26.76,52.03,24.96,9.35
2021-10-01,4681.7,6086.6,4339.4,2913.0,759.0,590.32,94.83,231.75,142.08,8.4,4.5,4.4,1.041,25.05,24.26,40.36,12.25,14.28,27.44,51.27,24.84,10.19
2021-10-02,4703.7,6136.0,4308.0,2965.7,797.76,623.88,94.91,232.58,151.64,6.9,5.8,3.1,1.039,25.68,24.75,40.52,13.07,15.28,28.08,52.49,24.89,10.23
2021-10-03,4628.8,6054.1,4241.9,2890.0,784.18,620.4,95.27,234.44,145.62,8.6,4.4,2.3,1.037,25.38,24.61,40.67,12.83,14.34,27.7,51.71,24.92,9.96
2021-10-04,4642.3,6054.0,4248.5,2935.0,781.41,617.15,95.37,236.16,137.7,6.4,4.7,4.6,1.036,24.93,24.14,39.14,12.5,14.69,27.1,52.26,24.69,9.73
2021-10-05,4669.4,6103.2,4253.2,2958.0,776.23,608.56,95.3,237.96,141.36,7.0,5.1,2.6,1.034,25.55,25.13,39.85,12.62,14.57,28.12,51.85,25.04,9.66
2021-10-06,4610.8,5965.2,4267.0,2924.9,769.58,614.62,95.4,239.28,139.19,7.7,6.3,2.2,1.033,25.42,24.73,40.27,12.56,14.53,27.91,50.57,24.9,10.19
2021-10-07,4651.6,6096.9,4267.5,2876.9,791.89,599.45,95.5,239.9,139.56,10.1,5.2,2.7,1.031,25.12,24.6,38.83,13.08,15.22,27.37,52.34,25.59,10.04
2021-10-08,4664.0,6240.1,4209.7,2778.3,774.68,610.3,95.27,241.71,134.75,8.9,5.5,2.0,1.03,25.81,25.2,40.84,12.27,14.11,28.12,52.46,24.42,9.83
2021-10-09,4602.4,6138.8,4176.5,2740.5,743.83,587.71,95.4,242.91,137.58,9.3,4.8,3.2,1.028,24.35,23.63,38.05,12.23,13.85,26.33,50.66,25.29,9.61
2021-10-10,4631.4,6143.2,4221.3,2786.7,757.21,575.75,95.51,243.55,146.04,9.7,5.0,2.3,1.027,24.77,23.96,39.58,12.32,14.46,27.14,52.12,25.14,9.96
2021-10-11,4669.8,6196.3,4273.6,2781.9,772.55,584.55,95.75,245.57,140.67,12.3,5.0,2.6,1.026,25.46,24.44,40.53,12.72,14.47,27.88,52.06,25.59,9.63
2021-10-12,4617.3,6115.8,4179.8,2832.1,782.27,601.22,96.14,247.96,127.96,8.0,5.3,3.5,1.024,24.89,24.01,39.51,12.5,14.18,27.56,52.33,24.78,9.8
2021-10-13,4583.6,6152.0,4064.6,2800.6,778.49,599.28,96.44,249.29,142.35,9.7,4.8,3.3,1.023,26.04,25.36,41.07,12.32,14.12,28.92,51.69,24.18,9.78
2021-10-14,4570.0,6151.1,4006.1,2829.8,798.26,631.68,96.55,251.72,141.4,9.2,6.3,2.8,1.022,25.62,24.8,40.32,11.99,13.71,27.72,51.65,24.01,9.87
2021-10-15,4509.5,5970.6,4065.0,2794.0,750.7,578.17,96.55,253.12,135.17,9.2,4.7,2.9,1.021,25.03,24.34,39.41,12.57,14.45,27.43,51.85,25.02,10.07
2021-10-16,4537.7,6010.8,4132.4,2748.1,785.0,602.02,97.04,254.29,139.04,10.1,3.5,2.7,1.02,24.94,23.89,40.36,12.29,14.12,26.84,52.17,25.09,9.44
2021-10-17,4456.7,5877.2,4057.9,2742.2,756.49,582.73,97.2,255.33,132.29,7.5,7.5,2.4,1.019,24.1,23.45,38.48,12.5,14.64,26.94,50.68,23.66,9.18
2021-10-18,4490.8,5974.4,4066.4,2711.4,796.05,634.34,97.35,257.51,133.41,7.4,4.7,2.7,1.018,24.71,24.14,39.48,13.1,15.15,27.56,51.83,24.92,9.36
2021-10-19,4477.0,5889.3,4173.6,2642.1,784.11,611.76,97.5,258.49,140.84,8.4,6.2,3.1,1.017,24.69,23.69,39.75,12.26,13.93,26.73,51.54,24.23,9.75
2021-10-20,4469.2,5864.4,4184.2,2636.0,792.88,616.29,97.69,260.23,133.32,7.8,6.3,2.6,1.016,24.35,23.67,39.13,12.61,14.36,26.46,50.97,24.89,9.56
2021-10-21,4555.3,6009.1,4259.6,2643.1,774.42,602.73,97.82,261.32,126.48,8.4,5.9,3.0,1.015,25.14,24.59,40.93,12.58,14.39,26.58,50.72,25.23,9.15
2021-10-22,4602.2,6050.1,4304.5,2702.3,807.03,644.99,97.9,262.47,133.27,9.9,4.9,2.0,1.014,25.41,24.9,40.5,13.29,15.21,27.51,52.22,25.87,9.76
2021-10-23,4530.5,5915.4,4223.3,2744.8,803.96,618.1,97.99,264.36,132.77,7.4,5.3,2.2,1.014,24.76,23.94,39.44,12.55,14.33,26.39,51.99,25.02,9.71
2021-10-24,4484.7,5794.4,4192.1,2798.8,798.0,638.23,98.15,265.55,137.43,7.6,3.9,2.1,1.013,23.75,23.16,37.77,12.61,14.28,25.68,51.07,24.72,10.01
2021-10-25,4459.0,5725.0,4176.7,2828.7,787.82,617.03,98.23,266.73,132.26,8.2,6.8,2.2,1.012,24.75,24.22,39.24,12.55,14.49,27.63,50.28,24.7,10.09
2021-10-26,4475.5,5768.2,4166.3,2840.2,798.85,621.18,98.3,268.69,130.07,7.7,4.3,3.7,1.011,24.25,23.58,38.34,12.48,14.26,26.1,50.93,25.25,10.57
2021-10-27,4490.4,5805.0,4209.0,2781.1,780.59,638.87,98.48,270.87,135.5,5.7,4.8,3.2,1.011,25.3,24.73,40.43,12.73,14.45,27.28,50.42,25.12,9.5
2021-10-28,4455.5,5707.7,4216.9,2785.9,804.8,615.08,98.62,272.58,131.36,7.3,5.1,1.8,1.01,24.4,23.66,38.55,12.64,14.63,26.25,51.0,24.89,9.4
2021-10-29,4336.9,5579.5,4007.0,2810.6,818.86,634.47,98.99,273.65,127.44,8.8,4.9,3.0,1.01,23.79,23.14,37.85,12.38,14.41,26.71,50.71,23.48,10.09
2021-10-30,4333.9,5616.8,3910.9,2873.3,809.09,616.3,98.8,274.78,134.62,9.7,4.4,2.3,1.009,24.09,23.27,38.31,12.11,13.88,26.07,49.08,22.88,10.27
2021-10-31,4281.9,5601.2,3761.7,2899.4,783.94,622.9,99.12,276.22,130.34,6.6,6.3,2.0,1.008,23.07,22.36,36.54,11.57,13.66,25.52,50.33,23.65,9.68
2021-11-01,4395.0,5843.5,3772.1,2949.6,802.28,646.05,99.46,277.77,129.13,6.6,5.9,1.4,1.008,24.91,24.23,38.51,11.72,13.92,27.21,52.42,23.09,9.81
2021-11-02,4385.3,5840.2,3786.1,2896.1,776.86,625.99,99.35,278.68,129.4,8.0,5.3,3.4,1.007,25.33,24.47,39.81,11.89,13.77,26.78,51.04,23.29,10.06
2021-11-03,4462.8,6032.6,3802.3,2876.0,805.59,643.05,99.48,280.44,123.97,5.5,4.7,1.5,1.007,24.37,23.61,38.22,11.99,13.69,27.17,52.56,23.67,10.44
2021-11-04,4385.3,5886.8,3737.0,2890.5,804.51,625.14,99.61,281.88,125.7,7.5,6.0,2.5,1.007,24.58,23.96,37.13,12.04,13.9,27.06,50.78,24.63,9.82
2021-11-05,4339.1,5704.0,3780.5,2937.4,769.64,595.94,99.6,282.42,127.39,5.9,4.6,1.8,1.006,23.98,23.57,37.26,12.18,13.77,26.39,49.64,23.56,10.05
2021-11-06,4301.7,5579.9,3824.8,2924.2,780.7,588.89,99.68,283.35,126.17,9.6,6.4,3.2,1.006,24.01,22.99,38.45,11.7,13.28,26.32,49.33,24.04,9.56
2021-11-07,4323.7,5716.0,3739.2,2914.1,794.07,643.8,99.71,284.5,131.6,7.1,5.1,2.3,1.005,24.89,24.44,39.5,11.74,13.16,27.16,50.0,23.79,10.0
2021-11-08,4372.9,5907.5,3643.3,2939.0,796.24,626.7,100.13,285.87,126.95,10.0,6.1,2.4,1.005,24.84,24.06,38.86,11.48,13.08,27.0,50.37,22.08,10.07
2021-11-09,4320.7,5810.2,3646.4,2881.6,784.42,605.95,100.44,288.21,129.07,9.3,4.9,2.5,1.005,25.13,24.52,39.36,11.23,12.67,27.3,50.52,23.03,10.34
2021-11-10,4356.4,5753.0,3765.8,2948.9,810.48,648.11,100.8,289.73,125.26,7.2,5.1,2.8,1.004,24.39,23.83,37.86,11.93,13.85,27.04,51.15,23.1,9.97
2021-11-11,4329.8,5620.6,3874.4,2902.3,810.08,620.19,101.09,290.71,129.02,6.7,6.1,2.6,1.004,24.11,23.62,37.9,12.19,13.87,26.66,49.11,24.87,10.24
2021-11-12,4238.8,5424.0,3904.8,2810.3,803.61,631.7,101.13,292.22,125.96,7.8,7.0,2.5,1.004,23.47,22.66,37.79,11.76,13.58,25.45,49.04,23.13,9.71
2021-11-13,4255.6,5515.5,3849.8,2807.8,795.89,618.72,101.25,293.45,123.99,7.9,6.4,2.1,1.004,24.01,23.26,38.05,11.82,13.74,25.69,49.39,23.64,9.9
2021-11-14,4305.2,5547.8,3902.1,2881.4,824.46,650.75,101.51,295.01,123.46,8.4,5.8,1.3,1.003,23.65,22.94,37.49,11.96,13.99,25.61,49.54,24.04,10.59
2021-11-15,4300.5,5555.0,3865.1,2902.7,833.74,649.55,101.54,296.7,119.28,7.1,5.5,1.6,1.003,24.15,23.37,37.97,11.66,13.34,25.82,50.18,23.63,10.58
2021-11-16,4228.6,5406.6,3809.2,2930.8,803.35,609.2,101.83,298.7,124.7,8.9,4.5,3.1,1.003,22.88,22.39,36.82,11.85,13.69,25.45,49.1,23.83,10.59
2021-11-17,4254.6,5600.0,3665.9,2926.1,802.38,626.77,101.99,300.09,122.09,8.3,5.3,2.3,1.003,23.76,23.03,37.73,11.3,13.07,25.38,49.53,23.37,10.19
2021-11-18,4233.4,5547.9,3674.4,2912.8,819.8,652.03,102.14,302.31,119.83,7.6,4.2,2.0,1.002,23.56,22.61,37.27,11.69,13.69,25.89,50.38,23.6,10.06
2021-11-19,4226.4,5612.3,3634.9,2837.3,808.78,630.5,102.44,304.16,125.84,7.1,5.3,1.4,1.002,23.95,23.14,37.46,11.61,13.51,26.34,50.26,23.6,10.03
2021-11-20,4140.3,5454.8,3644.1,2731.8,813.59,643.9,102.7,305.2,116.0,7.8,5.4,1.1,1.002,23.38,22.44,36.53,11.67,13.69,24.91,50.19,23.52,9.92
2021-11-21,4086.6,5444.1,3497.2,2740.0,827.68,633.04,102.86,307.69,118.9,7.0,3.2,2.0,1.002,23.91,23.16,37.47,11.45,12.83,25.73,49.21,23.28,9.95
2021-11-22,4125.1,5486.8,3516.6,2798.2,790.04,615.92,103.22,309.25,124.29,8.1,5.0,3.2,1.002,23.17,22.58,35.72,11.66,13.28,25.13,48.89,23.47,9.67
2021-11-23,4093.5,5531.3,3366.2,2811.1,838.81,646.78,103.28,310.22,121.03,8.1,5.4,2.1,1.002,23.21,22.41,35.62,10.92,12.77,25.35,49.66,21.98,9.81
2021-11-24,4138.5,5554.5,3450.5,2836.2,821.82,649.98,103.57,312.43,119.17,8.3,4.9,2.8,1.002,23.33,22.57,35.67,11.05,12.82,25.81,50.51,23.28,9.84
2021-11-25,4194.6,5613.9,3494.6,2903.7,816.24,637.05,103.86,314.86,119.96,10.1,5.3,2.0,1.001,24.3,23.53,38.23,11.47,13.16,26.69,49.88,22.49,10.36
2021-11-26,4144.5,5491.5,3484.9,2912.7,822.06,649.49,104.03,316.22,119.27,7.8,3.8,3.0,1.001,23.29,22.61,36.0,11.27,12.86,25.25,49.38,22.7,10.41
2021-11-27,4169.3,5521.3,3530.2,2901.1,824.33,656.03,104.29,317.35,112.09,9.2,4.3,2.2,1.001,23.86,23.23,37.33,11.67,13.58,26.35,50.88,23.22,10.9
2021-11-28,4146.5,5540.3,3473.5,2858.5,799.19,631.67,104.34,318.64,116.36,8.3,5.9,1.5,1.001,23.57,22.98,36.61,11.36,12.67,26.11,48.58,23.06,10.08
2021-11-29,4185.3,5571.2,3487.4,2945.0,849.56,665.93,104.68,320.38,123.83,7.7,5.0,2.3,1.001,24.26,23.87,38.91,11.86,13.79,26.56,50.33,23.47,10.05
2021-11-30,4215.3,5583.0,3547.6,2961.7,828.87,634.54,104.87,322.39,114.33,7.9,5.3,4.0,1.001,23.84,23.14,37.34,11.41,13.14,25.94,49.91,22.76,10.1
2021-12-01,4079.8,5446.2,3352.6,2911.6,835.76,651.86,105.02,324.04,115.3,7.9,4.5,3.9,1.001,24.53,23.9,36.9,10.72,12.23,27.01,49.18,23.57,10.11
2021-12-02,4005.8,5311.3,3337.4,2852.8,845.49,653.08,105.38,325.46,114.02,8.3,5.0,2.9,1.001,23.88,22.93,37.39,11.17,12.95,25.85,48.16,22.56,10.46
2021-12-03,3932.6,5084.4,3350.4,2904.9,816.63,632.84,105.51,327.57,115.45,6.8,2.9,2.4,1.001,22.34,21.61,34.67,11.02,12.6,24.49,46.96,22.27,10.28
2021-12-04,3967.1,5202.3,3351.6,2852.3,839.24,650.11,105.54,328.78,113.08,6.2,5.8,2.8,1.001,22.72,22.0,35.26,11.23,12.92,25.36,47.92,22.14,9.73
2021-12-05,4070.1,5315.4,3460.2,2931.4,828.21,634.24,105.56,330.65,116.97,8.8,6.6,2.8,1.001,24.25,23.37,37.24,11.44,13.14,26.12,48.95,22.31,10.15
2021-12-06,4058.8,5424.6,3396.6,2800.7,846.71,636.95,105.86,331.86,115.43,9.1,4.0,2.5,1.001,23.17,22.39,36.1,11.07,12.88,25.21,49.9,22.24,9.63
2021-12-07,4082.0,5469.2,3368.3,2861.9,802.42,617.87,105.92,333.42,117.36,8.9,4.2,2.9,1.001,23.46,22.74,36.44,10.79,12.43,25.89,47.98,22.74,10.13
2021-12-08,3957.0,5243.1,3256.9,2879.2,835.54,654.04,106.38,334.71,109.69,8.2,5.4,2.7,1.001,22.99,22.22,35.26,10.88,12.13,25.42,47.57,22.79,9.92
2021-12-09,3960.3,5150.0,3372.6,2879.4,827.69,629.42,106.33,336.02,112.15,8.9,6.3,2.3,1.0,22.68,22.39,35.1,10.51,11.81,24.73,48.17,22.32,9.93
2021-12-10,3973.2,5193.2,3369.5,2866.3,845.88,659.98,106.79,337.17,112.24,8.9,5.0,1.5,1.0,22.27,21.68,34.84,11.17,12.63,24.21,48.62,22.29,9.63
2021-12-11,4002.7,5230.4,3354.1,2946.6,847.96,684.21,107.05,339.17,114.6,8.9,3.9,2.1,1.0,23.17,22.77,34.9,11.02,12.77,25.03,47.46,22.73,10.43
2021-12-12,4010.8,5226.2,3364.3,2971.2,831.58,660.91,107.27,340.14,109.24,7.0,4.8,3.1,1.0,22.57,22.12,34.53,11.32,13.13,24.82,48.8,22.81,10.54
2021-12-13,4042.2,5287.3,3418.8,2922.6,832.45,669.03,107.44,341.09,115.71,6.7,4.1,2.5,1.0,23.59,22.79,37.37,10.71,12.65,25.66,48.53,23.04,9.99
2021-12-14,4040.5,5306.1,3452.4,2838.8,843.15,662.35,107.73,343.47,116.43,7.5,4.4,2.7,1.0,22.68,22.01,35.61,11.3,12.79,24.38,49.22,22.59,10.01
2021-12-15,4117.0,5335.8,3634.2,2842.8,832.71,663.52,107.96,345.27,107.37,8.0,4.7,2.3,1.0,23.25,22.49,36.27,12.0,14.06,25.48,48.22,23.41,9.91
2021-12-16,4105.0,5280.4,3666.1,2838.6,861.04,662.92,108.35,345.38,109.01,7.7,4.2,1.7,1.0,22.42,21.72,34.69,11.9,13.3,24.24,47.88,24.54,10.04
2021-12-17,4126.9,5406.1,3636.9,2766.3,844.35,650.86,108.6,346.4,108.49,5.7,4.3,2.3,1.0,22.73,21.9,35.79,11.88,13.67,24.48,49.03,22.98,9.73
2021-12-18,4099.5,5370.1,3602.6,2761.9,807.8,597.21,108.86,346.79,120.8,10.1,5.1,1.7,1.0,22.93,22.18,36.48,11.57,13.35,25.21,48.53,23.24,9.56
2021-12-19,4031.6,5236.9,3580.7,2734.4,846.9,674.82,109.06,347.61,108.2,7.7,5.2,1.6,1.0,22.77,22.14,36.97,11.13,12.84,24.55,48.22,23.69,10.23
2021-12-20,3972.8,5171.8,3487.5,2734.0,838.31,672.37,109.29,347.33,116.29,8.2,3.7,3.5,1.0,23.3,22.65,37.19,11.39,13.04,24.75,47.77,22.65,9.21
2021-12-21,3978.4,5156.5,3498.2,2765.8,831.08,641.6,109.58,348.54,104.17,9.5,5.4,2.2,1.0,22.7,22.06,35.16,11.45,13.19,24.82,48.98,23.42,10.03
2021-12-22,4068.5,5289.6,3556.9,2831.1,837.07,649.87,109.59,349.24,104.94,5.2,4.7,1.9,1.0,23.57,22.85,36.58,11.2,12.64,25.41,47.49,22.64,10.09
2021-12-23,4070.7,5302.0,3522.4,2868.2,857.64,659.92,109.66,350.54,105.81,7.4,5.6,3.8,1.0,23.11,22.54,35.48,11.43,13.32,25.53,48.3,23.66,10.55
2021-12-24,4043.7,5297.9,3476.6,2830.8,877.95,689.39,110.0,350.99,104.84,7.5,5.7,3.2,1.0,23.53,22.78,36.24,10.7,12.36,25.64,48.76,23.37,10.07
2021-12-25,4036.1,5177.1,3583.7,2843.6,864.29,687.64,110.27,352.28,106.82,7.6,4.5,2.2,1.0,22.66,22.19,35.55,11.51,13.31,24.21,48.32,22.84,10.02
2021-12-26,4048.4,5286.1,3495.2,2842.3,851.79,643.49,110.5,353.32,104.73,7.8,5.6,2.8,1.0,22.89,21.93,35.65,11.29,12.92,24.97,49.18,23.58,9.88
2021-12-27,3966.2,5231.5,3368.6,2778.2,869.2,682.89,110.75,355.32,103.97,9.7,4.2,2.3,1.0,22.45,21.88,35.95,11.56,13.22,25.06,49.18,22.56,10.11
2021-12-28,3951.9,5240.4,3306.5,2793.9,857.2,665.29,111.05,357.26,111.55,8.8,6.2,1.9,1.0,23.18,22.56,35.3,10.91,12.65,25.45,49.25,22.68,9.84
2021-12-29,4015.3,5422.6,3221.7,2874.7,854.7,668.03,111.23,358.88,111.5,9.1,4.3,2.9,1.0,23.66,22.85,36.37,10.83,12.77,25.87,49.73,22.83,9.86
2021-12-30,4056.2,5488.8,3265.5,2871.1,848.66,667.46,111.38,359.93,110.08,8.1,5.3,2.2,1.0,24.01,23.23,35.99,10.94,12.31,25.88,48.56,22.12,9.93
2021-12-31,3965.9,5316.6,3259.0,2794.3,841.32,653.97,111.66,362.14,108.07,6.3,4.8,2.6,1.0,23.29,22.66,36.1,10.78,12.11,25.14,47.68,22.27,9.74
2022-01-01,3899.5,5149.0,3261.9,2793.0,862.46,671.47,111.78,362.57,106.03,5.6,4.1,3.3,1.0,23.53,22.97,35.68,11.17,12.9,25.51,48.9,23.24,9.77
2022-01-02,3928.9,5177.9,3353.9,2735.7,872.48,677.96,112.09,363.06,103.37,6.3,5.8,3.2,1.0,23.01,22.06,36.24,10.69,12.22,24.89,49.09,21.95,9.98
2022-01-03,3888.0,5079.6,3322.3,2773.6,868.8,689.31,112.11,364.21,101.24,8.6,4.4,2.1,1.0,23.0,22.41,35.55,11.4,13.14,25.14,48.29,23.59,9.96
2022-01-04,3961.0,5191.5,3387.4,2795.1,866.31,680.74,112.51,366.52,106.2,8.2,3.5,2.9,1.0,22.85,22.09,34.95,11.23,12.91,24.53,47.86,22.3,10.18
2022-01-05,4013.0,5231.8,3497.6,2784.6,860.22,673.62,112.83,367.6,99.75,7.9,2.4,1.6,1.0,22.73,22.22,34.66,11.75,13.63,24.65,48.33,22.95,10.04
2022-01-06,4022.0,5284.2,3475.6,2767.3,885.22,675.22,113.12,368.67,100.18,7.7,4.2,2.9,1.0,23.56,22.58,36.22,10.76,12.31,24.74,48.78,23.53,9.74
2022-01-07,4020.6,5238.6,3532.0,2755.8,858.61,665.17,113.51,369.11,108.47,10.6,6.2,2.6,1.0,23.03,22.71,36.16,10.87,12.26,25.47,47.89,23.68,9.42
2022-01-08,4107.7,5465.3,3522.6,2754.6,892.81,707.17,113.99,370.73,111.17,7.2,6.1,2.8,1.0,24.15,23.29,37.7,11.48,13.04,25.87,50.17,23.72,9.78
2022-01-09,4256.8,5802.5,3589.2,2718.3,868.43,677.83,114.39,372.35,104.86,9.3,4.4,2.3,1.0,24.84,24.31,38.3,11.74,13.47,27.11,52.81,23.62,10.11
2022-01-10,4197.7,5780.1,3491.1,2655.4,872.24,688.26,114.4,373.88,107.42,8.2,4.7,4.2,1.0,24.39,23.65,38.19,11.3,12.74,27.08,51.02,23.14,10.01
2022-01-11,4195.8,5828.9,3392.0,2708.1,862.03,693.58,114.49,374.69,101.73,8.1,4.6,1.8,1.0,25.14,24.26,38.1,11.38,13.08,27.36,52.32,23.8,10.13
2022-01-12,4194.2,5847.9,3378.4,2690.6,877.53,696.93,114.66,375.45,97.09,9.6,3.8,3.3,1.0,24.58,23.88,36.53,11.49,13.22,26.93,51.15,23.47,10.1
2022-01-13,4172.1,5827.3,3333.0,2698.5,901.21,704.06,114.93,375.91,104.61,10.0,4.1,1.7,1.0,25.14,24.54,38.65,11.39,13.02,27.69,50.85,23.69,10.24
2022-01-14,4135.8,5745.5,3313.6,2711.5,896.23,692.93,115.26,377.05,104.17,8.0,5.9,2.9,1.0,25.12,24.13,39.04,11.2,12.92,27.42,52.05,22.81,10.08
2022-01-15,4097.7,5640.6,3314.3,2725.7,904.12,674.57,115.42,377.6,101.91,9.2,5.5,3.0,1.0,24.27,23.64,37.92,11.22,12.58,25.97,50.82,21.91,10.47
2022-01-16,4064.1,5536.1,3376.1,2672.2,898.93,699.15,115.71,378.09,100.39,8.7,5.2,2.5,1.0,24.49,23.75,37.14,11.14,12.62,26.31,51.23,23.72,9.99
2022-01-17,4069.0,5607.0,3362.0,2597.7,875.47,678.95,115.87,378.94,104.94,8.3,3.8,2.1,1.0,24.32,23.68,37.24,11.19,12.65,26.4,51.48,23.2,10.24
2022-01-18,4035.5,5573.3,3321.5,2574.4,888.1,697.4,116.05,379.76,96.89,8.5,5.1,2.6,1.0,24.44,23.71,37.9,10.91,12.72,26.17,50.3,23.09,9.57
2022-01-19,3934.9,5315.6,3313.4,2596.1,881.78,685.94,116.12,380.54,97.48,7.5,2.9,2.7,1.0,23.09,22.31,35.5,10.94,13.04,24.88,50.03,22.65,9.59
2022-01-20,3950.6,5403.9,3278.4,2566.5,914.23,709.26,116.25,381.81,96.29,7.9,5.8,3.9,1.0,23.85,22.96,36.77,11.28,12.79,25.17,49.34,22.87,9.74
2022-01-21,3944.7,5435.4,3234.1,2554.7,876.78,662.53,116.33,382.88,100.41,7.6,5.2,1.8,1.0,23.21,22.61,35.49,10.86,12.44,25.61,49.11,22.39,9.66
2022-01-22,4012.6,5618.2,3147.4,2654.9,908.89,697.65,116.46,383.76,95.47,9.4,3.8,2.1,1.0,24.96,24.31,37.49,10.71,12.18,26.91,51.6,22.68,9.84
2022-01-23,4028.3,5685.5,3173.6,2573.3,911.22,716.47,116.87,384.86,96.84,8.2,6.5,2.7,1.0,23.86,23.24,36.16,11.06,12.76,26.17,50.25,22.17,9.92
2022-01-24,3959.4,5546.4,3157.3,2543.2,926.04,742.9,117.0,385.37,96.51,6.8,3.4,2.3,1.0,24.1,23.44,37.3,11.05,12.59,26.21,50.72,23.17,9.75
2022-01-25,3925.7,5332.3,3241.3,2633.4,896.03,697.73,117.62,386.41,98.05,7.5,5.5,2.4,1.0,23.16,22.61,35.77,10.98,12.69,25.42,50.19,23.85,9.7
2022-01-26,3884.4,5295.6,3165.2,2633.5,914.76,717.44,117.94,387.46,92.9,4.5,5.5,3.4,1.0,23.7,23.2,36.92,10.91,12.67,25.04,50.24,22.44,9.8
2022-01-27,3862.5,5271.7,3150.9,2603.9,939.95,744.59,118.23,387.68,98.97,7.8,3.9,1.0,1.0,24.18,23.17,37.19,11.08,12.5,25.87,49.23,22.06,10.22
2022-01-28,3985.3,5422.0,3290.3,2659.5,897.3,690.17,118.37,389.14,103.38,8.4,5.0,2.0,1.0,23.98,22.91,37.64,11.37,13.13,25.52,50.49,22.92,9.97
2022-01-29,3986.0,5460.7,3245.2,2663.3,885.6,695.17,118.73,389.64,98.7,8.2,3.5,1.1,1.0,24.85,24.36,38.36,11.07,12.37,27.12,49.17,22.93,9.45
2022-01-30,4048.4,5623.7,3247.7,2648.9,881.48,678.67,118.91,390.62,104.1,10.7,2.4,1.5,1.0,23.78,22.86,36.92,10.71,12.27,25.35,50.23,22.98,10.21
2022-01-31,3983.5,5508.6,3186.4,2659.2,921.97,729.51,119.19,392.13,103.05,9.1,4.0,4.4,1.0,23.65,22.77,36.26,10.94,12.52,25.66,50.64,23.64,10.07
2022-02-01,4010.0,5651.6,3118.9,2631.0,886.53,693.31,119.79,393.51,100.6,9.0,4.4,3.0,1.0,24.05,23.28,38.09,10.68,12.24,26.51,51.09,22.85,9.98
2022-02-02,4086.1,5761.1,3242.4,2587.4,910.62,713.86,120.04,394.43,97.57,6.4,5.6,3.3,1.0,24.82,23.82,38.0,10.81,12.37,26.77,50.94,22.01,10.04
2022-02-03,4017.2,5564.3,3271.4,2585.8,925.16,712.23,120.45,395.14,97.15,8.0,5.1,2.4,1.0,23.91,23.14,35.91,11.29,12.88,25.71,52.01,22.47,10.09
2022-02-04,4088.0,5745.1,3297.0,2543.9,922.31,727.89,120.61,396.49,99.9,7.8,5.1,3.1,1.0,24.51,23.64,37.75,11.35,13.0,26.33,50.44,23.34,9.54
2022-02-05,4071.0,5782.1,3202.5,2549.3,927.38,748.37,120.86,397.7,95.07,7.5,4.1,1.1,1.0,25.12,24.33,37.84,11.22,12.96,27.38,51.92,22.69,9.52
2022-02-06,4118.5,5850.4,3245.4,2569.9,927.2,711.12,121.36,398.24,88.9,7.4,4.5,3.3,1.0,24.66,23.97,38.21,10.87,12.56,27.09,52.35,23.79,10.42
2022-02-07,4132.5,5777.4,3338.5,2612.4,944.03,732.27,121.53,398.69,98.19,6.2,4.2,1.8,1.0,24.56,23.78,38.09,11.38,13.11,26.79,50.89,22.92,9.76
2022-02-08,4243.6,5943.7,3427.4,2666.0,913.46,715.28,122.02,398.49,91.5,6.9,3.9,2.1,1.0,25.17,24.35,38.62,11.42,13.02,27.34,53.4,23.92,10.04
2022-02-09,4213.2,5831.1,3481.5,2648.9,919.61,726.73,122.37,399.39,91.98,9.5,4.5,2.9,1.0,24.9,24.2,38.04,11.62,13.58,27.18,51.57,23.3,10.34
2022-02-10,4242.7,5946.4,3416.6,2673.1,919.2,710.26,122.55,400.16,95.63,8.2,5.1,2.8,1.0,25.69,25.08,39.44,11.45,13.47,28.01,52.68,23.58,9.86
2022-02-11,4302.9,6054.9,3448.1,2696.3,945.19,703.25,122.89,401.52,95.06,7.8,4.5,2.6,1.0,25.44,24.92,38.81,11.54,13.01,27.85,53.61,23.28,9.99
2022-02-12,4287.6,5960.6,3501.3,2711.4,948.46,756.11,123.27,402.49,89.6,8.4,4.7,1.4,1.0,25.25,24.46,39.29,11.62,13.39,27.69,52.02,24.13,10.34
2022-02-13,4338.4,6196.5,3392.4,2689.7,943.65,745.17,123.6,403.93,95.72,9.8,5.6,2.6,1.0,26.36,25.84,40.47,11.71,13.37,29.03,53.38,24.07,10.12
2022-02-14,4318.2,6227.9,3331.7,2644.0,954.84,723.86,123.64,404.34,98.74,8.4,4.5,3.3,1.0,26.57,25.91,41.73,11.14,12.99,29.41,55.36,23.56,10.14
2022-02-15,4380.2,6304.2,3404.0,2668.5,920.28,710.53,123.79,405.66,90.18,9.1,3.8,2.1,1.0,26.86,25.87,40.7,11.35,13.06,29.38,54.33,24.37,9.95
2022-02-16,4318.4,6136.8,3472.6,2592.9,964.19,770.89,124.0,406.13,99.6,7.4,5.5,3.6,1.0,26.23,25.26,40.05,11.91,13.7,28.43,52.23,23.52,9.82
2022-02-17,4380.9,6378.7,3380.9,2584.3,963.39,768.82,124.23,407.24,88.1,7.7,5.2,1.8,1.0,26.8,25.91,40.72,11.26,13.05,29.32,54.97,23.67,9.86
2022-02-18,4320.4,6240.7,3445.2,2473.1,953.47,754.97,124.56,407.22,102.63,8.8,5.3,2.5,1.0,26.52,25.94,40.47,11.37,13.01,28.78,54.37,24.16,10.03
2022-02-19,4359.3,6356.9,3461.5,2420.1,970.71,755.04,124.82,408.04,92.34,10.7,5.6,3.7,1.0,26.63,25.76,41.15,11.81,13.92,28.96,55.27,23.41,9.61
2022-02-20,4327.9,6245.0,3521.8,2389.3,919.48,718.19,124.88,407.73,94.4,10.1,5.4,2.0,1.0,26.09,25.03,39.95,11.26,13.05,28.31,52.78,23.76,9.61
2022-02-21,4304.7,6179.9,3487.6,2448.3,937.13,729.39,125.0,408.27,86.08,9.1,5.0,3.3,1.0,25.46,24.66,40.07,11.76,13.71,27.34,53.91,24.08,9.41
2022-02-22,4369.1,6272.6,3538.0,2487.1,933.97,742.04,125.0,409.15,93.24,8.6,7.2,4.1,1.0,26.64,25.55,41.09,11.56,13.25,28.85,53.81,24.33,10.21
2022-02-23,4431.6,6386.7,3599.3,2468.8,955.82,735.03,125.0,409.54,94.24,10.1,3.8,2.6,1.0,26.82,25.86,40.94,11.95,13.72,28.81,55.27,24.74,9.81
2022-02-24,4377.2,6241.9,3580.5,2508.9,929.25,715.14,125.0,409.65,92.82,9.4,4.5,2.1,1.0,26.49,25.61,40.37,11.44,13.32,28.5,54.49,23.51,9.81
2022-02-25,4439.5,6363.8,3586.4,2554.9,956.36,758.09,125.0,410.69,90.76,5.6,5.9,1.9,1.0,25.7,24.95,40.13,12.12,14.08,28.07,55.28,24.28,10.11
2022-02-26,4469.9,6474.3,3548.9,2552.4,965.56,752.6,125.0,411.25,89.07,7.1,5.1,3.5,1.0,27.02,26.36,41.36,11.47,12.95,29.63,56.56,23.43,9.77
2022-02-27,4449.8,6360.8,3662.3,2494.8,955.43,761.78,125.0,411.6,97.22,8.8,5.7,3.5,1.0,26.37,25.69,40.68,12.15,13.99,28.52,56.42,23.97,10.07
2022-02-28,4515.2,6531.5,3656.1,2492.0,949.26,732.36,125.0,412.2,92.67,6.2,5.2,3.7,1.0,27.66,26.65,42.0,11.64,13.48,30.21,55.04,24.19,9.37
2022-03-01,4425.7,6357.2,3598.0,2494.2,930.18,724.88,125.0,414.09,98.57,7.3,6.2,2.5,1.0,26.77,25.91,41.07,12.23,14.04,29.18,54.48,24.57,9.55
2022-03-02,4368.8,6282.6,3555.7,2445.3,932.3,716.12,125.0,415.22,90.15,7.5,4.1,3.3,1.0,26.43,25.65,40.29,11.69,13.52,29.4,54.87,24.17,9.43
2022-03-03,4400.0,6332.7,3569.8,2469.8,963.74,751.81,125.0,416.35,90.37,8.1,6.2,2.5,1.0,26.48,25.64,41.27,12.3,14.13,28.94,54.86,24.16,9.28
2022-03-04,4384.2,6233.2,3624.2,2489.7,956.69,728.48,125.0,417.09,95.23,8.0,6.1,1.8,1.0,26.45,25.62,41.04,11.69,13.0,28.93,52.61,24.46,9.63
2022-03-05,4372.7,6261.1,3540.6,2516.4,944.41,730.79,125.0,417.69,85.34,8.0,3.9,3.4,1.0,26.02,24.98,39.93,11.6,13.08,27.92,54.28,24.2,9.77
2022-03-06,4431.1,6284.5,3667.2,2534.9,938.73,714.98,125.0,416.99,86.84,9.3,5.6,3.8,1.0,26.35,25.39,40.56,12.23,14.26,28.22,55.26,24.43,9.52
2022-03-07,4438.0,6259.2,3688.8,2573.1,914.61,721.73,125.0,417.14,95.95,8.0,5.0,1.7,1.0,26.01,25.17,40.27,11.55,13.24,28.54,53.19,23.86,9.49
2022-03-08,4482.9,6346.6,3719.9,2569.2,928.94,733.17,125.0,417.38,86.74,7.9,4.5,1.7,1.0,27.31,26.03,42.0,11.83,13.64,28.9,54.81,23.85,9.84
2022-03-09,4470.2,6312.4,3713.0,2582.6,973.67,738.7,125.0,416.9,84.02,6.7,3.3,2.5,1.001,27.13,26.41,41.32,12.23,14.06,29.75,53.7,24.47,9.94
2022-03-10,4474.1,6329.9,3714.1,2568.7,925.79,738.13,125.0,416.77,98.65,9.5,4.1,3.3,1.001,26.83,25.82,40.5,11.73,13.33,29.53,55.12,23.89,9.75
2022-03-11,4511.8,6446.6,3704.2,2546.8,947.84,769.29,125.0,416.21,85.47,7.5,5.6,1.6,1.001,26.36,25.67,40.37,12.15,13.88,29.25,55.5,24.71,9.52
2022-03-12,4579.7,6517.6,3770.5,2612.0,960.11,749.44,125.0,416.61,91.66,7.0,5.7,2.7,1.001,27.44,26.71,42.0,12.22,14.12,30.16,55.44,25.42,9.88
2022-03-13,4583.0,6584.0,3767.5,2523.2,926.18,714.72,125.0,417.43,91.08,8.5,4.8,2.0,1.001,27.25,26.35,41.67,11.71,13.55,29.79,55.53,24.72,9.58
2022-03-14,4550.8,6433.6,3815.1,2568.4,947.77,773.15,125.0,418.37,79.44,7.4,5.7,3.1,1.001,27.28,26.61,42.0,12.47,14.78,29.72,54.3,23.79,9.9
2022-03-15,4549.8,6474.2,3782.7,2544.9,959.07,732.25,125.0,418.96,89.49,7.6,5.9,1.9,1.001,27.12,26.42,41.75,11.88,13.57,29.66,56.24,24.36,9.72
2022-03-16,4499.6,6357.8,3792.5,2516.2,945.19,737.49,125.0,418.84,92.24,8.6,5.1,3.1,1.001,26.62,25.77,42.0,12.37,14.56,28.83,54.36,24.63,9.77
2022-03-17,4422.3,6202.2,3737.0,2534.0,988.03,772.82,125.0,418.23,91.75,7.9,4.4,2.4,1.001,26.44,25.58,40.63,12.22,13.88,28.31,54.86,24.02,9.59
2022-03-18,4428.1,6186.9,3815.1,2472.4,919.97,733.72,125.0,417.68,93.84,11.0,5.4,1.8,1.001,25.39,24.8,39.69,12.04,13.95,27.96,53.17,24.54,9.29
2022-03-19,4357.7,6080.1,3756.8,2443.0,960.88,753.8,125.0,417.37,88.56,8.1,5.4,2.6,1.001,25.63,24.89,39.71,11.88,13.69,28.29,55.1,24.86,9.84
2022-03-20,4375.9,6164.4,3734.0,2413.0,942.41,729.09,125.0,417.24,92.85,9.0,5.6,1.0,1.001,26.19,25.56,40.74,12.15,13.94,28.26,54.92,25.15,9.8
2022-03-21,4401.1,6246.6,3712.7,2412.2,956.58,734.72,125.0,417.45,87.14,5.9,5.8,2.1,1.001,26.75,25.59,41.73,11.84,13.62,29.16,55.8,25.39,9.54
2022-03-22,4297.8,6025.2,3689.8,2385.1,951.62,738.16,125.0,417.23,84.15,7.2,3.8,2.8,1.001,25.51,24.76,39.85,12.31,14.03,28.15,54.74,23.79,9.59
2022-03-23,4298.0,5932.4,3737.8,2467.2,934.0,716.44,125.0,417.66,84.5,6.9,4.5,1.1,1.002,25.35,24.35,38.52,12.36,14.4,27.46,52.28,24.35,9.56
2022-03-24,4249.3,5774.2,3716.3,2555.5,948.43,740.35,125.0,417.8,83.74,7.0,3.3,1.0,1.002,24.41,23.67,38.39,12.46,14.16,26.71,51.48,24.38,10.13
2022-03-25,4243.0,5733.0,3807.0,2469.4,917.13,708.59,125.0,418.04,93.53,8.7,5.7,1.0,1.002,25.23,24.58,38.94,12.21,14.1,27.35,52.86,24.13,9.58
2022-03-26,4255.6,5794.3,3750.2,2501.3,954.05,726.23,125.0,418.84,83.34,9.4,4.8,3.6,1.002,25.44,24.94,39.44,12.02,13.98,27.8,52.12,24.61,9.65
2022-03-27,4262.7,5775.2,3759.9,2546.5,949.47,755.65,125.0,418.46,90.39,8.6,5.4,2.5,1.002,25.21,24.31,39.6,12.06,14.14,27.04,52.61,24.52,10.08
2022-03-28,4229.1,5718.3,3707.9,2576.0,954.58,738.6,125.0,418.87,88.14,7.9,3.7,2.1,1.002,24.98,24.15,38.4,11.95,13.94,27.0,51.44,24.76,9.71
2022-03-29,4293.8,5871.6,3735.7,2550.7,960.87,734.26,125.0,419.04,88.7,7.4,6.3,3.3,1.002,25.84,25.05,40.61,12.18,14.12,28.0,52.26,25.24,9.92
2022-03-30,4191.2,5620.3,3734.1,2544.7,950.51,739.38,125.0,419.05,94.48,9.5,3.9,2.2,1.003,24.26,23.38,37.84,12.19,13.89,26.76,51.86,24.56,9.58
2022-03-31,4240.5,5770.5,3723.5,2516.2,947.22,739.65,125.0,419.64,87.18,10.6,5.7,2.7,1.003,24.64,24.04,39.45,12.36,14.06,27.1,50.74,24.2,9.95
2022-04-01,4242.8,5716.9,3800.7,2503.4,931.78,705.83,125.0,420.23,91.29,8.3,5.1,2.6,1.003,25.11,24.34,39.26,12.17,13.76,27.11,52.12,24.05,9.93
2022-04-02,4214.8,5716.7,3755.1,2455.4,934.32,732.75,125.0,419.88,88.91,9.3,4.8,2.2,1.003,25.1,24.36,39.9,11.73,13.24,27.16,51.98,25.47,9.33
2022-04-03,4208.4,5666.7,3792.0,2458.1,962.8,738.42,125.0,419.9,88.07,8.5,4.8,2.8,1.004,24.31,23.67,38.69,12.12,13.94,26.29,51.32,25.18,9.37
2022-04-04,4247.0,5846.6,3739.3,2398.3,966.55,774.44,125.0,420.14,97.8,9.0,4.4,3.2,1.004,25.07,24.3,38.8,12.52,14.26,27.07,52.6,24.81,9.71
2022-04-05,4195.6,5711.8,3746.1,2398.8,941.43,740.6,125.0,420.09,82.75,6.7,6.2,2.4,1.004,25.35,24.47,38.88,11.69,13.69,27.56,51.8,24.39,10.06
2022-04-06,4159.8,5720.2,3667.7,2352.2,945.69,732.84,125.0,420.46,93.59,7.5,5.0,2.2,1.004,24.95,24.19,38.85,12.13,13.84,26.88,51.92,25.09,9.73
2022-04-07,4176.4,5784.5,3627.0,2372.5,931.43,717.57,125.0,420.65,90.98,8.6,3.9,2.3,1.005,25.2,24.32,38.81,11.74,13.52,27.01,52.39,24.01,9.46
2022-04-08,4101.1,5610.0,3625.8,2352.3,962.59,749.56,125.0,421.61,86.36,9.5,4.7,1.0,1.005,24.16,23.45,38.4,11.69,13.39,26.07,50.86,23.42,9.34
2022-04-09,4113.8,5519.9,3747.9,2376.3,954.98,752.24,125.0,420.88,94.72,7.1,5.1,2.8,1.005,24.5,23.92,38.23,12.22,13.77,26.4,52.63,24.69,9.27
2022-04-10,4130.2,5518.9,3753.9,2435.3,974.12,759.51,125.0,420.83,80.74,5.6,5.8,1.6,1.006,23.85,22.96,37.36,12.57,14.67,26.06,50.92,24.08,9.9
2022-04-11,4154.6,5436.4,3860.6,2515.2,931.83,724.22,125.0,420.38,85.98,7.5,4.5,3.1,1.006,23.24,22.32,36.23,12.36,14.35,25.1,50.15,24.86,9.98
2022-04-12,4102.6,5365.6,3869.8,2407.6,939.33,733.38,125.0,420.67,83.16,9.3,4.5,2.5,1.007,24.02,23.31,38.09,12.24,14.24,25.85,51.23,25.47,9.43
2022-04-13,4078.3,5349.3,3839.3,2379.3,948.47,732.56,125.0,419.84,89.57,6.2,5.0,2.7,1.007,24.26,23.42,37.64,11.95,13.86,26.03,48.78,23.93,9.5
2022-04-14,4148.7,5443.6,3935.3,2375.8,954.7,740.55,125.0,419.97,83.4,6.6,5.8,3.1,1.007,23.97,23.25,38.13,12.44,14.16,26.0,51.75,24.62,9.59
2022-04-15,4155.7,5423.8,3955.8,2406.7,941.76,709.55,125.0,419.6,89.52,8.2,3.8,1.8,1.008,23.75,23.09,37.94,12.14,13.81,25.55,50.33,25.47,10.04
2022-04-16,4176.8,5561.1,3905.4,2341.8,931.91,738.57,125.0,419.17,86.98,7.9,5.5,2.9,1.008,24.89,23.82,38.77,12.28,14.21,26.15,50.5,24.59,9.48
2022-04-17,4137.7,5463.0,3929.4,2308.8,958.22,751.0,125.0,418.37,85.74,8.8,4.6,2.8,1.009,24.06,23.44,38.47,12.45,14.63,26.53,49.9,25.28,9.23
2022-04-18,4084.4,5341.7,3903.0,2326.9,955.82,736.26,125.0,418.04,89.15,6.6,4.7,2.5,1.01,23.75,22.86,37.47,11.82,13.67,25.79,49.18,25.19,9.21
2022-04-19,4134.5,5575.9,3767.4,2342.4,931.26,749.16,125.0,418.48,86.46,7.7,6.8,1.9,1.01,24.93,24.17,38.27,12.44,14.51,27.02,50.69,24.91,9.23
2022-04-20,4137.8,5514.0,3827.4,2370.6,965.33,754.0,125.0,418.34,83.12,9.5,4.8,3.1,1.011,24.18,23.35,38.73,11.98,13.68,26.36,51.12,24.52,9.91
2022-04-21,4116.9,5383.3,3895.4,2400.9,962.55,738.36,125.0,418.52,98.62,6.6,5.7,3.2,1.011,23.69,22.89,37.08,12.37,14.44,26.13,50.68,23.73,9.76
2022-04-22,4094.2,5211.7,4009.1,2425.5,947.01,748.95,125.0,419.21,85.41,9.8,5.7,2.7,1.012,23.65,23.19,37.86,12.72,14.54,25.55,49.46,25.42,9.55
2022-04-23,4163.3,5358.4,4026.3,2442.9,946.19,742.81,125.0,419.18,78.43,6.8,4.0,1.8,1.013,23.53,22.87,37.69,12.94,14.93,25.18,49.66,24.47,8.93
2022-04-24,4149.9,5342.0,3999.2,2453.5,953.31,748.32,125.0,418.73,83.88,9.0,3.4,2.2,1.014,23.71,23.13,37.87,12.38,14.17,25.95,50.85,25.7,9.49
2022-04-25,4172.5,5336.0,4043.8,2491.2,932.07,721.91,125.0,418.77,82.13,7.6,5.8,2.6,1.014,23.19,22.52,37.25,11.98,13.96,24.73,51.48,25.2,9.79
2022-04-26,4166.2,5340.7,4087.7,2397.1,945.45,742.86,125.0,418.3,90.45,6.7,4.1,3.2,1.015,23.79,23.17,37.5,13.0,15.13,25.79,50.87,25.27,9.67
2022-04-27,4272.1,5474.1,4181.1,2476.1,912.71,708.78,125.0,417.83,88.38,7.4,3.5,1.4,1.016,23.99,23.33,39.12,12.5,14.08,25.95,50.0,25.81,9.72
2022-04-28,4240.4,5469.7,4161.5,2384.0,958.15,754.03,125.0,416.85,88.63,8.7,6.0,2.2,1.017,24.48,23.79,39.41,12.98,15.2,26.66,50.98,24.83,9.26
2022-04-29,4330.8,5743.2,4135.0,2345.2,921.58,695.97,125.0,417.07,85.51,8.0,4.1,2.4,1.018,25.07,24.48,39.92,12.86,15.26,27.18,52.01,25.3,9.48
2022-04-30,4316.3,5759.9,4073.8,2346.0,967.55,749.48,125.0,416.62,85.82,9.4,4.3,2.6,1.019,25.2,24.47,39.19,11.94,13.66,27.68,53.21,25.74,9.31
2022-05-01,4381.8,5877.9,4096.7,2387.2,940.05,753.9,125.0,416.45,85.41,9.7,6.8,1.7,1.02,25.37,24.95,39.6,12.33,14.15,27.64,52.26,25.54,9.56
2022-05-02,4344.4,5961.9,3983.2,2262.0,941.82,725.42,125.0,415.65,86.52,6.6,3.5,2.6,1.021,25.45,24.83,40.27,12.41,14.52,28.03,52.28,24.87,9.16
2022-05-03,4357.2,5949.3,4025.4,2274.2,935.58,722.51,125.0,415.57,90.14,6.5,3.9,2.5,1.022,25.63,24.69,39.37,11.94,13.74,27.47,53.52,24.95,9.62
2022-05-04,4350.3,5876.8,4053.9,2322.9,940.68,728.35,125.0,414.89,88.1,6.4,4.6,1.9,1.023,24.84,24.07,39.43,12.32,14.16,27.2,52.75,26.07,9.53
2022-05-05,4386.9,5909.2,4081.1,2379.1,966.28,739.12,125.0,414.5,88.71,6.9,4.8,2.7,1.024,24.61,23.93,38.41,12.8,15.1,26.62,52.17,25.99,9.57
2022-05-06,4400.7,5959.7,4078.4,2357.6,907.68,681.49,125.0,414.61,88.67,9.3,4.2,2.4,1.026,25.73,24.97,40.1,12.59,14.21,27.93,53.02,24.83,9.77
2022-05-07,4402.4,5888.8,4166.5,2354.5,964.15,749.27,125.0,414.66,90.17,8.7,4.0,3.2,1.027,25.6,24.93,39.82,12.99,14.79,28.25,53.96,26.42,9.47
2022-05-08,4418.4,5902.8,4208.3,2337.3,950.07,742.69,125.0,414.29,87.74,7.4,6.4,2.1,1.028,25.3,24.66,40.24,13.07,15.12,27.64,52.25,26.15,9.14
2022-05-09,4449.7,6034.1,4152.5,2330.6,926.89,722.35,125.0,413.04,87.98,8.0,5.3,2.9,1.03,26.0,25.01,41.46,12.38,13.91,28.39,52.54,25.72,9.69
2022-05-10,4509.2,6250.7,4100.2,2295.3,928.87,722.78,125.0,414.16,91.26,9.7,5.6,2.2,1.031,25.99,25.4,41.02,12.39,14.17,28.56,54.22,25.61,9.44
2022-05-11,4507.0,6323.0,4031.2,2267.5,970.15,757.23,125.0,414.64,83.81,10.3,4.9,2.4,1.033,26.38,25.51,41.48,12.87,14.73,28.57,55.4,24.85,9.36
2022-05-12,4596.5,6502.8,4058.2,2300.1,930.82,738.31,125.0,414.59,83.01,8.3,5.3,3.1,1.034,26.68,25.79,41.78,13.02,15.16,29.17,55.4,26.0,9.23
2022-05-13,4533.6,6399.8,3983.5,2318.0,927.7,721.32,125.0,413.8,81.65,4.8,5.9,3.1,1.036,26.86,25.97,42.0,12.25,14.22,29.4,55.65,25.5,9.54
2022-05-14,4583.9,6448.6,4047.3,2351.6,962.06,743.52,125.0,413.31,87.09,8.4,4.2,2.6,1.037,26.4,25.73,41.53,12.76,14.33,28.45,55.66,25.54,9.76
2022-05-15,4662.5,6565.3,4124.3,2371.6,950.08,737.69,125.0,412.6,78.91,9.1,5.3,2.7,1.039,26.96,26.11,40.97,13.01,14.82,29.63,56.6,25.67,9.36
2022-05-16,4594.9,6430.6,4055.3,2413.0,930.93,733.08,125.0,412.78,88.14,8.3,5.7,1.8,1.041,26.87,25.96,42.0,12.69,14.45,28.95,54.63,25.2,9.72
2022-05-17,4566.5,6348.1,4034.4,2461.0,948.25,756.58,125.0,412.45,85.82,8.9,6.5,4.1,1.042,26.18,25.33,41.38,12.57,14.41,28.22,54.07,25.01,9.76
2022-05-18,4612.9,6514.6,4027.6,2389.7,929.61,717.56,125.0,411.58,90.76,8.4,6.8,3.5,1.044,26.77,25.7,41.62,12.41,14.06,29.2,55.28,25.43,9.32
2022-05-19,4567.1,6374.7,4077.6,2360.3,961.51,751.17,125.0,410.85,83.51,6.5,5.2,3.5,1.046,25.96,25.06,39.91,13.24,15.32,28.74,54.25,25.09,9.57
2022-05-20,4531.3,6201.9,4173.0,2359.9,960.92,753.58,125.0,410.91,85.35,6.9,6.1,1.8,1.048,26.45,25.47,41.71,12.95,14.75,28.66,54.54,25.82,9.43
2022-05-21,4551.4,6353.6,4050.6,2368.8,952.98,731.41,125.0,411.2,90.62,7.6,2.7,2.6,1.05,26.4,25.57,41.48,12.77,14.81,28.39,53.63,25.42,9.87
2022-05-22,4579.5,6461.7,4022.2,2348.2,950.42,741.58,125.0,411.44,91.64,9.3,6.5,2.8,1.052,26.55,25.86,41.29,12.7,14.6,28.95,55.15,25.47,9.36
2022-05-23,4591.6,6480.6,3998.6,2399.5,971.42,740.12,125.0,411.28,83.35,7.1,4.5,1.6,1.054,26.63,25.91,41.63,12.42,14.09,29.09,55.55,25.81,10.03
2022-05-24,4568.7,6446.4,3902.3,2497.2,945.0,715.87,125.0,410.61,86.77,8.5,4.9,3.8,1.056,26.73,26.11,42.0,12.39,14.53,29.44,54.63,25.12,9.78
2022-05-25,4530.6,6371.1,3869.7,2511.2,927.27,727.67,125.0,408.43,87.2,8.4,5.5,4.3,1.058,26.03,25.4,41.63,12.2,14.31,28.64,54.57,25.06,9.29
2022-05-26,4546.0,6379.1,3897.9,2520.2,951.74,737.75,125.0,408.01,87.49,9.9,5.0,4.8,1.061,27.39,26.49,42.0,12.31,14.21,29.83,55.05,23.98,9.26
2022-05-27,4610.5,6530.0,3879.3,2563.3,976.29,763.93,125.0,407.43,84.91,8.0,5.3,2.4,1.063,26.41,25.62,41.22,12.5,14.32,29.28,56.85,25.28,9.89
2022-05-28,4553.9,6526.1,3779.3,2482.8,929.78,725.01,125.0,406.91,91.06,5.9,6.6,3.3,1.065,26.88,26.07,41.15,11.89,13.46,29.5,54.88,24.53,10.02
2022-05-29,4706.3,6734.9,3970.9,2490.0,939.58,721.15,125.0,406.34,78.35,8.8,4.8,4.3,1.068,27.71,26.55,42.0,12.19,14.24,30.28,56.91,25.25,10.03
2022-05-30,4668.5,6596.6,3985.5,2539.7,951.25,741.43,125.0,405.06,84.2,10.6,4.2,3.1,1.07,27.06,26.06,42.0,12.68,14.74,29.36,56.47,24.92,9.88
2022-05-31,4650.0,6562.3,3989.7,2514.8,944.19,721.67,125.0,404.72,87.66,8.9,6.8,2.9,1.072,27.27,26.43,42.0,12.41,14.11,30.75,55.86,25.72,9.59
2022-06-01,4582.9,6491.1,3915.4,2464.4,930.27,742.3,125.0,404.4,87.67,7.1,5.6,1.8,1.075,26.66,25.83,41.82,12.28,13.99,29.32,55.07,24.98,9.55
2022-06-02,4530.2,6345.7,3932.5,2462.2,961.83,733.95,125.0,404.1,91.23,6.7,6.9,4.3,1.077,27.19,26.45,42.0,12.0,13.89,29.83,54.24,24.73,9.79
2022-06-03,4513.2,6310.4,3921.7,2465.8,979.8,761.9,125.0,403.92,90.59,6.9,5.9,3.4,1.08,26.24,25.52,40.24,12.75,14.42,29.25,56.22,24.9,10.06
2022-06-04,4473.6,6340.1,3799.4,2431.0,947.94,726.89,125.0,403.55,84.63,10.4,4.0,2.8,1.082,25.76,24.72,39.48,12.33,14.05,28.02,54.87,25.11,9.79
2022-06-05,4492.7,6380.5,3735.5,2532.4,931.44,733.37,125.0,402.67,90.95,7.6,5.8,3.7,1.085,26.17,25.46,41.02,12.22,13.84,28.53,54.65,24.34,10.01
2022-06-06,4597.3,6600.4,3795.6,2514.8,921.77,715.0,125.0,401.95,82.88,7.2,4.3,3.6,1.088,27.35,26.55,42.0,12.22,13.85,30.3,57.22,24.48,9.88
2022-06-07,4640.6,6622.1,3928.2,2467.3,948.87,733.89,125.0,401.3,89.44,7.8,5.2,3.6,1.09,27.35,26.62,42.0,12.06,13.73,30.4,56.36,24.91,9.94
2022-06-08,4688.3,6718.5,3953.3,2468.9,961.56,760.25,125.0,400.65,92.94,7.6,5.1,3.4,1.093,27.98,27.3,41.25,12.57,14.64,30.75,58.46,25.66,9.18
2022-06-09,4714.3,6691.3,4025.5,2515.4,952.13,743.01,125.0,400.44,90.53,9.9,3.7,4.9,1.096,27.78,26.92,42.0,12.48,14.0,30.85,55.66,25.53,9.57
2022-06-10,4772.0,6843.2,4013.2,2520.5,944.96,743.27,125.0,400.03,86.08,6.8,4.5,3.5,1.098,27.78,27.13,42.0,12.35,14.28,30.61,57.1,24.62,9.51
2022-06-11,4865.6,7067.2,4006.2,2546.3,936.16,718.43,125.0,400.34,84.31,9.4,7.2,4.9,1.101,28.43,27.45,42.0,12.68,14.63,31.0,57.38,24.65,9.51
2022-06-12,4884.2,7074.9,4076.2,2510.3,928.62,707.46,125.0,400.7,79.5,8.1,5.4,4.1,1.104,28.46,27.46,42.0,13.08,15.23,31.0,58.15,25.29,9.73
2022-06-13,4874.7,6915.1,4180.8,2581.4,957.52,748.15,125.0,399.98,86.84,9.4,5.1,4.0,1.106,28.92,28.12,42.0,13.3,15.35,31.0,57.65,25.42,9.56
2022-06-14,4867.5,6812.5,4258.0,2608.7,958.71,743.96,125.0,397.3,81.12,9.9,6.8,3.6,1.109,28.21,27.31,42.0,13.23,15.14,30.92,56.94,24.88,9.73
2022-06-15,4849.4,6806.8,4178.4,2656.9,921.81,726.53,125.0,397.15,82.4,8.1,4.9,4.5,1.112,28.46,27.65,42.0,12.83,14.59,31.0,56.89,25.14,9.93
2022-06-16,4855.1,6820.9,4167.2,2673.0,968.85,754.74,125.0,396.1,80.79,7.6,5.1,3.9,1.115,28.33,27.78,42.0,12.88,15.01,31.0,57.12,25.64,9.7
2022-06-17,4884.5,6861.3,4179.1,2709.1,953.61,746.28,125.0,394.91,83.7,8.1,6.1,3.1,1.117,28.07,27.29,42.0,12.69,14.69,30.55,57.36,25.52,10.0
2022-06-18,4871.0,6873.9,4155.8,2667.7,965.99,733.99,125.0,393.91,85.41,7.9,4.9,3.1,1.12,27.82,27.02,42.0,12.84,14.66,30.95,57.12,26.09,10.24
2022-06-19,4857.2,6836.3,4175.7,2644.6,924.87,744.06,125.0,392.88,86.6,6.0,4.6,4.2,1.123,27.97,27.0,42.0,13.06,15.21,30.6,57.97,24.41,9.63
2022-06-20,4846.4,6730.2,4223.2,2704.9,924.51,719.15,125.0,392.37,83.09,9.9,3.2,3.2,1.125,27.57,26.49,42.0,13.38,15.3,29.8,55.78,25.27,10.24
2022-06-21,4889.0,6743.9,4280.8,2772.8,942.77,743.73,125.0,390.77,89.76,8.3,4.4,3.9,1.128,27.68,26.84,42.0,12.87,14.8,30.31,56.89,26.32,10.0
2022-06-22,4979.3,6917.0,4380.7,2716.9,952.54,732.95,125.0,389.4,84.63,6.6,4.4,4.8,1.131,28.17,27.49,42.0,12.79,14.58,31.0,56.92,25.92,10.2
2022-06-23,4998.4,6990.0,4345.8,2725.4,971.95,761.81,125.0,388.73,82.3,5.5,5.4,4.2,1.133,27.82,26.93,42.0,13.14,15.21,30.09,57.7,25.68,9.92
2022-06-24,4964.0,7006.2,4245.3,2702.9,955.59,729.73,125.0,388.19,86.34,5.2,4.7,3.4,1.136,28.95,28.15,42.0,13.27,15.06,31.0,57.69,25.57,10.23
2022-06-25,4989.1,7076.3,4260.8,2669.0,941.36,739.69,125.0,387.65,93.28,8.9,7.2,5.2,1.138,28.63,27.99,42.0,13.55,15.53,31.0,58.28,26.08,9.95
2022-06-26,4997.0,6989.0,4375.1,2680.3,929.6,720.82,125.0,386.39,86.75,7.3,4.3,4.5,1.141,27.86,27.23,42.0,13.55,15.45,31.0,57.94,25.97,10.13
2022-06-27,4954.9,6891.3,4331.5,2729.7,963.45,751.84,125.0,385.03,83.95,7.5,6.5,4.9,1.143,28.39,27.6,42.0,13.54,15.63,31.0,56.95,25.83,10.04
2022-06-28,4923.4,6772.2,4365.4,2746.4,930.53,734.19,125.0,383.9,79.28,8.6,5.5,2.3,1.146,27.44,26.64,42.0,12.99,15.02,30.54,56.5,26.32,10.26
2022-06-29,4912.6,6727.8,4398.7,2727.9,969.43,741.36,125.0,383.13,84.5,7.4,6.0,4.4,1.148,27.97,26.91,42.0,13.16,14.91,30.32,56.29,26.6,10.4
2022-06-30,4887.4,6653.1,4397.9,2747.4,940.73,725.56,125.0,382.97,86.31,8.7,6.0,4.9,1.15,27.75,26.82,42.0,12.96,14.98,30.25,55.61,25.6,10.18
2022-07-01,4921.2,6761.5,4385.4,2726.9,968.86,761.2,125.0,381.04,83.81,8.1,3.3,5.6,1.153,28.23,27.34,42.0,13.17,14.85,30.85,57.83,26.42,10.07
2022-07-02,4866.7,6679.5,4312.9,2741.6,955.18,770.22,125.0,380.02,78.68,7.9,5.3,3.1,1.155,27.52,26.57,42.0,13.4,15.84,30.61,55.65,25.44,10.12
2022-07-03,4780.5,6565.6,4155.1,2800.1,942.95,733.84,125.0,378.44,81.93,6.1,5.1,5.2,1.157,27.06,26.28,42.0,13.25,15.14,29.26,55.93,26.17,9.93
2022-07-04,4806.8,6759.4,4079.7,2700.4,937.21,738.12,125.0,376.68,91.14,7.0,4.3,5.6,1.159,27.51,26.97,42.0,12.78,14.9,30.57,57.88,25.96,10.12
2022-07-05,4774.3,6680.2,4054.3,2733.0,939.89,731.83,125.0,376.24,91.05,8.7,5.7,2.7,1.161,27.26,26.67,42.0,12.59,14.51,30.1,57.19,25.15,10.28
2022-07-06,4777.8,6671.5,4126.7,2659.3,951.42,765.42,125.0,375.57,81.76,7.2,6.9,4.7,1.163,27.53,26.75,42.0,12.55,14.48,30.14,56.76,26.09,10.42
2022-07-07,4797.8,6696.0,4118.1,2712.3,946.16,717.04,125.0,374.85,87.99,9.4,2.9,4.8,1.164,27.51,26.81,42.0,12.76,14.44,30.39,56.54,25.13,10.43
2022-07-08,4716.7,6544.4,4082.8,2679.7,936.09,731.29,125.0,374.35,80.57,10.8,4.9,4.1,1.166,26.82,25.91,41.42,12.74,14.82,29.6,56.19,25.28,9.78
2022-07-09,4728.7,6661.3,4024.8,2621.8,942.52,715.66,125.0,373.15,90.9,8.8,4.2,4.0,1.168,27.07,26.48,42.0,12.24,14.08,30.05,56.58,24.94,10.0
2022-07-10,4769.8,6706.4,4069.6,2651.7,946.18,707.94,125.0,371.97,86.25,9.8,5.4,4.9,1.169,27.58,26.52,42.0,12.92,14.96,30.33,57.52,25.36,9.97
2022-07-11,4861.9,6850.3,4158.2,2665.6,913.07,715.76,125.0,372.09,89.06,8.9,5.0,3.9,1.171,27.74,27.04,42.0,12.67,14.55,30.48,56.89,25.44,10.25
2022-07-12,4829.2,6740.8,4224.1,2617.7,951.87,744.13,125.0,370.99,78.39,7.4,4.8,4.3,1.172,27.34,26.59,42.0,13.21,15.22,30.04,57.47,25.83,9.79
2022-07-13,4818.9,6722.1,4257.5,2559.7,930.3,722.22,125.0,370.37,87.96,8.2,6.0,5.1,1.173,27.89,26.94,42.0,13.0,14.77,30.06,56.31,25.74,10.03
2022-07-14,4770.7,6697.5,4154.1,2551.2,927.7,722.33,125.0,369.38,85.21,10.4,6.8,5.9,1.174,28.13,27.26,42.0,12.88,14.78,31.0,57.61,25.55,9.55
2022-07-15,4748.4,6698.5,4127.9,2497.2,919.69,754.54,125.0,367.46,88.64,7.4,7.7,4.9,1.176,27.82,26.82,42.0,12.56,14.36,30.17,56.2,26.0,9.66
2022-07-16,4705.0,6510.1,4251.9,2451.1,918.09,713.01,125.0,365.43,88.88,6.8,4.7,4.6,1.176,26.69,25.72,41.38,12.88,14.67,28.97,54.31,24.69,9.38
2022-07-17,4727.0,6502.9,4317.2,2459.2,924.67,727.36,125.0,364.14,85.48,6.6,3.7,4.1,1.177,26.93,25.88,42.0,13.26,15.27,29.39,55.44,26.87,9.14
2022-07-18,4607.6,6326.6,4206.9,2418.3,934.36,721.01,125.0,363.65,82.81,7.7,5.9,3.7,1.178,27.02,26.33,42.0,12.89,14.89,29.83,55.12,25.5,9.37
2022-07-19,4621.2,6354.9,4197.1,2441.2,974.3,763.5,125.0,363.02,88.32,6.8,6.8,5.4,1.179,26.32,25.72,41.21,12.72,14.68,28.73,56.21,25.86,9.67
2022-07-20,4546.1,6107.8,4214.7,2511.1,937.11,728.09,125.0,362.45,84.96,10.0,6.1,4.4,1.179,26.15,25.04,41.23,12.97,14.89,28.47,52.93,26.38,10.11
2022-07-21,4442.9,5903.0,4158.2,2505.1,947.67,734.25,125.0,360.93,81.7,8.3,6.8,5.4,1.179,24.83,24.36,39.78,12.96,14.98,27.23,51.54,25.93,9.5
2022-07-22,4429.7,6001.6,4003.2,2511.7,951.01,763.61,125.0,360.7,81.51,9.2,5.2,4.2,1.18,26.22,25.43,41.0,12.93,14.91,28.84,53.52,25.49,9.64
2022-07-23,4432.3,5944.5,4010.7,2602.9,946.97,752.76,125.0,359.18,79.27,7.6,4.8,4.0,1.18,25.3,24.58,39.54,12.88,14.83,27.4,53.18,25.84,9.57
2022-07-24,4359.2,5841.1,3959.9,2547.0,943.84,737.83,125.0,358.24,83.13,6.6,5.5,4.9,1.18,25.92,24.92,40.76,12.47,14.37,28.03,51.42,24.98,10.12
2022-07-25,4415.1,5990.7,3911.2,2599.7,927.07,695.46,125.0,357.18,89.58,6.4,5.1,4.5,1.18,26.1,25.52,40.81,12.22,14.29,28.49,52.69,25.29,9.76
2022-07-26,4434.9,6028.4,3891.9,2645.3,966.76,749.74,125.0,356.04,85.88,6.9,6.0,3.5,1.18,25.74,24.99,39.9,12.36,13.97,27.68,53.29,24.39,9.97
2022-07-27,4479.9,6123.3,3887.5,2679.7,972.11,790.68,125.0,355.65,83.04,8.4,6.2,6.0,1.179,25.81,25.21,40.31,12.29,14.07,27.87,54.53,25.25,10.03
2022-07-28,4484.4,6098.5,3890.9,2732.6,919.76,714.64,125.0,354.23,88.37,8.6,6.3,4.0,1.179,25.84,25.25,40.0,12.42,14.36,28.09,53.09,25.01,9.59
2022-07-29,4582.4,6387.2,3837.0,2738.3,929.64,738.36,125.0,352.49,81.82,8.7,5.8,5.2,1.179,26.58,25.98,40.83,12.48,14.04,29.51,54.59,25.22,9.74
2022-07-30,4535.8,6299.4,3828.1,2704.8,940.8,751.13,125.0,351.43,85.53,6.2,5.6,5.2,1.178,26.29,25.41,41.2,12.54,14.7,28.03,54.63,25.04,9.84
2022-07-31,4578.0,6473.5,3719.1,2747.7,930.53,728.44,125.0,350.15,84.42,8.0,6.1,3.5,1.177,26.31,25.49,40.88,11.9,13.74,28.91,54.41,24.43,10.28
2022-08-01,4585.4,6439.3,3748.5,2790.9,952.59,732.92,125.0,350.75,88.25,6.8,3.6,3.7,1.176,26.7,25.81,41.59,11.99,13.98,29.17,56.59,24.39,9.63
2022-08-02,4449.8,6230.7,3570.5,2831.4,934.08,699.36,125.0,350.01,78.82,8.5,5.5,4.2,1.176,25.82,25.18,40.08,11.64,13.6,27.84,54.76,23.79,10.41
2022-08-03,4460.5,6266.7,3565.9,2822.8,977.48,770.64,125.0,348.71,81.73,8.6,5.4,3.8,1.174,26.69,25.94,40.54,11.36,13.14,28.84,54.29,24.05,10.46
2022-08-04,4481.5,6281.4,3639.7,2780.2,962.86,741.25,125.0,347.09,78.57,6.6,5.5,5.8,1.173,26.82,26.18,41.68,11.64,12.94,29.08,53.95,23.67,9.81
2022-08-05,4406.0,6144.0,3581.3,2779.5,948.19,741.7,125.0,345.05,84.08,9.2,5.3,4.3,1.172,26.28,25.66,40.29,11.79,13.58,28.75,53.19,24.94,10.14
2022-08-06,4387.9,6026.7,3640.3,2812.5,960.4,734.12,125.0,343.44,89.96,10.8,5.7,5.1,1.171,25.86,24.83,40.38,12.03,13.88,28.3,53.79,24.8,10.6
2022-08-07,4420.9,6012.9,3724.9,2848.0,961.59,746.86,125.0,342.39,83.09,9.0,4.8,4.8,1.169,25.41,24.85,39.44,12.22,13.83,28.19,52.7,24.67,10.1
2022-08-08,4350.6,6039.9,3515.5,2816.9,936.54,730.91,125.0,342.0,83.06,7.8,6.4,4.6,1.168,25.75,25.12,39.75,11.45,12.81,28.03,53.08,24.23,10.12
2022-08-09,4238.4,5754.2,3519.1,2820.2,932.76,730.77,125.0,341.45,88.59,7.6,5.8,4.4,1.166,25.12,24.32,38.95,11.52,13.34,26.92,50.7,24.18,10.94
2022-08-10,4205.9,5869.2,3344.8,2750.1,946.17,724.64,125.0,340.45,89.37,7.7,5.5,5.3,1.164,25.03,24.33,38.75,11.29,12.73,26.8,52.85,22.92,10.25
2022-08-11,4193.8,5807.1,3356.3,2785.2,957.92,761.54,125.0,339.17,84.74,7.1,4.7,3.7,1.163,25.15,24.37,37.83,11.31,13.42,27.15,52.68,23.84,10.19
2022-08-12,4127.6,5654.7,3373.9,2739.5,947.09,731.56,125.0,338.19,87.83,8.3,6.1,5.7,1.161,24.57,23.93,37.13,11.58,13.37,26.46,51.34,24.14,10.04
2022-08-13,4125.2,5758.8,3229.3,2765.7,921.35,698.56,125.0,336.8,80.78,6.6,5.5,3.2,1.159,25.39,24.58,38.99,10.75,12.63,27.41,51.84,22.61,10.22
2022-08-14,4157.8,5750.3,3376.4,2703.9,932.96,726.4,125.0,336.54,90.6,5.7,4.6,4.9,1.157,25.14,24.45,38.74,11.09,12.76,27.3,52.3,22.65,10.23
2022-08-15,4230.1,5877.4,3410.4,2741.9,943.89,736.65,125.0,335.31,93.68,8.3,5.3,3.1,1.155,25.46,24.7,38.71,11.39,13.25,27.49,52.62,23.0,9.61
2022-08-16,4230.2,5911.2,3368.7,2746.6,943.87,738.14,125.0,334.14,87.17,8.0,5.9,4.0,1.153,24.74,23.93,38.21,11.05,12.72,26.79,53.19,23.42,9.6
2022-08-17,4250.3,5893.7,3478.5,2701.5,974.59,776.52,125.0,331.9,76.74,7.3,5.8,4.3,1.15,25.48,24.75,38.57,11.2,13.08,27.47,52.14,23.35,9.91
2022-08-18,4204.5,5859.1,3371.2,2723.8,924.21,718.05,125.0,330.66,82.84,6.5,5.7,3.8,1.148,25.06,24.71,39.94,10.97,12.21,27.47,52.48,23.27,10.03
2022-08-19,4186.4,5894.8,3304.4,2687.6,952.58,741.58,125.0,329.94,87.53,8.3,5.4,4.0,1.146,25.27,24.41,39.24,11.23,13.1,27.8,52.81,23.02,10.1
2022-08-20,4119.2,5828.8,3170.1,2712.7,967.34,741.28,125.0,328.27,83.39,6.8,6.2,3.0,1.143,24.66,23.88,37.9,11.24,13.06,26.98,53.29,23.08,9.74
2022-08-21,4116.7,5716.4,3307.0,2690.8,979.07,773.52,125.0,326.75,90.16,7.8,6.4,3.3,1.141,24.55,23.72,37.74,11.53,13.23,26.74,52.09,23.27,10.11
2022-08-22,4128.5,5769.2,3342.3,2604.3,938.93,734.58,125.0,326.0,87.42,10.1,5.9,4.4,1.138,24.89,24.06,37.93,11.73,13.4,27.25,51.87,23.35,9.89
2022-08-23,4121.2,5735.0,3396.7,2553.4,952.37,737.81,125.0,324.12,82.24,8.8,4.7,4.0,1.136,25.27,24.63,38.2,11.49,13.15,27.73,51.54,23.9,9.65
2022-08-24,4119.2,5720.7,3425.0,2528.8,953.55,720.91,125.0,323.5,85.19,6.4,4.3,3.4,1.133,24.63,24.0,37.94,11.58,13.37,27.28,52.81,23.2,9.69
2022-08-25,4189.4,5821.8,3469.2,2585.7,947.93,756.72,125.0,322.08,81.49,6.5,4.8,5.0,1.131,24.96,24.21,38.12,11.53,13.5,27.3,50.75,23.91,9.72
2022-08-26,4186.1,5784.1,3478.7,2619.7,943.52,721.21,125.0,320.74,84.33,8.2,7.0,3.0,1.128,25.6,24.99,39.0,11.54,13.17,27.89,52.39,23.34,10.06
2022-08-27,4200.6,5761.1,3499.7,2685.1,951.54,735.11,125.0,319.02,82.84,6.3,5.5,3.6,1.125,24.84,24.22,37.75,12.17,13.66,26.91,52.01,23.87,10.08
2022-08-28,4183.5,5670.2,3508.5,2749.7,907.02,711.77,125.0,318.06,89.75,5.6,7.2,3.5,1.123,24.45,23.7,38.0,11.62,13.86,26.28,51.02,23.58,9.78
2022-08-29,4171.1,5695.7,3469.8,2713.7,955.23,730.72,125.0,318.13,93.52,8.6,5.1,4.3,1.12,24.74,23.76,38.03,11.69,13.58,26.87,51.52,23.99,10.37
2022-08-30,4171.3,5709.7,3468.3,2694.2,946.89,720.65,125.0,317.36,79.33,8.4,5.0,3.9,1.117,24.31,23.7,37.88,11.3,12.91,26.53,51.69,23.85,9.74
2022-08-31,4199.6,5782.1,3487.1,2665.1,941.66,709.01,125.0,315.77,77.36,8.5,5.2,3.7,1.115,25.16,24.44,39.0,11.71,13.7,26.9,52.34,24.39,9.59
2022-09-01,4153.7,5686.7,3493.8,2625.0,975.7,769.7,125.0,315.18,84.07,8.3,5.1,2.3,1.112,24.61,23.87,38.18,11.87,13.83,26.08,51.37,23.99,9.98
2022-09-02,4065.2,5607.9,3396.3,2533.3,934.88,722.66,125.0,313.86,78.97,7.9,4.5,4.4,1.109,24.43,23.63,38.88,11.7,13.55,27.06,51.19,23.17,9.72
2022-09-03,4058.0,5669.2,3310.6,2526.3,938.95,767.51,125.0,313.39,85.23,7.2,4.2,3.5,1.106,24.79,24.15,38.39,11.43,13.05,26.66,51.67,23.75,9.8
2022-09-04,4067.1,5666.6,3385.4,2462.3,974.87,748.47,125.0,312.63,88.04,8.6,5.7,3.8,1.104,25.46,24.74,38.45,11.47,13.32,27.3,51.16,23.87,9.47
2022-09-05,4006.3,5535.3,3366.2,2456.3,932.52,716.31,125.0,309.99,91.02,9.8,6.2,3.0,1.101,23.76,23.01,36.96,11.32,13.23,26.15,51.06,23.83,9.87
2022-09-06,4089.5,5652.5,3405.0,2547.0,936.75,723.88,125.0,308.33,85.85,7.4,7.4,2.9,1.098,24.88,23.95,38.26,11.42,12.79,26.39,51.58,23.46,10.24
2022-09-07,3968.3,5431.9,3332.6,2516.8,942.79,738.3,125.0,307.63,84.27,6.8,4.8,4.8,1.096,24.28,23.71,36.77,11.35,13.1,26.52,49.8,22.71,9.77
2022-09-08,3960.5,5493.9,3237.6,2519.0,957.61,741.29,125.0,306.54,77.12,6.6,4.9,2.1,1.093,23.99,23.36,36.2,11.5,13.29,26.62,50.0,24.32,9.9
2022-09-09,3884.0,5326.1,3186.6,2552.9,948.12,746.88,125.0,304.87,85.14,7.0,4.5,2.7,1.09,23.9,23.22,36.85,11.33,13.09,26.46,49.33,22.7,9.32
2022-09-10,3956.2,5511.8,3177.3,2557.5,925.61,710.23,125.0,303.38,85.32,8.2,6.2,4.7,1.088,24.7,23.56,38.0,11.18,12.87,26.15,50.63,22.26,9.69
2022-09-11,3863.0,5309.5,3139.0,2562.4,937.02,714.29,125.0,301.27,87.59,5.4,5.9,4.0,1.085,23.33,22.62,35.35,11.46,13.41,25.25,49.62,23.16,9.66
2022-09-12,3929.5,5412.6,3228.8,2537.4,935.89,708.42,125.0,300.06,82.2,8.5,4.4,3.2,1.082,23.97,23.22,37.24,10.45,11.97,25.76,51.07,22.57,9.58
2022-09-13,3913.7,5373.4,3241.9,2518.9,943.84,709.51,125.0,299.99,83.29,8.8,4.3,4.4,1.08,23.95,23.14,36.93,11.04,12.7,25.78,49.81,22.93,9.62
2022-09-14,3915.2,5303.4,3362.3,2468.0,951.39,735.87,125.0,299.23,79.12,5.8,6.0,3.7,1.077,23.83,23.23,37.37,11.4,13.17,26.2,49.2,23.56,9.58
2022-09-15,3927.6,5296.3,3383.3,2499.7,951.27,738.38,125.0,299.16,75.86,6.8,5.5,3.5,1.075,23.89,23.28,37.44,11.27,12.92,25.44,50.17,23.48,9.41
2022-09-16,3865.3,5337.3,3219.7,2413.9,917.7,708.23,124.89,298.43,80.59,8.1,5.8,3.5,1.072,23.65,23.01,36.3,10.82,12.16,25.83,48.98,22.72,9.42
2022-09-17,3846.1,5205.9,3287.5,2452.5,959.68,763.47,124.78,297.78,78.75,7.8,4.3,3.7,1.07,23.58,23.03,37.12,10.85,12.52,25.49,48.87,24.14,9.45
2022-09-18,3746.3,5089.5,3185.1,2383.0,945.13,751.94,124.37,297.6,86.37,8.6,3.4,3.7,1.068,22.69,21.85,34.54,10.98,12.67,24.77,48.16,22.92,9.76
2022-09-19,3780.7,5138.7,3199.2,2421.8,961.15,745.68,124.2,296.63,82.95,7.8,4.3,5.0,1.065,23.27,22.5,36.91,11.34,12.97,25.4,47.12,22.67,9.75
2022-09-20,3671.4,4925.0,3146.8,2400.0,945.75,716.16,123.98,295.37,82.87,9.5,5.7,3.0,1.063,22.37,21.71,34.17,11.18,12.83,23.98,48.23,23.37,9.67
2022-09-21,3672.4,4844.1,3285.5,2339.3,954.06,737.37,123.71,294.72,81.09,7.6,7.0,3.0,1.061,21.91,21.16,34.16,11.08,12.1,23.49,48.16,22.95,9.76
2022-09-22,3836.6,5164.7,3372.2,2361.6,943.58,728.79,123.55,294.28,75.0,6.8,4.7,2.2,1.058,23.03,22.45,35.55,11.45,13.41,25.25,49.62,23.42,9.32
2022-09-23,3770.1,5027.0,3313.1,2398.8,957.44,738.92,123.66,292.88,91.05,6.7,7.2,3.1,1.056,22.97,22.21,35.46,11.66,13.59,24.94,49.71,22.95,9.69
2022-09-24,3797.9,5127.7,3295.7,2373.3,944.85,728.61,123.62,291.35,81.02,8.9,5.9,4.6,1.054,23.27,22.76,37.3,10.88,12.24,24.5,49.83,23.38,9.81
2022-09-25,3768.5,5031.4,3302.5,2400.4,934.38,720.97,123.42,290.26,83.37,8.0,3.9,3.9,1.052,22.35,21.54,34.58,11.21,12.75,24.29,48.06,23.25,9.34
2022-09-26,3768.4,5059.0,3348.6,2291.3,969.67,751.7,123.38,289.52,79.2,8.8,5.3,2.6,1.05,22.69,22.33,35.7,11.49,13.5,25.28,49.48,23.56,8.97
2022-09-27,3765.5,5100.1,3338.0,2228.7,949.3,732.83,123.44,288.75,88.91,8.7,5.9,3.1,1.048,23.31,22.91,36.0,11.35,12.82,25.44,48.7,23.49,9.14
2022-09-28,3787.9,5190.0,3258.8,2285.4,944.6,739.29,123.45,286.88,85.59,5.6,2.9,2.0,1.046,23.47,22.75,36.61,11.4,13.21,25.56,48.88,23.59,9.64
2022-09-29,3739.9,5128.0,3202.1,2271.9,916.21,718.97,123.34,286.68,81.71,6.6,5.7,2.2,1.044,23.3,22.78,35.64,10.64,12.14,25.64,48.08,23.2,9.07
2022-09-30,3787.4,5308.8,3193.4,2185.0,914.84,702.65,123.13,285.2,83.45,6.8,6.1,3.1,1.042,23.98,23.2,36.88,10.74,12.44,25.86,49.27,22.29,9.04
2022-10-01,3759.2,5195.6,3265.0,2152.8,938.43,747.23,123.11,283.91,91.73,7.0,5.4,2.6,1.041,23.47,22.92,36.48,11.36,13.07,25.68,49.34,22.82,8.97
2022-10-02,3747.1,5177.6,3280.7,2111.3,935.86,718.21,123.05,282.31,84.72,7.5,5.0,2.1,1.039,23.07,22.35,35.38,10.78,12.34,24.9,50.04,23.64,9.04
2022-10-03,3716.4,5160.4,3217.1,2104.9,924.51,701.71,123.06,282.5,84.29,9.2,4.9,3.3,1.037,23.16,22.27,36.96,11.27,13.03,24.79,49.29,22.55,8.79
2022-10-04,3656.2,4992.6,3248.0,2089.4,935.69,734.41,123.03,281.47,81.25,9.4,4.9,2.8,1.036,23.27,22.04,36.22,11.26,12.85,24.27,47.6,23.34,8.68
2022-10-05,3617.7,4924.0,3209.7,2098.8,957.58,737.11,123.06,279.9,77.44,7.6,4.0,1.6,1.034,23.55,22.81,36.12,11.32,12.66,25.18,47.3,23.54,9.01
2022-10-06,3626.3,4906.9,3255.4,2096.6,943.14,739.5,122.88,279.18,84.37,7.7,4.4,1.2,1.033,22.64,22.0,34.78,11.06,12.54,24.93,48.12,22.34,9.02
2022-10-07,3661.1,4824.2,3405.2,2158.6,916.0,685.64,122.95,278.41,86.31,7.2,4.7,2.4,1.031,22.31,21.84,34.94,11.52,13.03,23.88,47.67,23.19,9.4
2022-10-08,3744.6,5060.6,3360.8,2176.5,930.98,742.88,122.87,277.17,89.41,8.1,5.2,1.6,1.03,23.12,22.43,35.34,11.05,12.39,25.06,49.18,23.77,9.2
2022-10-09,3705.6,4923.2,3393.0,2195.1,921.6,726.92,123.05,276.45,76.02,8.2,4.6,1.3,1.028,22.44,21.92,35.85,11.28,13.04,24.39,47.45,23.32,8.9
2022-10-10,3729.7,5013.7,3322.9,2244.8,926.73,704.84,122.85,274.89,80.51,9.0,4.3,3.7,1.027,23.12,22.36,36.03,11.27,12.93,25.22,48.42,23.04,9.1
2022-10-11,3734.6,5063.0,3296.2,2222.9,927.11,705.4,122.99,273.51,82.69,9.0,5.7,2.7,1.026,23.21,22.46,35.87,10.99,12.71,25.41,48.92,23.58,9.43
2022-10-12,3693.5,5013.0,3279.3,2162.2,925.73,742.14,122.91,271.36,85.0,5.2,5.4,2.6,1.024,22.83,22.3,35.85,11.24,13.03,24.45,47.22,23.67,9.04
2022-10-13,3638.7,4870.8,3248.0,2214.2,912.99,703.28,122.73,269.56,84.43,7.8,4.6,2.6,1.023,22.13,21.1,34.09,10.81,12.58,23.32,47.46,22.61,8.93
2022-10-14,3638.8,4745.3,3390.2,2216.2,928.96,714.58,122.57,269.33,84.52,9.7,5.5,1.8,1.022,21.42,20.78,33.18,11.46,13.26,22.94,47.41,24.32,9.27
2022-10-15,3586.7,4652.6,3346.1,2218.2,921.67,691.71,122.43,269.02,86.64,7.5,4.6,3.1,1.021,21.92,21.2,34.23,11.73,13.29,23.27,46.63,22.38,9.03
2022-10-16,3492.4,4424.0,3361.4,2185.2,885.93,686.81,122.39,267.92,81.4,9.4,5.1,2.6,1.02,20.93,20.51,33.07,10.92,12.67,22.48,44.78,22.33,9.2
2022-10-17,3379.3,4291.9,3211.9,2153.6,960.54,746.49,122.37,267.62,88.75,7.6,5.9,2.1,1.019,20.54,19.84,32.49,11.14,12.85,21.98,46.61,22.92,9.31
2022-10-18,3319.8,4112.7,3221.5,2188.7,945.1,745.77,122.2,266.41,86.74,8.2,4.5,2.2,1.018,19.83,19.31,30.66,10.72,12.76,20.98,45.13,22.91,8.95
2022-10-19,3404.9,4252.5,3276.3,2228.8,922.59,702.83,122.11,265.16,83.73,6.6,4.0,1.7,1.017,20.76,20.27,32.43,10.96,12.6,22.03,44.35,22.94,9.7
2022-10-20,3413.3,4304.4,3219.9,2258.4,929.69,706.92,122.31,264.07,91.41,6.7,4.9,2.4,1.016,20.14,19.31,30.35,11.26,13.02,21.15,44.55,22.71,9.29
2022-10-21,3383.0,4371.0,3036.5,2287.4,912.69,717.31,122.46,262.89,91.23,8.9,3.8,2.5,1.015,20.93,20.28,31.95,10.59,12.16,22.49,45.28,22.01,8.65
2022-10-22,3398.2,4411.7,3020.5,2305.2,955.56,757.42,122.43,261.66,88.74,9.1,4.8,2.3,1.014,21.41,20.71,33.42,10.96,12.62,22.75,45.41,22.49,9.55
2022-10-23,3389.7,4403.0,3008.3,2302.6,958.13,728.49,122.36,261.11,75.0,8.0,4.8,2.7,1.014,21.3,20.8,33.36,10.85,12.47,22.78,46.26,22.29,8.81
2022-10-24,3450.7,4536.0,3042.1,2286.0,931.65,739.67,122.29,260.08,91.32,6.5,2.8,2.6,1.013,21.23,20.7,32.38,10.74,12.27,22.61,45.0,22.85,9.63
2022-10-25,3461.7,4433.5,3157.8,2332.2,944.67,737.3,122.3,259.32,88.19,8.1,5.5,2.8,1.012,20.7,20.04,32.23,10.75,12.39,21.68,45.29,22.92,9.49
2022-10-26,3431.5,4414.2,3112.9,2305.4,930.7,739.05,122.08,258.73,93.03,9.5,4.9,3.4,1.011,21.22,20.43,33.01,11.06,12.84,23.01,45.66,22.59,9.36
2022-10-27,3427.7,4465.3,3038.4,2312.8,907.37,706.91,121.97,257.81,89.96,10.1,6.1,3.1,1.011,21.49,21.0,33.71,10.77,12.3,23.0,45.89,22.31,9.33
2022-10-28,3312.1,4285.4,2946.2,2266.9,919.51,686.95,121.67,256.23,91.32,7.6,5.2,3.4,1.01,20.4,19.78,32.34,10.17,11.86,22.62,43.51,22.73,9.43
2022-10-29,3428.1,4599.5,2946.0,2228.7,927.55,721.67,121.65,254.45,88.52,6.0,5.7,1.9,1.01,21.71,20.82,33.44,10.33,12.02,23.25,45.47,21.98,9.12
2022-10-30,3413.7,4559.5,2963.7,2210.4,918.85,729.42,121.67,253.42,90.4,9.0,6.1,2.2,1.009,21.94,21.05,33.58,9.89,11.19,23.75,44.72,21.58,9.19
2022-10-31,3374.7,4533.0,2913.5,2167.0,921.6,708.13,121.53,252.24,92.98,7.7,4.9,3.1,1.008,21.44,20.86,32.31,10.15,11.48,23.31,45.14,21.61,9.15
2022-11-01,3433.9,4629.6,2951.1,2196.8,924.35,716.33,121.68,251.19,85.87,9.1,5.0,3.1,1.008,21.47,20.63,33.11,10.49,12.16,22.91,45.38,22.1,8.46
2022-11-02,3443.5,4682.8,2966.3,2128.9,923.16,717.95,121.44,250.09,78.72,8.3,3.6,2.0,1.007,22.12,21.73,34.87,10.33,11.76,23.76,46.81,22.49,9.21
2022-11-03,3420.0,4636.0,2953.0,2128.0,923.63,685.64,121.18,250.3,83.77,6.9,6.1,3.1,1.007,21.36,20.58,33.51,10.36,11.71,22.53,46.38,22.66,9.25
2022-11-04,3379.8,4600.8,2878.3,2128.4,906.74,727.31,121.15,248.55,86.56,8.1,4.9,1.8,1.007,21.0,20.37,32.4,10.74,12.69,22.93,45.8,22.74,9.13
2022-11-05,3256.7,4386.7,2833.5,2041.1,912.35,700.82,121.23,246.47,85.3,9.6,4.1,3.0,1.006,21.15,20.54,32.59,10.58,11.97,22.67,44.92,22.2,8.99
2022-11-06,3151.4,4286.6,2663.5,2017.9,904.8,711.82,121.39,245.56,80.02,7.8,5.7,2.5,1.006,20.4,19.68,30.89,9.82,10.98,21.9,45.12,20.88,9.23
2022-11-07,3165.8,4308.8,2673.1,2026.6,938.04,730.63,121.27,244.29,78.48,6.8,3.0,1.5,1.005,20.64,19.68,31.36,10.29,11.68,21.98,44.09,21.45,8.92
2022-11-08,3172.9,4320.9,2668.3,2042.6,892.29,711.08,121.36,243.38,82.04,6.1,4.6,2.2,1.005,20.37,19.79,31.23,10.27,11.86,21.95,43.13,20.17,8.84
2022-11-09,3210.0,4417.0,2673.8,2029.4,940.83,738.72,121.3,242.6,88.23,7.1,5.8,4.3,1.005,20.9,20.16,31.94,10.25,11.81,22.13,45.79,21.42,8.78
2022-11-10,3202.7,4359.9,2699.2,2056.1,943.86,733.39,121.22,242.17,91.32,7.5,4.6,2.7,1.004,21.41,20.79,33.04,10.23,12.14,23.11,44.82,21.36,8.52
2022-11-11,3128.1,4165.4,2715.4,2046.4,918.92,706.03,121.28,240.36,88.67,9.0,4.4,4.4,1.004,20.84,20.2,32.29,10.4,11.8,22.05,43.22,20.39,9.03
2022-11-12,3154.4,4248.6,2698.4,2042.3,884.61,699.57,121.32,239.02,89.23,6.7,4.6,1.4,1.004,20.98,20.39,32.25,10.2,11.77,22.38,44.32,22.34,8.69
2022-11-13,3201.8,4368.5,2691.9,2048.9,916.71,692.55,121.06,238.17,84.68,9.9,3.2,3.1,1.004,21.21,20.81,31.86,9.77,11.46,23.05,43.58,21.28,8.43
2022-11-14,3197.1,4422.4,2590.8,2085.4,922.04,726.94,121.21,237.5,78.03,6.4,5.7,1.0,1.003,21.17,20.45,31.66,9.85,11.2,22.52,44.61,20.18,8.97
2022-11-15,3145.9,4355.9,2546.7,2048.6,908.65,695.56,121.35,237.55,83.18,10.8,4.9,2.5,1.003,20.26,19.58,30.42,9.65,11.23,21.13,43.16,20.89,8.87
2022-11-16,3166.0,4424.8,2545.2,2021.1,915.32,728.98,121.22,236.98,83.97,10.1,4.8,3.0,1.003,20.92,20.04,31.79,10.09,11.23,22.47,45.29,21.89,8.81
2022-11-17,3269.5,4751.7,2492.2,1986.1,946.05,739.86,121.22,235.91,83.01,8.2,4.8,3.2,1.003,22.8,22.09,33.17,9.63,11.43,24.7,48.04,22.07,8.92
2022-11-18,3261.2,4696.9,2544.7,1967.1,933.21,735.63,121.25,234.42,85.22,6.0,5.0,1.9,1.002,21.68,21.09,32.69,9.65,11.3,22.8,46.25,21.21,8.43
2022-11-19,3175.3,4487.0,2495.9,2027.5,909.33,710.26,121.24,233.1,86.77,7.9,5.6,3.4,1.002,21.67,20.94,33.23,9.95,11.3,22.74,44.85,20.95,9.11
2022-11-20,3135.5,4366.7,2505.6,2047.6,898.57,679.85,121.13,231.77,88.41,7.5,5.0,2.1,1.002,20.77,20.21,31.72,9.75,11.37,22.88,45.83,21.47,8.98
2022-11-21,3129.2,4384.7,2508.0,1990.2,916.87,704.83,121.0,231.07,83.89,6.5,3.8,2.4,1.002,19.94,19.31,30.18,10.26,12.06,21.51,45.35,20.9,9.13
2022-11-22,3044.6,4155.7,2550.8,1958.2,918.34,724.37,120.96,230.17,77.39,8.3,5.5,2.2,1.002,20.45,19.65,30.77,9.6,10.78,21.58,45.38,21.33,8.63
2022-11-23,3056.2,4132.5,2601.5,1970.7,929.69,727.16,121.08,228.48,83.07,7.0,5.5,1.6,1.002,20.66,20.08,31.79,9.81,11.16,21.85,43.93,21.73,8.93
2022-11-24,3057.2,4132.9,2636.4,1925.2,914.44,727.43,121.12,227.24,85.18,7.1,5.2,3.8,1.002,20.13,19.5,30.93,10.24,12.05,21.12,43.83,20.77,8.24
2022-11-25,3046.6,4259.4,2487.5,1888.9,929.66,729.97,121.03,226.66,89.89,7.8,6.0,2.6,1.001,21.01,20.39,31.6,9.41,10.83,22.31,45.39,21.77,8.48
2022-11-26,3123.8,4354.0,2558.7,1946.7,951.43,730.51,121.1,225.82,82.73,7.3,5.0,3.4,1.001,20.35,19.66,30.69,10.24,11.87,22.03,45.03,20.89,8.49
2022-11-27,3163.1,4394.1,2648.2,1914.4,932.22,717.58,120.69,225.1,87.05,10.5,6.0,3.3,1.001,20.48,19.77,31.31,9.73,11.2,21.88,45.29,21.13,8.8
2022-11-28,3038.8,4098.4,2603.2,1953.5,919.99,718.83,120.81,224.28,86.16,7.4,6.3,1.7,1.001,20.15,19.57,30.62,10.07,11.76,21.65,41.99,21.3,8.49
2022-11-29,3075.7,4155.8,2606.3,2004.7,916.44,687.06,120.55,224.09,85.18,8.5,5.5,3.5,1.001,20.39,19.74,31.44,9.45,10.97,22.21,44.94,21.71,8.73
2022-11-30,3053.0,4185.9,2535.6,1964.7,913.4,732.53,120.47,223.21,88.72,8.2,4.3,2.9,1.001,20.77,20.41,32.03,9.79,11.27,22.15,44.18,21.37,8.77
2022-12-01,2984.8,4164.2,2398.6,1918.6,935.43,734.94,120.3,222.02,82.36,8.4,4.9,1.7,1.001,20.55,20.05,30.35,9.23,10.2,22.06,43.97,20.77,8.65
2022-12-02,2865.9,3924.3,2345.3,1901.4,907.15,722.3,120.1,220.57,82.7,8.5,6.1,2.9,1.001,19.11,18.61,28.42,9.89,11.5,20.74,43.18,20.62,8.32
2022-12-03,2789.5,3800.4,2306.6,1847.9,918.01,697.08,120.23,219.71,84.95,9.1,3.7,1.7,1.001,19.29,18.69,29.76,9.09,10.6,20.14,41.32,20.98,9.0
2022-12-04,2716.6,3639.1,2281.2,1850.2,917.61,730.67,120.14,217.5,82.44,8.3,4.6,3.8,1.001,18.97,18.09,28.76,9.11,10.23,19.79,40.93,20.37,8.62
2022-12-05,2592.1,3391.7,2217.1,1837.6,909.46,736.16,120.17,216.43,87.03,8.3,4.7,3.2,1.001,17.36,16.72,25.95,9.31,10.47,18.82,40.36,19.74,8.96
2022-12-06,2573.0,3377.2,2169.9,1850.7,896.25,683.23,120.14,215.35,82.15,8.1,4.2,2.4,1.001,17.9,17.27,27.55,8.9,10.34,18.66,39.83,19.63,8.28
2022-12-07,2547.4,3275.3,2171.1,1909.8,921.95,728.38,120.19,213.69,85.91,7.8,5.8,3.5,1.001,17.62,17.05,26.88,9.3,10.73,18.8,39.84,20.55,8.61
2022-12-08,2649.7,3554.1,2122.5,1940.8,916.15,714.61,120.18,212.26,84.6,6.9,5.3,1.2,1.001,18.28,17.72,28.51,8.84,9.77,19.28,41.02,19.53,8.76
2022-12-09,2649.7,3510.9,2160.9,1956.0,923.47,701.77,119.99,211.7,85.86,7.9,4.4,1.9,1.0,18.59,18.13,27.89,8.91,10.08,20.22,41.13,19.3,9.16
2022-12-10,2689.2,3630.0,2206.4,1860.0,908.65,714.66,120.11,210.85,83.16,8.3,5.5,2.3,1.0,18.29,17.78,28.17,9.15,10.58,18.94,40.3,19.96,9.0
2022-12-11,2665.7,3427.4,2360.0,1875.1,934.5,738.91,120.03,209.95,83.64,8.5,4.9,4.3,1.0,18.37,17.99,27.37,9.2,10.71,19.5,41.25,20.65,8.57
2022-12-12,2675.1,3348.4,2425.6,1947.2,901.74,696.15,119.81,209.14,85.38,8.2,4.2,1.6,1.0,18.06,17.47,28.34,9.64,10.97,18.49,39.4,21.09,8.53
2022-12-13,2638.4,3341.6,2430.8,1803.8,940.17,747.33,119.74,208.24,85.81,7.7,4.4,1.1,1.0,18.38,17.87,28.58,9.87,11.32,19.09,40.09,20.18,8.57
2022-12-14,2580.1,3223.8,2379.3,1831.1,889.39,673.72,119.93,207.92,84.98,7.9,5.4,1.3,1.0,17.06,16.6,27.05,9.56,10.82,17.81,38.59,20.63,8.79
2022-12-15,2556.7,3164.6,2388.9,1819.2,922.74,701.8,120.04,207.03,91.82,7.3,5.8,3.2,1.0,16.9,16.43,26.63,9.69,11.4,17.74,38.83,21.27,8.59
2022-12-16,2536.0,3130.0,2399.8,1776.4,923.03,721.6,119.98,205.37,81.04,8.4,4.6,2.0,1.0,17.42,17.09,26.8,9.07,10.46,18.06,39.0,20.31,8.56
2022-12-17,2514.5,3094.6,2355.4,1809.0,903.65,705.15,119.93,205.25,84.74,7.7,5.5,2.4,1.0,17.04,16.65,25.74,9.3,10.56,17.95,38.96,20.52,8.78
2022-12-18,2625.2,3290.0,2396.7,1881.2,921.66,710.29,119.88,204.5,78.71,8.2,6.4,3.1,1.0,18.79,18.03,28.37,9.48,10.67,19.56,40.21,19.63,8.91
2022-12-19,2605.2,3312.5,2294.1,1909.1,936.08,739.86,120.15,203.28,86.49,9.2,3.9,2.4,1.0,18.06,17.5,26.72,9.75,10.96,18.48,40.15,20.96,9.0
2022-12-20,2603.3,3344.2,2270.2,1884.3,883.91,695.82,120.2,201.73,80.54,7.1,5.3,2.7,1.0,17.79,17.26,26.7,9.06,10.79,18.54,39.13,20.53,8.74
2022-12-21,2615.3,3380.1,2298.9,1834.4,925.02,731.81,120.26,201.01,83.89,8.7,5.7,2.9,1.0,17.99,17.77,27.61,8.79,10.07,20.0,40.33,20.45,8.94
2022-12-22,2622.3,3421.6,2271.3,1834.7,880.87,685.6,120.39,200.04,83.51,8.0,4.9,2.2,1.0,17.55,16.98,26.78,8.95,10.22,18.62,40.02,19.45,8.19
2022-12-23,2607.7,3383.7,2249.7,1867.6,903.97,712.33,120.42,199.91,86.12,10.4,6.1,2.4,1.0,18.17,17.47,27.48,9.06,10.37,18.42,39.94,20.53,9.17
2022-12-24,2570.5,3320.7,2233.0,1842.6,942.69,729.95,120.39,198.83,82.79,7.7,7.0,2.7,1.0,17.93,17.45,26.88,8.75,9.93,18.48,40.32,20.27,8.93
2022-12-25,2541.1,3313.8,2171.3,1822.5,909.37,733.96,120.36,197.51,82.62,8.8,5.3,3.2,1.0,17.77,17.31,26.13,9.33,10.71,18.82,38.79,18.63,8.5
2022-12-26,2636.7,3415.5,2242.3,1942.9,900.44,692.6,120.35,197.06,90.74,8.0,4.8,1.9,1.0,18.08,17.52,27.53,8.81,10.14,19.07,38.71,20.55,9.0
2022-12-27,2657.1,3507.9,2167.6,1981.0,915.07,739.02,120.35,196.63,86.14,6.3,5.9,1.0,1.0,18.45,17.86,27.99,9.21,10.59,19.24,41.4,20.63,8.73
2022-12-28,2646.9,3444.6,2182.4,2021.0,949.65,741.14,120.45,195.82,82.76,7.4,5.8,3.0,1.0,17.73,17.34,26.45,8.94,10.03,19.54,40.57,20.97,9.09
2022-12-29,2654.3,3494.7,2202.5,1942.2,891.22,678.65,120.46,195.28,84.0,9.1,2.7,3.2,1.0,18.52,17.84,27.74,9.48,11.08,20.18,40.6,19.35,8.84
2022-12-30,2595.6,3435.6,2132.8,1899.4,903.53,721.17,120.57,194.38,91.58,7.5,5.0,2.7,1.0,17.82,17.23,27.63,8.94,10.17,18.7,39.59,18.92,8.87
2022-12-31,2581.0,3403.9,2132.0,1892.9,941.73,736.06,120.56,193.62,84.06,5.3,4.6,2.7,1.0,18.14,17.52,27.88,8.98,10.19,19.28,41.19,19.91,8.63
2023-01-01,2512.0,3322.8,2066.9,1837.9,947.24,749.06,120.58,193.32,82.24,8.1,5.4,2.0,1.0,18.43,18.04,26.97,9.12,10.35,19.73,40.26,20.23,8.89
2023-01-02,2540.1,3277.4,2153.6,1901.6,916.31,729.4,120.32,192.77,82.26,6.8,4.8,2.9,1.0,18.34,17.83,27.62,8.82,9.94,19.54,39.39,19.54,8.58
2023-01-03,2574.4,3401.3,2072.1,1954.5,900.04,706.09,120.45,191.82,82.8,8.3,4.9,3.2,1.0,17.41,16.73,26.95,9.03,10.44,18.08,40.14,18.9,8.92
2023-01-04,2540.7,3381.1,2025.0,1918.2,950.39,734.2,120.51,191.63,82.62,10.0,4.2,2.5,1.0,18.17,17.48,27.13,8.8,10.3,19.55,39.21,20.24,8.8
2023-01-05,2523.1,3366.2,1942.3,1987.1,943.71,747.8,120.65,189.59,79.88,9.1,5.7,4.5,1.0,18.18,17.92,26.99,8.6,9.75,19.35,40.45,19.44,8.45
2023-01-06,2413.2,3177.5,1853.9,1973.3,927.78,723.67,120.27,189.77,80.5,10.0,6.5,1.2,1.0,16.95,16.61,25.84,8.53,9.44,18.12,40.09,19.59,8.66
2023-01-07,2454.4,3123.0,1960.4,2076.4,907.11,715.78,120.57,188.07,81.68,7.5,4.2,2.6,1.0,17.52,17.12,26.71,8.42,9.48,18.44,38.86,19.45,9.17
2023-01-08,2445.8,3078.2,1994.1,2066.3,918.53,690.61,120.56,186.91,87.37,8.0,3.7,1.6,1.0,17.2,16.69,26.32,8.74,9.96,17.95,38.67,19.52,8.89
2023-01-09,2407.1,2970.5,1999.9,2075.6,917.8,721.25,120.73,186.05,83.48,7.0,5.0,3.2,1.0,16.92,16.64,25.41,8.88,9.96,17.95,37.81,19.58,9.29
2023-01-10,2398.7,2961.4,1953.4,2121.6,924.44,713.4,120.6,185.14,84.17,7.4,5.0,1.2,1.0,16.53,15.87,25.25,8.15,9.25,16.78,38.74,19.35,8.77
2023-01-11,2404.7,2902.7,2010.0,2160.5,941.81,754.45,120.7,184.81,90.08,7.1,6.1,1.4,1.0,16.9,16.51,26.2,9.15,10.41,17.1,38.72,19.56,9.36
2023-01-12,2384.9,2902.5,1951.5,2163.5,932.5,734.83,120.57,183.45,90.18,6.7,3.9,2.0,1.0,17.01,16.44,25.56,8.95,10.28,17.56,37.55,19.02,9.15
2023-01-13,2396.9,2906.5,2000.1,2137.0,902.76,707.03,120.5,182.76,83.87,9.9,4.5,2.7,1.0,16.65,16.11,25.0,8.29,9.25,17.06,37.79,19.76,8.98
2023-01-14,2330.0,2791.3,1938.1,2140.5,941.16,739.94,120.78,181.65,82.48,5.7,3.1,2.0,1.0,16.26,15.88,25.12,8.24,9.59,17.18,37.52,20.21,8.86
2023-01-15,2280.6,2742.7,1893.1,2083.9,925.17,709.65,120.77,180.99,81.54,9.9,6.2,2.0,1.0,16.08,15.58,25.17,8.83,10.48,16.83,37.23,19.12,9.07
2023-01-16,2296.7,2748.5,1940.7,2072.3,931.06,745.7,120.82,180.15,87.77,9.8,5.2,2.4,1.0,16.35,15.8,25.64,8.91,10.53,16.91,36.56,20.47,8.76
2023-01-17,2348.7,2875.3,1992.9,2004.2,943.54,759.86,120.96,179.39,84.18,8.9,4.6,2.3,1.0,16.71,16.13,25.07,9.0,10.23,17.76,38.54,19.94,8.77
2023-01-18,2343.1,2893.3,2025.4,1907.7,905.37,710.91,121.04,178.31,83.45,6.9,3.8,3.7,1.0,16.89,16.09,25.42,8.45,9.86,17.29,37.88,19.73,8.64
2023-01-19,2279.8,2808.9,1949.1,1896.3,921.75,738.05,121.08,177.26,81.75,6.4,3.9,3.0,1.0,16.24,15.87,24.09,9.17,10.65,16.58,38.04,19.83,8.61
2023-01-20,2293.1,2845.0,1914.8,1939.7,914.72,706.65,121.15,176.61,81.92,7.6,5.4,2.2,1.0,16.05,15.42,24.31,8.44,9.7,16.56,36.65,19.85,9.01
2023-01-21,2372.9,3022.8,1920.7,1966.4,901.19,693.36,121.5,176.29,86.28,9.1,4.0,4.2,1.0,17.05,16.82,25.1,8.67,10.0,18.43,37.42,19.07,8.11
2023-01-22,2379.6,3104.2,1860.7,1946.8,929.99,725.88,121.52,175.21,79.74,8.3,5.1,2.9,1.0,17.12,16.56,25.33,8.63,10.06,17.33,40.13,19.59,8.76
2023-01-23,2440.1,3140.5,1947.0,2009.8,962.75,756.17,121.57,174.0,88.98,7.1,6.8,1.7,1.0,17.8,17.46,26.93,9.21,10.76,18.74,40.03,20.27,8.9
2023-01-24,2393.8,3194.1,1784.3,1966.6,898.44,696.06,121.73,173.53,82.86,9.7,4.7,2.7,1.0,17.41,16.61,26.01,8.38,9.47,18.19,38.39,18.72,8.75
2023-01-25,2401.9,3323.2,1733.3,1863.9,926.56,729.17,121.9,172.74,84.4,10.4,4.1,2.9,1.0,18.12,17.69,25.88,8.43,9.84,19.91,40.39,18.95,8.52
2023-01-26,2395.7,3405.3,1701.5,1752.1,937.73,735.11,122.09,172.39,79.65,8.1,5.3,1.9,1.0,17.82,17.43,26.95,8.27,9.85,19.3,40.04,18.55,8.76
2023-01-27,2324.5,3426.8,1518.9,1688.6,930.62,713.9,122.2,171.18,84.95,8.5,3.9,1.7,1.0,18.26,17.9,26.04,7.64,8.96,19.44,39.27,18.14,8.31
2023-01-28,2333.0,3501.9,1437.4,1716.6,926.33,728.76,122.07,169.53,83.69,6.5,6.5,2.6,1.0,18.16,17.38,25.83,7.2,8.58,19.12,39.34,17.97,8.45
2023-01-29,2275.7,3336.3,1490.2,1678.4,909.97,720.14,122.32,168.51,84.8,7.9,6.3,2.2,1.0,17.43,16.8,24.84,7.84,8.5,17.73,39.72,17.73,8.53
2023-01-30,2201.1,3132.2,1501.8,1690.4,932.21,729.18,122.19,167.38,90.89,9.0,4.9,3.7,1.0,17.07,16.65,24.64,7.56,8.81,17.68,39.96,18.32,8.4
2023-01-31,2251.5,3120.3,1613.0,1755.3,917.76,729.69,122.26,166.59,85.71,8.8,4.2,3.1,1.0,17.09,16.6,24.73,8.17,9.44,18.14,39.74,18.73,8.14
2023-02-01,2264.3,3098.7,1717.6,1694.4,895.84,684.14,122.19,165.54,81.82,7.8,4.6,2.0,1.0,17.56,17.08,25.53,8.25,9.7,18.42,39.25,18.93,8.19
2023-02-02,2241.6,3010.4,1745.4,1706.3,946.72,744.06,122.21,165.17,82.15,8.1,4.7,2.8,1.0,16.89,16.33,23.97,8.43,9.47,17.69,39.03,18.7,8.42
2023-02-03,2278.1,3076.6,1764.0,1720.3,943.6,721.97,122.28,164.3,87.38,7.9,5.3,3.5,1.0,16.82,16.54,25.08,8.16,9.28,17.87,38.99,18.83,8.05
2023-02-04,2172.8,2843.1,1765.4,1670.8,930.43,712.36,122.35,163.65,90.19,8.1,5.9,1.4,1.0,16.59,16.48,24.82,8.65,10.13,17.62,38.26,19.48,8.17
2023-02-05,2093.7,2766.9,1589.6,1722.2,933.59,720.63,122.44,163.0,86.13,8.9,4.1,1.7,1.0,16.35,15.87,25.13,8.19,9.21,17.03,35.87,18.3,8.42
2023-02-06,2030.1,2699.4,1502.5,1698.0,947.71,727.91,122.69,162.38,87.75,6.0,5.9,2.5,1.0,16.03,15.62,23.79,7.65,8.85,16.39,37.62,18.87,8.94
2023-02-07,1951.2,2508.0,1515.7,1670.1,935.5,723.11,122.78,161.66,87.44,8.3,5.6,2.5,1.0,15.55,15.09,22.73,8.46,9.73,16.0,35.19,18.05,8.45
2023-02-08,2053.3,2670.0,1561.5,1755.2,945.68,735.06,122.78,161.2,90.68,8.8,4.5,2.5,1.0,16.45,16.15,23.68,8.0,9.16,16.81,36.22,18.79,8.57
2023-02-09,1999.7,2509.4,1584.1,1766.0,928.6,734.35,122.94,160.1,77.2,7.7,4.0,2.3,1.0,15.82,15.47,23.37,7.72,8.99,16.23,36.32,18.93,8.92
2023-02-10,1960.0,2441.1,1528.5,1794.4,953.86,740.16,123.13,160.1,87.67,7.8,5.1,2.2,1.0,15.7,15.07,23.37,7.82,8.77,16.35,36.38,17.24,8.76
2023-02-11,2034.2,2540.1,1593.8,1841.2,938.22,712.79,123.0,159.29,88.93,7.9,4.0,2.8,1.0,15.3,14.75,22.51,7.72,8.72,15.71,35.71,19.08,8.83
2023-02-12,2083.0,2604.7,1691.6,1796.1,936.98,744.53,123.12,157.94,79.65,7.8,5.9,3.4,1.0,16.9,16.24,25.04,8.61,9.88,17.4,36.83,19.55,8.47
2023-02-13,2060.9,2472.4,1749.8,1837.8,915.76,704.25,123.24,157.35,81.46,8.4,4.0,2.1,1.0,15.79,15.72,24.5,8.6,9.65,16.67,35.92,18.77,8.27
2023-02-14,2100.1,2543.1,1808.8,1799.2,939.08,731.78,123.24,156.24,81.6,8.6,5.5,4.5,1.0,15.9,15.52,23.71,8.68,10.23,16.38,35.93,19.4,8.65
2023-02-15,2084.0,2566.5,1764.4,1759.7,923.58,725.75,123.46,155.9,82.08,5.9,4.9,4.1,1.0,15.32,14.77,22.19,8.51,9.63,15.5,36.19,18.59,8.93
2023-02-16,2198.2,2812.7,1827.7,1733.5,926.56,725.12,123.47,156.33,83.07,9.2,4.5,3.6,1.0,16.77,16.17,25.45,8.81,10.29,17.18,38.68,19.38,8.82
2023-02-17,2196.3,2833.7,1827.8,1692.1,924.21,734.01,123.52,155.27,85.97,8.1,4.9,3.0,1.0,16.31,15.94,24.6,8.43,9.52,17.17,37.23,20.42,8.53
2023-02-18,2194.4,2793.0,1851.3,1716.9,920.52,723.75,123.54,154.78,88.46,10.7,6.0,4.1,1.0,16.29,15.94,23.69,8.63,10.07,17.25,37.01,18.13,8.23
2023-02-19,2151.4,2675.0,1864.2,1715.7,968.6,745.17,123.57,153.24,89.33,7.0,3.9,2.3,1.0,15.64,15.29,23.81,8.47,9.42,16.41,37.16,19.31,8.13
2023-02-20,2095.5,2574.6,1844.5,1680.3,956.05,771.86,123.46,152.81,81.65,7.4,4.6,1.8,1.0,15.45,14.92,22.9,8.56,10.13,16.15,36.33,19.83,8.22
2023-02-21,2034.4,2469.4,1777.4,1698.3,963.97,754.23,123.3,151.72,81.62,8.2,4.3,2.1,1.0,15.77,15.34,23.86,8.61,10.13,15.82,36.53,19.93,8.53
2023-02-22,2079.5,2610.5,1763.2,1672.8,918.28,714.49,123.56,150.76,90.26,8.9,5.0,1.7,1.0,16.18,15.71,25.04,7.59,8.61,16.99,37.21,18.28,8.2
2023-02-23,2085.9,2594.9,1818.7,1645.6,937.25,742.62,123.48,149.57,87.59,6.1,4.4,2.6,1.0,16.1,15.48,24.09,8.35,9.44,16.16,36.21,18.92,8.57
2023-02-24,2087.5,2639.6,1779.0,1636.0,916.22,717.64,123.38,149.3,85.33,7.4,3.4,2.7,1.0,16.13,15.51,24.62,8.42,9.78,16.85,35.82,18.71,7.88
2023-02-25,2165.1,2785.7,1827.3,1645.1,923.72,725.29,123.13,149.17,86.89,9.1,4.1,2.7,1.0,16.33,15.9,23.92,8.47,9.44,17.18,38.45,18.85,8.26
2023-02-26,2063.9,2497.7,1863.2,1650.6,920.1,747.59,123.08,148.56,84.88,7.2,6.5,2.5,1.0,15.37,14.94,22.59,8.43,9.71,15.35,35.8,19.2,8.1
2023-02-27,2095.4,2623.6,1830.0,1621.8,951.65,738.99,122.94,147.5,87.1,10.0,5.2,2.6,1.0,16.11,15.71,25.1,8.71,9.86,16.95,35.54,18.65,8.57
2023-02-28,2122.8,2607.7,1907.7,1648.2,928.63,720.52,123.2,147.68,83.66,7.8,5.2,3.9,1.0,16.15,15.78,24.51,8.47,9.69,17.09,37.56,19.3,8.44
2023-03-01,2113.9,2633.7,1868.5,1625.6,951.61,743.66,123.38,146.69,86.08,7.3,4.7,3.0,1.0,16.04,15.78,24.44,8.33,9.45,17.19,37.43,19.0,8.12
2023-03-02,2086.6,2518.7,1951.9,1584.0,944.34,749.44,123.32,145.0,78.96,9.1,5.0,3.2,1.0,16.1,15.5,24.89,9.07,10.27,16.23,37.1,19.61,8.45
2023-03-03,2030.0,2416.7,1961.8,1506.9,971.82,739.94,123.67,144.63,82.25,10.3,4.6,2.7,1.0,15.43,15.06,23.26,9.12,10.83,16.02,36.76,19.49,7.78
2023-03-04,2047.5,2455.9,1941.7,1542.3,916.08,690.95,123.84,143.48,82.29,8.9,5.5,1.2,1.0,15.03,14.69,23.32,8.53,9.97,15.86,37.2,19.36,7.65
2023-03-05,2116.5,2700.9,1865.5,1532.8,957.13,739.52,123.84,143.38,83.5,9.9,5.1,1.1,1.0,16.24,15.71,24.73,8.63,9.62,17.01,36.41,18.97,7.97
2023-03-06,2140.9,2780.9,1844.1,1532.4,953.72,724.29,123.54,142.6,81.29,10.3,3.9,4.2,1.0,16.5,16.02,24.15,8.81,9.95,17.27,36.92,19.89,7.68
2023-03-07,2181.9,2885.1,1815.8,1569.4,923.95,715.58,123.89,142.32,82.87,7.2,5.2,2.1,1.0,16.6,16.06,25.5,8.48,9.92,17.14,37.34,18.99,8.14
2023-03-08,2115.2,2822.9,1719.7,1536.6,952.81,749.22,123.74,142.44,78.94,9.4,2.8,2.0,1.0,17.03,16.83,25.81,8.5,9.96,18.24,37.3,19.08,8.16
2023-03-09,2046.6,2718.2,1694.9,1464.3,941.69,723.83,123.56,141.26,87.19,6.5,5.4,2.7,1.001,16.51,16.03,23.93,8.41,9.39,17.41,37.09,18.86,7.94
2023-03-10,1975.5,2598.1,1632.8,1459.1,934.28,711.61,123.74,140.4,84.67,8.8,3.7,2.9,1.001,15.36,14.97,22.98,8.08,9.43,15.97,36.03,18.73,8.14
2023-03-11,1954.5,2515.5,1663.2,1464.5,927.48,724.27,124.11,139.8,78.18,8.2,4.9,3.0,1.001,16.13,15.61,23.85,8.32,9.63,16.32,35.11,18.76,7.82
2023-03-12,1875.3,2264.2,1739.0,1444.0,930.38,736.05,124.34,140.0,81.66,9.8,3.9,3.9,1.001,13.93,13.44,21.81,8.1,8.93,14.11,34.11,19.39,7.65
2023-03-13,1820.2,2170.7,1646.8,1502.1,972.6,738.29,124.46,139.12,86.35,9.7,5.0,3.7,1.001,15.56,14.89,22.53,8.38,9.55,16.04,34.44,18.86,7.98
2023-03-14,1797.0,2099.3,1749.1,1380.1,942.57,745.05,124.58,138.27,82.83,9.0,5.5,1.9,1.001,14.37,14.11,23.39,8.37,9.6,15.12,34.73,18.73,7.59
2023-03-15,1789.8,2073.2,1727.4,1423.9,955.2,754.87,124.74,137.96,82.21,8.6,6.4,3.3,1.001,14.38,14.07,21.67,8.29,9.55,14.77,33.61,19.13,7.85
2023-03-16,1773.4,2081.3,1651.4,1451.5,932.45,738.76,124.88,137.13,84.7,8.9,3.6,2.2,1.001,14.36,13.88,21.93,7.87,8.79,14.55,34.33,18.45,8.14
2023-03-17,1803.0,2113.8,1690.7,1463.1,933.08,742.43,124.96,136.67,86.37,8.3,5.9,2.4,1.001,14.61,14.03,22.61,8.29,9.38,14.25,33.11,18.83,7.57
2023-03-18,1744.3,2102.4,1650.0,1303.5,961.23,776.18,125.0,135.36,79.25,8.2,5.1,1.6,1.001,14.56,14.15,21.77,8.27,9.38,14.85,32.11,18.41,7.74
2023-03-19,1722.6,2028.6,1634.4,1356.5,924.76,717.04,125.0,135.93,87.2,10.0,4.6,1.2,1.001,14.15,13.65,21.24,7.93,9.01,13.99,33.38,19.19,8.05
2023-03-20,1607.6,1805.8,1598.2,1303.7,938.74,733.54,125.0,134.74,81.8,10.1,5.7,2.5,1.001,14.08,13.62,20.91,7.7,8.76,14.21,32.12,18.27,8.03
2023-03-21,1555.1,1746.1,1536.4,1275.8,945.51,732.5,125.0,134.06,84.93,8.0,4.8,1.8,1.001,13.68,13.08,20.11,7.6,8.71,13.96,31.71,19.13,7.56
2023-03-22,1525.9,1645.1,1577.0,1263.8,945.6,737.59,124.82,133.52,84.86,8.5,5.6,3.3,1.001,12.85,12.5,19.61,8.02,9.28,12.69,31.14,18.61,8.27
2023-03-23,1544.7,1706.7,1550.1,1278.0,941.42,752.7,124.85,133.97,82.89,8.3,4.1,2.3,1.002,13.61,13.24,20.38,8.1,9.67,13.79,31.59,18.97,7.47
2023-03-24,1558.1,1813.3,1449.3,1302.1,949.53,724.49,124.76,132.8,80.91,6.3,4.4,2.8,1.002,13.87,13.62,20.4,8.32,9.74,14.46,32.01,17.94,7.73
2023-03-25,1619.6,1917.2,1481.5,1336.7,953.37,733.3,124.65,133.29,83.86,7.8,5.9,3.6,1.002,13.81,13.37,20.39,7.91,9.36,14.07,32.62,17.45,7.56
2023-03-26,1629.1,1995.3,1398.0,1366.8,954.4,760.96,124.72,133.18,91.5,10.1,6.3,1.3,1.002,14.5,14.02,21.64,7.37,8.37,14.52,32.71,17.39,8.02
2023-03-27,1593.3,1970.9,1321.0,1370.5,929.94,737.59,124.95,132.89,79.55,7.3,5.0,1.9,1.002,14.0,13.34,20.23,7.52,8.44,14.03,31.85,19.1,8.55
2023-03-28,1596.9,1904.5,1399.4,1381.2,940.74,729.42,125.0,131.92,91.77,10.7,2.5,2.7,1.002,13.83,13.58,20.39,8.05,9.42,14.48,31.58,17.83,8.36
2023-03-29,1519.0,1816.0,1319.1,1323.8,962.65,761.12,124.95,131.72,83.96,9.6,4.8,2.8,1.002,13.66,13.39,20.55,7.48,8.59,14.02,34.4,18.6,8.07
2023-03-30,1389.1,1647.7,1169.1,1283.2,957.64,751.05,124.86,130.88,85.14,8.6,5.0,3.4,1.003,12.4,12.03,18.35,7.64,8.93,12.54,31.88,16.97,7.63
2023-03-31,1459.9,1762.2,1215.9,1317.8,924.41,739.04,125.0,131.04,80.65,8.8,4.8,3.2,1.003,13.25,12.65,18.96,7.4,8.34,13.56,33.15,17.62,7.71
2023-04-01,1454.1,1742.1,1200.4,1348.7,949.98,741.88,124.95,130.09,81.91,7.0,5.3,2.6,1.003,13.74,13.14,20.04,7.56,8.82,13.81,32.2,17.83,8.15
2023-04-02,1402.0,1604.6,1190.9,1373.4,915.12,726.1,124.96,129.57,82.99,7.8,4.6,2.8,1.003,12.94,12.47,19.18,7.76,8.88,12.56,31.2,18.83,8.01
2023-04-03,1354.6,1519.6,1175.4,1341.5,945.7,769.35,125.0,128.83,80.82,9.8,5.8,2.8,1.004,12.38,12.16,18.67,6.88,7.82,12.76,31.38,17.4,7.86
2023-04-04,1335.7,1433.9,1195.7,1374.7,973.46,766.47,125.0,127.89,84.16,7.4,4.0,1.4,1.004,13.04,12.7,18.79,7.67,8.75,13.29,31.45,17.43,8.01
2023-04-05,1312.1,1452.0,1151.1,1313.4,930.78,726.6,125.0,127.81,83.37,9.4,6.1,2.4,1.004,12.47,11.88,18.06,7.23,8.42,11.88,29.89,17.57,8.02
2023-04-06,1409.8,1581.5,1252.9,1354.7,932.04,735.66,124.92,127.63,92.4,6.4,6.4,2.7,1.004,12.52,12.21,18.22,7.21,8.45,11.98,31.1,17.22,8.16
2023-04-07,1358.4,1548.3,1158.6,1334.3,955.81,741.15,124.89,127.8,80.34,6.7,4.2,2.9,1.005,13.73,13.19,19.69,7.31,8.33,13.25,31.62,17.78,7.48
2023-04-08,1290.7,1306.8,1192.8,1402.1,921.73,747.6,124.98,126.47,85.41,10.4,4.2,1.8,1.005,11.76,11.33,17.61,7.73,8.96,11.6,28.65,17.43,7.94
2023-04-09,1285.8,1303.9,1238.2,1323.4,934.4,730.99,124.81,126.58,85.99,8.1,5.4,1.5,1.005,12.48,12.25,18.72,7.76,8.99,12.8,30.86,17.28,7.93
2023-04-10,1287.2,1304.4,1190.6,1394.8,953.45,740.41,124.91,127.41,80.72,7.4,3.9,2.4,1.006,11.98,11.74,18.2,6.89,8.07,11.75,30.89,17.89,7.82
2023-04-11,1255.4,1296.8,1127.5,1368.3,935.24,719.46,124.96,126.76,87.75,9.7,4.6,4.1,1.006,12.2,12.0,17.87,7.03,8.28,12.42,28.62,17.42,8.18
2023-04-12,1253.2,1244.9,1199.4,1341.7,941.46,747.51,125.0,127.29,83.41,9.6,6.0,1.9,1.007,11.72,11.36,16.75,7.61,9.11,10.75,29.22,17.98,7.76
2023-04-13,1248.9,1288.2,1137.8,1341.7,956.16,756.21,125.0,126.75,75.03,9.2,5.7,3.5,1.007,11.78,11.56,17.68,7.29,8.29,11.89,30.22,18.35,8.2
2023-04-14,1236.5,1312.2,1103.5,1301.4,951.32,736.06,125.0,125.66,87.64,7.4,6.8,3.9,1.007,12.45,11.99,18.27,7.22,8.59,12.13,30.77,17.15,7.7
2023-04-15,1261.1,1324.7,1167.5,1290.4,949.0,747.14,125.0,125.11,80.53,7.7,5.2,2.6,1.008,12.43,12.02,18.31,6.94,8.0,12.92,31.25,17.35,7.83
2023-04-16,1276.8,1384.2,1173.4,1249.6,939.91,715.03,125.0,125.24,80.81,8.4,4.5,2.1,1.008,12.82,12.39,18.23,7.13,7.99,12.12,30.05,16.84,7.74
2023-04-17,1213.0,1347.8,1059.8,1211.6,950.55,743.65,125.0,124.43,87.75,8.9,5.1,3.0,1.009,12.35,11.99,17.91,6.8,7.69,12.27,31.91,17.54,8.06
2023-04-18,1243.0,1306.6,1181.0,1228.2,943.14,741.09,125.0,123.74,83.61,7.4,4.9,2.8,1.01,12.99,12.41,18.5,6.93,8.06,12.08,30.08,17.23,7.84
2023-04-19,1286.6,1472.5,1149.2,1181.6,951.87,762.94,125.0,123.66,88.67,8.2,4.9,1.9,1.01,12.82,12.4,18.98,6.99,8.18,12.6,30.86,17.7,7.48
2023-04-20,1295.8,1539.5,1126.8,1142.4,937.55,722.04,125.0,123.28,89.84,8.4,5.0,2.1,1.011,13.05,12.88,18.84,7.0,7.84,12.75,31.56,17.96,7.43
2023-04-21,1323.9,1632.2,1148.0,1077.1,942.26,719.62,125.0,123.2,82.42,9.6,4.2,3.0,1.011,12.66,12.12,18.32,7.09,8.0,13.31,31.9,17.12,7.33
2023-04-22,1386.0,1763.9,1192.2,1052.7,930.15,714.77,125.0,122.95,88.17,8.9,5.3,3.4,1.012,13.25,12.65,18.7,7.12,8.08,13.11,32.39,17.27,7.33
2023-04-23,1464.9,1811.8,1321.4,1110.7,944.47,720.65,125.0,122.83,81.98,6.2,3.8,2.4,1.013,13.84,13.24,20.85,7.86,8.87,13.74,33.9,18.45,7.22
2023-04-24,1451.4,1901.2,1209.9,1069.7,932.83,743.65,125.0,122.26,93.93,7.8,4.4,2.6,1.014,13.84,13.82,20.08,7.14,7.84,14.41,33.08,17.92,7.34
2023-04-25,1385.3,1710.0,1264.3,1035.1,928.29,742.65,125.0,122.02,82.23,6.9,4.9,3.2,1.014,13.37,13.04,19.71,7.82,8.54,13.2,31.3,17.99,7.64
2023-04-26,1409.4,1724.4,1311.1,1043.1,948.88,743.97,125.0,121.21,89.1,8.7,3.0,2.5,1.015,13.14,12.71,19.12,7.48,8.52,13.56,31.67,17.75,7.69
2023-04-27,1388.9,1695.2,1298.7,1025.3,948.19,754.24,125.0,121.52,88.38,9.1,5.7,2.4,1.016,13.39,13.0,19.01,7.68,8.89,13.68,33.02,17.19,7.1
2023-04-28,1501.3,1871.8,1346.8,1124.9,956.74,747.87,125.0,120.86,86.26,8.1,3.2,2.1,1.017,13.93,13.54,20.3,7.8,9.1,14.41,33.46,17.73,7.1
2023-04-29,1552.1,1957.0,1402.4,1113.9,938.53,730.91,125.0,121.09,82.32,7.7,5.6,2.1,1.018,13.64,13.13,20.08,7.52,8.37,13.45,32.24,17.62,7.3
2023-04-30,1484.7,1866.2,1305.1,1125.6,951.12,737.88,125.0,120.65,84.39,8.1,3.9,4.8,1.019,14.07,13.57,20.79,7.51,8.37,14.5,31.89,18.23,7.1
2023-05-01,1542.4,1890.2,1415.2,1164.2,953.26,739.82,125.0,120.43,76.39,8.3,4.7,2.6,1.02,13.33,12.9,19.7,7.68,8.72,13.85,33.09,18.39,7.26
2023-05-02,1513.3,1890.2,1305.8,1200.7,951.67,723.73,125.0,119.86,85.9,7.2,5.5,3.8,1.021,13.98,13.45,20.22,7.69,8.84,13.99,33.45,17.65,7.72
2023-05-03,1499.7,1921.5,1228.2,1205.0,932.62,730.61,125.0,119.04,86.4,6.6,7.0,4.1,1.022,14.54,14.05,20.48,7.37,8.68,14.91,32.58,17.41,7.58
2023-05-04,1437.1,1789.1,1210.4,1191.3,947.24,738.36,125.0,117.86,85.53,5.6,5.2,2.6,1.023,13.85,13.48,20.24,7.22,8.45,14.1,31.42,17.9,7.17
2023-05-05,1512.4,1814.7,1335.4,1276.2,950.46,750.3,125.0,117.03,75.0,9.5,3.3,3.1,1.024,13.93,13.36,20.17,7.68,8.75,13.44,31.94,17.86,8.04
2023-05-06,1484.0,1774.3,1310.2,1263.0,945.11,738.31,125.0,116.57,79.94,8.6,5.9,2.9,1.026,13.24,13.24,20.17,7.67,8.89,13.72,33.49,17.63,7.61
2023-05-07,1481.8,1791.9,1303.9,1234.8,913.7,710.74,125.0,116.38,82.01,8.4,4.8,1.5,1.027,14.09,13.78,20.76,7.96,8.98,14.16,32.52,18.69,7.46
2023-05-08,1466.1,1697.7,1392.9,1198.1,947.41,728.52,125.0,116.6,86.17,9.5,5.1,1.6,1.028,13.83,13.22,20.74,7.76,8.94,13.73,32.72,17.88,7.87
2023-05-09,1405.9,1623.5,1365.7,1113.9,978.19,763.85,125.0,116.09,86.16,6.5,5.6,2.9,1.03,12.97,12.21,19.2,7.77,8.93,13.0,32.76,18.61,7.65
2023-05-10,1434.1,1746.3,1282.5,1146.7,939.6,741.75,125.0,115.37,84.32,5.9,3.1,2.5,1.031,13.29,12.79,19.68,7.63,9.05,12.84,31.82,18.01,7.5
2023-05-11,1344.5,1618.1,1252.1,1035.9,934.08,714.86,125.0,114.38,87.54,8.5,5.1,4.4,1.033,13.5,13.2,19.43,7.21,8.4,13.49,31.31,16.93,7.19
2023-05-12,1328.9,1504.3,1339.1,1033.8,950.6,742.52,125.0,114.35,80.9,8.4,4.7,2.7,1.034,13.44,13.11,19.35,7.22,8.15,13.2,31.04,17.69,7.49
2023-05-13,1323.2,1498.0,1338.0,1022.7,949.69,743.55,125.0,114.78,87.44,5.9,6.2,4.5,1.036,12.35,11.96,18.44,7.57,8.56,12.13,31.38,18.43,7.22
2023-05-14,1355.9,1412.7,1457.9,1122.0,962.89,742.44,125.0,115.15,86.9,8.4,5.7,2.5,1.037,12.25,11.79,18.76,8.17,9.33,11.9,31.53,18.36,7.47
2023-05-15,1309.8,1319.2,1495.4,1034.9,926.13,715.33,125.0,115.25,86.51,7.5,3.6,4.5,1.039,12.13,11.63,17.53,8.19,9.11,11.94,31.22,17.57,7.1
2023-05-16,1288.3,1339.2,1441.6,992.3,955.97,748.42,125.0,115.32,84.27,7.0,6.2,3.4,1.041,11.6,11.19,17.4,7.39,8.45,11.68,30.93,18.54,7.58
2023-05-17,1221.0,1181.0,1435.1,985.4,953.86,730.41,125.0,115.92,92.32,7.6,5.5,3.4,1.042,11.91,11.4,18.85,8.01,9.18,11.71,30.13,18.02,7.67
2023-05-18,1157.7,1085.4,1370.1,975.8,942.87,739.64,125.0,115.85,86.97,5.1,3.7,2.6,1.044,12.0,11.58,18.25,7.15,8.31,11.75,30.28,18.28,7.29
2023-05-19,1232.1,1331.4,1319.7,950.7,950.08,730.32,125.0,115.94,81.13,7.3,5.1,3.5,1.046,11.81,11.66,18.4,7.73,9.01,12.14,30.17,19.32,7.1
2023-05-20,1354.8,1389.6,1605.9,947.4,960.44,761.9,125.0,115.55,85.99,7.2,6.0,4.4,1.048,12.57,12.08,18.88,8.27,9.53,13.11,31.46,19.0,7.47
2023-05-21,1327.2,1312.3,1655.8,891.0,958.08,775.36,125.0,114.64,88.01,8.7,4.0,2.9,1.05,12.09,11.82,18.4,7.83,8.68,12.14,30.66,19.24,7.28
2023-05-22,1366.7,1366.9,1693.4,909.1,927.85,713.4,125.0,114.08,82.65,7.8,6.3,2.8,1.052,12.9,12.62,20.17,8.5,9.53,13.2,30.66,18.72,7.1
2023-05-23,1347.2,1435.2,1633.1,806.1,957.3,753.11,125.0,113.86,89.36,8.8,3.7,2.9,1.054,12.44,11.91,19.32,8.65,9.83,12.56,30.74,18.31,7.28
2023-05-24,1422.4,1547.1,1717.7,809.4,944.03,727.62,125.0,113.68,86.53,4.9,4.4,4.4,1.056,13.44,12.91,20.44,8.32,9.7,13.83,30.39,19.52,7.1
2023-05-25,1427.7,1530.1,1768.4,786.7,946.09,750.44,125.0,114.44,75.63,7.0,4.3,3.8,1.058,12.66,12.44,18.97,8.47,9.87,13.01,31.46,18.86,7.1
2023-05-26,1517.3,1635.3,1868.0,837.4,946.1,722.77,125.0,114.28,86.2,8.7,6.4,4.3,1.061,13.43,12.89,21.24,8.99,10.29,13.09,31.98,19.32,7.1
2023-05-27,1477.6,1403.7,1960.5,919.9,942.75,741.11,125.0,114.68,83.38,7.6,4.7,3.5,1.063,12.58,12.19,20.87,8.5,10.25,12.61,30.21,20.56,7.41
2023-05-28,1385.1,1291.8,1834.0,905.9,962.88,740.57,125.0,114.27,87.15,9.0,4.1,3.3,1.065,12.21,12.15,18.34,8.32,9.89,12.46,30.17,19.27,7.2
2023-05-29,1378.1,1319.7,1736.6,969.8,943.74,733.64,125.0,113.93,88.78,5.8,5.5,3.6,1.068,11.98,11.77,19.22,8.16,9.63,12.29,29.61,19.67,7.1
2023-05-30,1362.1,1364.5,1650.1,954.9,928.21,711.63,125.0,113.08,85.78,8.9,5.7,4.1,1.07,12.43,12.07,18.84,8.18,9.55,12.11,29.68,18.92,7.1
2023-05-31,1285.9,1270.6,1571.0,911.3,939.1,742.36,125.0,112.53,91.66,7.2,5.7,3.1,1.072,11.94,11.71,18.13,8.06,9.36,12.34,29.58,18.31,7.42
2023-06-01,1324.0,1310.3,1577.5,990.9,947.68,729.15,125.0,112.63,84.29,7.1,4.9,4.4,1.075,12.0,11.64,18.49,7.95,9.22,11.92,29.31,18.83,7.34
2023-06-02,1287.7,1251.0,1525.9,1013.0,963.44,758.11,125.0,112.47,87.5,9.2,5.4,3.7,1.077,12.66,12.43,18.61,7.96,8.79,12.88,29.66,18.26,7.34
2023-06-03,1322.8,1232.8,1648.1,1011.2,954.05,740.03,125.0,112.78,88.22,9.4,4.6,1.5,1.08,12.24,11.57,18.78,8.1,9.1,11.89,30.32,19.34,7.29
2023-06-04,1417.7,1358.9,1754.5,1040.1,932.24,725.78,125.0,112.71,84.61,9.2,6.7,4.1,1.082,12.54,12.15,18.64,8.25,9.45,12.47,31.21,19.66,7.58
2023-06-05,1455.2,1466.1,1732.5,1049.6,982.28,767.95,125.0,112.38,88.12,10.4,6.2,2.4,1.085,12.7,12.0,19.75,8.27,9.53,12.45,32.62,19.31,7.71
2023-06-06,1447.8,1358.3,1839.0,1043.3,948.97,731.06,125.0,113.31,82.62,9.5,6.1,4.2,1.088,12.32,11.98,20.21,8.38,9.62,12.48,30.16,20.04,7.1
2023-06-07,1413.8,1249.5,1910.9,980.6,964.13,754.55,125.0,113.12,83.31,7.0,5.9,4.2,1.09,12.05,11.66,18.68,8.25,9.54,12.48,30.82,19.74,7.53
2023-06-08,1377.7,1217.3,1854.1,967.3,942.72,753.69,125.0,113.57,79.75,8.2,5.7,3.8,1.093,12.08,11.92,18.83,8.53,9.39,11.51,29.89,19.83,7.35
2023-06-09,1334.7,1229.1,1698.3,994.6,953.0,734.0,125.0,113.24,85.97,7.6,4.1,4.0,1.096,12.26,12.0,18.85,7.84,9.11,12.36,29.67,20.49,7.69
2023-06-10,1298.1,1171.0,1665.2,987.5,957.59,760.98,125.0,113.46,86.3,10.4,5.8,4.5,1.098,11.88,11.44,18.79,8.46,9.74,11.65,29.85,20.19,7.27
2023-06-11,1339.9,1302.9,1605.9,1026.8,963.27,769.33,125.0,113.81,89.72,9.3,5.3,3.2,1.101,12.01,11.59,18.61,8.04,9.21,11.82,31.01,18.74,7.65
2023-06-12,1362.7,1352.0,1604.4,1041.5,960.86,739.68,125.0,113.79,88.16,7.8,6.3,4.3,1.104,12.69,12.36,19.73,8.14,9.55,11.93,30.18,18.96,7.51
2023-06-13,1370.3,1405.4,1595.4,998.9,958.08,729.84,125.0,112.5,83.86,9.1,5.9,4.6,1.106,12.57,12.11,18.92,8.05,9.05,12.61,30.4,18.24,7.1
2023-06-14,1298.1,1272.2,1585.1,937.8,940.27,737.04,125.0,112.41,80.29,6.5,5.7,5.1,1.109,11.6,11.25,18.04,8.02,9.18,11.49,29.65,19.03,7.42
2023-06-15,1360.0,1413.6,1605.4,930.9,936.42,723.84,125.0,112.92,86.73,8.3,3.7,2.9,1.112,11.74,11.59,16.56,8.43,9.75,11.7,30.16,18.86,7.35
2023-06-16,1199.9,1109.5,1512.1,907.6,949.99,763.41,125.0,113.09,89.44,6.9,5.1,4.1,1.115,11.79,11.31,18.28,7.63,8.61,11.48,29.99,18.11,7.1
2023-06-17,1254.9,1222.7,1528.2,923.7,959.0,748.44,125.0,113.22,88.02,6.0,4.7,3.0,1.117,11.75,11.33,17.41,7.62,8.36,11.48,29.36,19.19,7.26
2023-06-18,1280.5,1341.5,1488.5,891.9,941.66,724.87,125.0,112.27,89.34,8.9,5.5,3.0,1.12,12.46,12.04,18.68,7.94,8.9,11.8,29.89,18.25,7.62
2023-06-19,1260.3,1304.2,1492.0,865.7,960.98,735.8,125.0,111.83,84.15,9.1,4.9,4.2,1.123,12.01,12.13,18.58,7.84,9.0,12.4,30.48,18.25,7.1
2023-06-20,1352.2,1456.6,1544.8,915.4,966.79,767.17,125.0,111.95,83.13,8.5,5.0,4.0,1.125,12.79,12.5,18.66,8.16,9.34,13.01,31.23,18.89,7.38
2023-06-21,1321.4,1454.6,1453.8,922.8,931.26,719.52,125.0,112.09,82.05,7.8,5.7,4.9,1.128,12.45,12.25,19.26,8.0,9.19,12.44,30.45,17.99,7.1
2023-06-22,1309.4,1466.7,1427.8,891.8,932.45,727.83,125.0,112.62,84.78,6.5,4.9,3.7,1.131,13.24,12.96,19.7,7.5,8.49,13.36,31.89,18.14,7.1
2023-06-23,1321.8,1508.9,1413.6,894.1,942.89,746.93,125.0,112.49,84.69,6.6,5.4,3.9,1.133,13.12,12.86,20.24,7.92,8.85,13.25,30.69,19.06,7.3
2023-06-24,1465.4,1862.3,1374.4,957.6,949.61,734.89,125.0,112.63,85.83,6.8,3.9,4.2,1.136,14.3,13.94,20.67,7.46,8.61,14.81,32.79,17.81,7.28
2023-06-25,1541.0,1995.7,1428.8,970.3,937.13,730.41,125.0,112.59,84.48,7.7,4.5,3.4,1.138,14.16,13.79,20.16,7.8,8.94,14.43,32.18,18.53,7.16
2023-06-26,1551.4,2051.9,1375.9,996.2,965.28,752.72,125.0,112.05,84.47,9.3,5.9,3.5,1.141,14.72,14.06,21.62,7.45,8.69,15.0,33.78,17.93,7.75
2023-06-27,1478.9,1927.9,1335.9,960.8,951.36,750.26,125.0,110.87,81.89,9.3,4.2,5.0,1.143,14.05,13.69,20.95,7.68,8.69,14.22,32.38,17.54,7.1
2023-06-28,1472.9,1926.6,1287.6,1006.5,945.59,744.65,125.0,111.05,88.77,6.0,6.4,3.7,1.146,14.51,14.06,21.51,7.54,8.27,15.25,32.58,17.82,7.25
2023-06-29,1480.9,1820.4,1358.6,1108.9,923.46,717.66,125.0,111.1,85.31,7.2,6.2,5.1,1.148,13.57,13.25,19.58,7.35,7.93,13.69,31.16,19.26,7.53
2023-06-30,1490.2,1899.5,1323.8,1068.4,925.26,722.47,125.0,110.76,84.3,7.1,5.1,4.7,1.15,13.34,12.93,19.0,7.22,8.23,13.37,32.26,18.22,7.12
2023-07-01,1486.2,1899.9,1352.5,1011.6,949.22,735.93,125.0,109.93,82.01,5.0,8.0,3.0,1.153,13.23,12.95,19.49,7.86,9.07,13.57,33.03,18.29,7.44
2023-07-02,1476.5,1761.4,1478.7,1017.5,913.01,694.42,125.0,110.23,79.67,8.7,6.4,4.7,1.155,13.97,13.69,21.04,7.7,8.81,13.97,31.89,17.91,7.49
2023-07-03,1482.1,1762.7,1466.7,1054.8,960.19,752.04,125.0,110.08,90.23,7.7,4.5,4.7,1.157,13.76,12.91,20.71,8.17,9.28,13.08,32.24,18.24,7.38
2023-07-04,1463.0,1661.8,1532.5,1047.5,942.63,757.96,125.0,110.35,87.22,7.9,6.0,4.6,1.159,13.42,12.95,20.87,7.86,8.72,13.64,31.64,17.76,7.18
2023-07-05,1491.0,1676.2,1632.1,997.2,993.65,764.44,125.0,111.27,78.5,9.6,5.4,4.2,1.161,14.0,13.31,20.93,8.63,9.55,12.85,32.09,19.99,7.32
2023-07-06,1469.5,1579.1,1686.1,990.9,979.62,754.83,125.0,110.2,88.05,8.1,4.6,3.6,1.163,12.57,12.23,18.46,8.13,9.42,12.46,31.78,19.28,7.1
2023-07-07,1472.5,1584.5,1670.1,1016.6,942.28,724.53,125.0,109.85,88.69,7.5,4.4,5.4,1.164,12.88,12.45,20.21,8.61,9.86,12.49,31.39,18.96,7.55
2023-07-08,1511.1,1669.4,1697.8,996.3,943.4,744.55,125.0,109.76,85.5,8.7,6.2,4.3,1.166,13.17,12.98,20.19,8.34,9.52,13.49,32.07,19.06,7.33
2023-07-09,1480.0,1661.9,1599.0,1022.4,959.93,754.13,125.0,110.5,91.39,9.3,4.8,3.7,1.168,13.56,13.18,20.58,8.26,9.19,12.98,31.89,19.84,7.31
2023-07-10,1453.4,1617.9,1537.4,1072.7,970.55,755.12,125.0,109.7,85.87,8.4,5.2,4.8,1.169,12.98,12.51,19.93,7.82,8.8,13.14,31.62,18.84,7.1
2023-07-11,1448.1,1641.6,1489.7,1080.0,920.43,706.92,125.0,110.69,79.33,8.8,4.5,3.8,1.171,12.65,12.41,19.66,8.04,9.25,13.1,32.04,18.15,7.63
2023-07-12,1526.4,1718.8,1629.0,1075.1,918.2,717.31,125.0,110.79,86.46,7.8,4.7,3.7,1.172,12.86,12.43,19.57,8.3,9.6,12.48,32.28,19.51,7.22
2023-07-13,1462.3,1593.8,1564.4,1108.9,935.67,711.05,125.0,110.77,85.98,7.9,5.2,4.1,1.173,13.4,12.93,20.73,7.95,9.11,13.4,31.42,18.48,7.58
2023-07-14,1442.3,1625.7,1501.6,1065.8,953.74,745.64,125.0,110.71,82.59,8.1,5.7,3.9,1.174,12.91,12.58,19.69,7.43,8.82,13.2,32.56,17.64,7.41
2023-07-15,1463.5,1772.6,1427.4,1019.7,952.45,753.37,125.0,110.53,87.29,7.1,3.0,3.7,1.176,13.39,13.23,19.66,7.54,8.56,14.05,32.54,17.52,7.1
2023-07-16,1494.8,1830.4,1460.4,1006.0,961.05,734.6,125.0,111.1,78.33,7.3,5.4,5.1,1.176,14.01,13.71,20.72,7.63,9.03,13.82,32.75,18.33,7.65
2023-07-17,1490.0,1828.9,1465.2,982.6,927.0,704.67,125.0,110.62,88.96,9.7,4.7,4.4,1.177,13.39,13.07,20.3,7.94,9.17,13.18,32.47,18.37,7.47
2023-07-18,1529.1,1891.7,1531.3,945.9,910.26,728.95,125.0,110.85,81.49,10.4,6.6,5.5,1.178,13.15,13.17,19.49,7.79,8.98,14.24,32.76,18.71,7.29
2023-07-19,1578.3,1930.9,1567.8,1028.8,957.87,739.8,125.0,110.72,81.06,9.9,8.0,3.8,1.179,13.5,12.99,20.73,7.98,9.37,13.41,32.72,18.23,7.44
2023-07-20,1596.2,2001.5,1469.7,1124.7,932.58,741.04,125.0,110.4,84.54,6.4,5.0,3.1,1.179,14.13,13.59,21.08,7.71,8.74,14.12,32.2,18.16,7.15
2023-07-21,1475.8,1763.3,1412.8,1104.1,914.72,711.64,125.0,111.76,86.73,6.3,3.8,4.6,1.179,13.57,13.19,20.35,8.07,9.21,13.91,32.25,17.6,7.59
2023-07-22,1436.5,1588.9,1499.5,1104.3,947.18,736.85,125.0,112.05,85.66,6.6,5.5,6.0,1.18,12.97,12.8,20.16,7.95,8.9,12.88,32.08,19.0,8.01
2023-07-23,1473.2,1704.9,1481.0,1091.8,956.9,751.64,125.0,112.43,82.03,8.2,5.2,4.9,1.18,13.56,13.01,20.43,7.98,9.37,13.43,31.55,19.09,7.49
2023-07-24,1444.0,1539.1,1553.6,1138.1,943.17,725.06,125.0,113.09,82.98,4.6,7.1,7.1,1.18,12.31,12.21,18.77,7.88,9.13,12.9,31.95,19.54,7.54
2023-07-25,1472.4,1591.6,1536.6,1192.0,938.13,733.33,125.0,112.46,80.47,7.3,6.9,4.8,1.18,12.47,11.88,18.88,7.98,9.4,11.93,30.39,18.66,7.3
2023-07-26,1413.4,1558.8,1467.2,1105.6,942.61,730.66,125.0,113.43,84.1,9.7,6.1,4.7,1.18,13.72,13.29,20.4,7.63,8.81,13.51,30.98,19.26,7.1
2023-07-27,1368.9,1456.9,1443.8,1123.2,939.44,716.92,125.0,112.28,89.3,9.2,4.8,2.8,1.179,13.06,12.69,19.69,7.91,9.31,12.69,31.92,17.9,7.38
2023-07-28,1350.7,1508.3,1378.2,1060.1,924.78,725.38,125.0,111.99,84.98,7.4,6.0,4.8,1.179,12.98,12.46,19.95,7.38,8.33,12.61,31.15,18.08,7.7
2023-07-29,1370.2,1541.0,1341.6,1136.9,934.28,725.58,125.0,111.87,88.44,7.5,5.6,4.6,1.179,12.62,12.14,18.52,7.8,9.17,12.93,30.98,17.41,7.81
2023-07-30,1475.6,1782.3,1356.3,1152.2,952.82,741.31,125.0,112.27,90.82,8.7,5.6,4.2,1.178,13.53,13.24,19.72,7.51,8.55,14.21,32.7,18.38,7.53
2023-07-31,1448.6,1710.8,1390.7,1110.1,949.83,726.34,125.0,112.5,82.65,9.1,4.0,4.4,1.177,13.4,13.21,20.48,7.98,9.18,13.78,32.93,18.31,7.58
2023-08-01,1472.5,1870.1,1287.2,1095.6,947.52,758.16,125.0,112.53,84.25,7.4,6.3,4.4,1.176,14.3,13.55,20.68,8.03,9.38,14.3,31.98,16.64,7.14
2023-08-02,1482.2,1902.1,1290.1,1079.4,930.07,735.98,125.0,112.65,93.68,7.7,5.4,4.3,1.176,14.0,13.61,20.64,7.51,9.1,14.37,33.76,18.33,7.4
2023-08-03,1443.2,1821.1,1256.0,1100.5,942.28,746.55,125.0,112.29,90.78,7.3,5.3,6.1,1.174,13.86,13.43,20.04,7.81,9.14,13.79,32.31,18.18,7.31
2023-08-04,1474.8,1904.9,1219.4,1144.2,912.34,707.96,125.0,111.68,78.31,6.4,4.8,4.1,1.173,13.73,13.34,19.32,7.52,8.84,14.04,33.2,17.19,7.45
2023-08-05,1487.9,1959.0,1235.0,1088.1,947.68,718.44,125.0,112.18,86.55,7.7,4.6,4.6,1.172,14.37,13.89,21.04,7.1,8.05,14.14,32.95,17.87,7.36
2023-08-06,1494.9,1952.3,1205.7,1168.1,966.43,777.25,125.0,112.67,85.0,7.6,5.6,4.1,1.171,14.26,13.64,21.25,7.47,8.63,14.0,34.6,17.02,7.54
2023-08-07,1553.5,1971.4,1303.2,1235.3,922.89,719.12,125.0,113.61,88.31,6.5,3.8,5.0,1.169,14.04,13.85,20.59,7.64,8.77,14.47,33.15,17.38,7.86
2023-08-08,1539.6,1894.7,1384.3,1189.0,936.21,721.26,125.0,113.36,82.02,8.8,6.0,4.5,1.168,13.6,13.37,19.5,7.85,9.31,13.67,32.06,18.9,8.06
2023-08-09,1527.0,1796.8,1461.8,1186.7,949.94,745.95,125.0,113.86,81.64,8.6,4.4,4.1,1.166,13.6,13.18,20.34,7.92,9.08,13.35,32.88,17.78,7.56
2023-08-10,1565.5,1878.3,1427.3,1258.3,963.79,765.76,125.0,113.88,82.3,8.8,3.5,2.8,1.164,13.55,13.07,19.84,7.89,9.34,13.49,33.96,18.36,8.11
2023-08-11,1543.0,1847.7,1363.8,1306.3,938.28,731.58,125.0,114.64,82.71,7.1,7.0,4.5,1.163,13.72,13.22,19.12,7.67,8.56,14.16,33.49,17.32,7.46
2023-08-12,1534.2,1834.6,1370.8,1282.4,934.62,744.34,125.0,115.32,88.26,5.6,4.5,4.1,1.161,13.72,12.92,20.26,7.71,9.14,13.98,32.68,18.19,7.7
2023-08-13,1549.3,1861.8,1362.4,1310.9,915.47,727.06,125.0,115.6,80.28,8.6,4.7,4.2,1.159,12.84,12.51,19.36,7.3,8.23,13.14,33.09,18.16,7.39
2023-08-14,1577.4,1886.2,1324.7,1437.0,946.55,725.39,125.0,115.61,82.51,7.2,6.3,3.3,1.157,13.8,13.5,20.87,7.56,8.86,14.28,32.71,18.33,7.93
2023-08-15,1484.6,1723.1,1251.6,1429.2,975.63,752.91,125.0,116.27,77.84,6.9,7.0,5.4,1.155,13.13,12.76,20.12,7.19,8.1,13.11,32.85,18.18,8.24
2023-08-16,1533.2,1867.0,1255.3,1388.5,949.16,751.84,125.0,116.78,89.03,6.5,3.9,4.9,1.153,14.01,13.58,20.8,7.37,8.6,13.54,33.15,18.51,8.21
2023-08-17,1528.9,1875.6,1235.3,1385.3,944.67,704.29,125.0,116.62,90.08,7.7,4.4,5.3,1.15,14.07,13.66,20.96,7.3,8.2,13.98,31.03,17.44,7.72
2023-08-18,1536.2,1848.2,1287.1,1385.6,949.83,739.07,125.0,116.15,83.69,9.9,4.5,5.1,1.148,13.64,13.1,19.48,7.39,8.71,13.61,32.18,17.36,8.04
2023-08-19,1562.0,1892.1,1335.4,1351.3,944.83,719.8,125.0,116.21,83.81,7.4,6.1,4.6,1.146,14.08,13.59,21.46,7.37,8.64,14.23,33.13,17.69,8.17
2023-08-20,1598.9,1912.4,1410.1,1361.5,932.8,721.87,125.0,117.17,86.81,6.7,6.8,3.2,1.143,14.11,13.66,21.45,7.81,8.86,14.24,33.09,17.44,8.12
2023-08-21,1584.8,1990.2,1328.4,1295.2,957.35,743.15,125.0,117.95,90.9,8.8,4.3,5.6,1.141,14.14,13.82,20.63,7.57,8.82,14.4,33.58,18.08,7.86
2023-08-22,1605.3,2039.0,1358.0,1257.5,948.39,735.44,125.0,117.6,86.63,8.2,6.6,3.3,1.138,14.86,14.62,22.1,7.58,8.9,15.1,33.81,18.0,7.57
2023-08-23,1622.9,2105.2,1313.0,1285.1,945.26,730.68,125.0,117.23,82.21,5.5,4.6,3.8,1.136,14.25,13.79,21.17,7.24,8.14,14.64,34.83,18.17,7.58
2023-08-24,1628.1,2237.9,1237.9,1198.8,930.37,712.52,125.0,118.09,78.52,8.8,5.6,4.6,1.133,15.33,14.71,22.88,7.34,8.24,15.1,34.78,16.82,7.36
2023-08-25,1659.8,2312.6,1217.2,1234.7,964.55,779.85,125.0,117.75,80.54,10.6,4.1,4.6,1.131,15.09,14.65,21.8,7.75,8.7,15.74,33.73,17.78,7.71
2023-08-26,1645.3,2268.8,1294.7,1138.6,954.97,767.29,125.0,118.23,85.29,4.9,5.1,4.4,1.128,14.71,14.57,21.16,7.87,8.81,15.22,36.21,18.55,7.33
2023-08-27,1559.5,2121.5,1275.5,1058.0,936.71,716.69,125.0,118.15,82.38,6.5,5.2,3.6,1.125,14.39,13.81,20.81,7.59,8.52,15.19,32.8,18.06,7.52
2023-08-28,1658.3,2288.5,1383.1,1035.3,960.03,767.81,125.0,119.2,85.78,4.6,5.0,3.4,1.123,14.7,14.39,22.02,7.68,9.02,15.15,35.71,17.26,7.43
2023-08-29,1654.4,2237.7,1420.3,1048.8,937.54,726.48,125.0,119.05,82.79,7.9,5.6,5.9,1.12,15.12,14.87,21.37,7.91,9.21,15.51,33.6,18.16,7.39
2023-08-30,1630.8,2163.6,1394.7,1108.7,933.27,729.5,125.0,119.87,80.77,9.2,4.3,3.8,1.117,14.06,13.58,19.44,7.55,8.34,14.22,35.14,17.71,7.1
2023-08-31,1574.1,1954.4,1471.2,1109.8,933.6,727.45,125.0,120.21,80.29,8.1,4.4,3.7,1.115,14.51,13.97,21.91,7.78,8.85,14.45,33.01,18.29,7.44
2023-09-01,1592.3,1983.9,1498.2,1097.3,918.43,708.46,125.0,120.58,91.25,9.7,5.6,3.2,1.112,13.71,13.39,20.62,7.68,8.6,14.26,33.44,18.07,7.26
2023-09-02,1579.2,1991.2,1434.6,1122.4,952.07,754.42,125.0,119.85,88.56,9.0,6.4,3.9,1.109,14.5,14.12,21.44,8.06,9.44,14.75,32.26,19.17,8.04
2023-09-03,1540.7,1815.2,1555.0,1081.6,917.53,717.19,125.0,119.01,91.92,10.0,5.2,3.9,1.106,13.57,13.26,19.81,8.17,9.3,14.12,32.83,18.45,7.1
2023-09-04,1566.0,1864.6,1566.7,1087.5,926.57,717.01,125.0,119.16,87.16,9.4,5.7,3.6,1.104,13.83,13.73,19.99,8.01,8.9,14.44,32.95,18.65,7.32
2023-09-05,1527.8,1806.9,1562.3,1033.1,913.87,697.16,125.0,119.55,83.28,7.5,5.9,3.9,1.101,13.31,12.94,19.78,8.41,9.7,13.53,32.68,18.38,7.35
2023-09-06,1626.1,2103.0,1501.2,1038.1,943.71,725.37,125.0,119.26,90.29,8.1,5.9,5.0,1.098,14.61,13.99,21.85,8.04,9.37,14.84,34.64,18.66,7.1
2023-09-07,1619.9,2025.8,1574.9,1033.5,942.75,715.64,125.0,118.99,84.87,7.0,4.3,3.1,1.096,14.31,13.89,21.15,8.16,9.19,14.94,33.75,18.51,7.81
2023-09-08,1597.5,1967.3,1602.6,998.7,940.1,733.42,125.0,119.55,85.88,7.7,4.5,3.6,1.093,13.58,13.2,20.89,8.18,9.35,14.08,33.18,19.06,7.75
2023-09-09,1570.4,1863.5,1636.6,1008.7,929.36,710.54,125.0,120.12,84.83,8.1,4.6,3.0,1.09,13.41,13.2,19.89,7.84,8.83,13.89,32.18,18.51,7.1
2023-09-10,1613.6,2001.7,1595.3,1018.2,927.42,720.2,125.0,120.33,75.0,7.9,6.9,3.7,1.088,13.94,13.49,20.72,7.85,9.27,14.31,33.08,19.27,7.12
2023-09-11,1624.0,1951.6,1642.9,1073.3,951.97,758.97,125.0,121.01,91.42,9.6,5.6,3.0,1.085,13.83,13.35,21.2,8.21,9.35,13.67,34.14,19.11,7.95
2023-09-12,1589.3,1865.3,1693.7,1001.6,936.74,745.05,125.0,120.72,86.96,7.6,5.6,3.0,1.082,14.22,13.59,21.31,8.26,9.36,14.94,32.24,18.83,7.61
2023-09-13,1600.5,1941.0,1639.7,1001.1,949.75,740.41,125.0,120.84,86.32,6.9,5.5,2.2,1.08,14.05,13.71,21.03,8.36,9.6,14.51,32.09,19.26,7.2
2023-09-14,1494.5,1783.3,1539.3,969.8,931.72,725.7,125.0,121.96,84.75,7.0,4.0,3.4,1.077,13.25,13.36,19.67,7.81,8.94,14.08,31.69,18.7,7.3
2023-09-15,1545.4,1854.3,1572.9,1012.9,947.72,761.78,125.0,122.3,85.65,8.8,6.9,3.7,1.075,13.62,13.18,20.13,8.1,9.45,13.77,33.23,19.06,7.1
2023-09-16,1594.8,2049.0,1465.1,1049.6,964.55,758.6,125.0,122.67,82.61,6.3,5.6,4.8,1.072,14.25,13.89,21.31,7.94,9.38,13.9,33.76,18.5,7.96
2023-09-17,1624.6,2100.5,1473.8,1074.2,953.79,740.02,125.0,124.14,87.47,7.8,5.8,3.7,1.07,14.42,13.91,21.61,7.94,9.38,14.57,34.5,18.29,7.44
2023-09-18,1629.0,2157.3,1443.2,1043.6,938.81,715.16,125.0,123.76,79.77,9.6,3.5,2.9,1.068,14.25,13.63,21.22,7.82,8.92,14.45,32.94,18.31,7.48
2023-09-19,1699.0,2237.0,1522.2,1085.5,948.86,744.84,125.0,124.47,85.74,8.4,5.8,2.1,1.065,14.61,14.23,21.44,7.64,8.84,14.81,32.79,18.26,7.2
2023-09-20,1739.1,2405.2,1493.4,1017.6,941.39,744.24,125.0,125.63,87.25,7.9,4.8,2.2,1.063,15.61,15.14,22.9,7.35,8.75,15.79,35.65,18.88,7.1
2023-09-21,1786.8,2510.1,1563.2,942.6,945.12,729.61,125.0,125.79,84.21,8.0,3.9,2.1,1.061,15.72,14.89,23.97,7.82,9.3,15.78,36.68,19.34,7.3
2023-09-22,1766.4,2525.2,1524.9,890.5,940.12,736.78,125.0,126.55,86.48,6.8,4.3,4.7,1.058,15.62,15.4,22.42,7.84,8.84,16.6,34.94,18.76,7.56
2023-09-23,1815.6,2590.7,1586.6,896.1,942.53,730.81,125.0,126.39,81.03,7.0,4.0,3.4,1.056,15.87,15.46,24.34,7.8,9.08,16.85,36.74,19.36,7.1
2023-09-24,1816.0,2456.2,1714.8,933.4,948.18,737.37,125.0,126.38,81.14,7.8,4.0,2.6,1.054,15.5,15.04,23.24,8.33,9.66,16.03,36.57,19.59,7.1
2023-09-25,1778.0,2511.4,1634.6,805.4,930.1,695.62,125.0,126.92,85.95,8.3,5.2,2.3,1.052,15.52,14.99,23.02,8.42,9.87,15.81,35.88,18.57,7.1
2023-09-26,1742.0,2368.0,1646.1,874.8,929.76,722.55,125.0,127.66,87.71,9.1,4.8,2.4,1.05,15.36,14.96,23.34,8.35,9.85,15.73,35.77,19.15,7.44
2023-09-27,1778.9,2302.1,1816.9,888.6,924.17,732.49,125.0,128.57,77.5,8.1,5.4,2.6,1.048,15.13,14.74,21.95,8.59,9.67,15.61,34.93,18.51,7.1
2023-09-28,1615.1,1941.0,1806.5,825.6,921.0,710.8,125.0,129.7,87.09,9.6,6.6,4.1,1.046,13.38,13.04,21.17,8.69,9.86,13.78,32.83,19.2,7.1
2023-09-29,1631.1,1981.3,1796.4,839.6,926.74,723.49,125.0,130.02,82.83,9.9,5.0,3.0,1.044,14.02,13.76,22.22,8.21,9.62,14.55,33.79,18.53,7.18
2023-09-30,1628.3,1904.8,1833.9,898.0,947.39,729.89,125.0,130.97,84.23,9.0,3.1,1.8,1.042,13.41,13.2,21.13,8.45,9.74,13.71,34.33,19.29,7.35
2023-10-01,1680.7,2025.3,1821.4,932.5,931.61,730.98,125.0,131.16,79.64,9.5,4.9,4.8,1.041,14.44,14.31,21.03,8.65,9.5,15.12,33.16,18.49,7.1
2023-10-02,1664.9,2060.6,1695.9,988.5,952.7,740.51,125.0,131.97,81.59,6.8,6.2,2.0,1.039,14.67,14.11,22.43,8.2,9.1,14.94,33.84,19.55,7.55
2023-10-03,1719.0,2175.1,1760.0,932.0,945.52,726.24,125.0,132.44,88.86,6.6,5.0,2.4,1.037,14.49,13.97,22.68,8.31,9.69,14.64,33.75,18.94,7.3
2023-10-04,1612.8,2041.2,1617.8,920.2,915.47,730.06,125.0,133.04,85.13,8.6,6.4,3.9,1.036,14.15,13.78,21.96,8.55,10.0,13.97,33.54,19.02,7.1
2023-10-05,1635.0,2147.6,1584.5,885.8,954.82,755.91,125.0,133.62,83.47,6.4,5.5,3.2,1.034,13.92,13.39,20.28,8.14,9.09,13.93,34.24,18.68,7.34
2023-10-06,1769.7,2366.2,1658.2,971.4,957.16,739.33,125.0,133.19,84.53,7.7,3.4,2.5,1.033,15.64,15.07,23.75,8.7,10.23,16.41,36.19,18.01,7.45
2023-10-07,1791.7,2426.5,1627.4,1006.0,930.09,731.45,125.0,133.01,86.96,8.9,5.2,1.9,1.031,15.6,15.2,24.0,7.68,8.79,15.6,36.39,18.44,7.1
2023-10-08,1831.1,2486.9,1576.0,1139.0,951.3,748.47,125.0,133.44,86.76,9.7,5.3,2.1,1.03,16.02,15.67,23.68,7.94,8.92,16.99,36.49,18.41,7.9
2023-10-09,1840.3,2476.1,1628.9,1119.0,932.15,734.79,125.0,132.98,84.7,7.7,6.0,2.1,1.028,16.02,15.73,23.1,8.25,9.37,16.13,36.41,18.69,7.53
2023-10-10,1776.5,2389.7,1567.4,1088.0,946.47,717.91,125.0,133.79,89.37,7.2,6.7,2.8,1.027,14.89,14.41,22.53,8.09,9.06,15.11,34.99,19.38,7.77
2023-10-11,1770.3,2449.3,1484.3,1084.3,926.03,734.38,125.0,134.61,88.88,8.4,5.9,2.9,1.026,15.71,15.31,23.59,7.35,8.33,16.11,34.92,19.11,7.38
2023-10-12,1715.6,2256.7,1501.9,1149.2,918.1,709.28,125.0,135.17,86.65,6.7,5.4,2.7,1.024,15.34,14.91,22.58,7.82,8.61,16.24,34.81,18.15,7.52
2023-10-13,1682.1,2193.6,1489.1,1133.8,939.26,728.33,125.0,135.0,85.22,7.8,5.7,2.7,1.023,14.2,13.78,20.6,8.52,9.78,14.61,34.43,17.73,7.58
2023-10-14,1572.1,1985.0,1408.0,1141.0,943.14,767.31,125.0,136.09,87.63,8.0,4.9,1.9,1.022,14.09,13.54,21.29,7.82,9.12,14.16,34.73,17.8,7.64
2023-10-15,1556.9,1904.5,1452.5,1146.8,939.03,736.07,125.0,137.51,86.26,8.0,3.7,3.0,1.021,13.78,13.22,20.16,7.99,8.91,13.57,31.75,18.5,7.89
2023-10-16,1597.4,1976.2,1484.1,1150.0,927.24,718.61,125.0,137.99,89.24,8.1,5.1,3.7,1.02,14.36,14.03,21.5,7.7,8.86,14.82,33.64,18.22,7.6
2023-10-17,1603.7,2029.6,1461.0,1122.0,939.0,705.96,125.0,138.65,88.6,7.0,5.4,2.6,1.019,13.42,12.89,20.75,7.91,8.94,13.49,34.01,17.5,7.46
2023-10-18,1596.9,2030.5,1443.3,1118.1,949.04,756.93,125.0,139.16,80.93,7.1,4.0,2.6,1.018,14.94,14.22,21.28,7.84,9.15,14.83,33.22,18.05,7.74
2023-10-19,1612.6,2044.7,1476.0,1112.5,944.33,720.43,125.0,139.84,80.66,7.1,6.2,2.8,1.017,14.28,13.85,21.63,8.17,8.93,14.45,33.11,19.02,7.57
2023-10-20,1555.6,1832.2,1554.2,1114.9,947.74,727.19,125.0,140.2,82.2,6.1,5.9,3.6,1.016,14.05,13.85,20.94,8.32,9.71,14.61,32.51,18.74,8.21
2023-10-21,1545.6,1797.0,1533.7,1160.1,934.95,725.28,125.0,140.6,88.9,8.4,3.8,2.0,1.015,13.56,12.73,20.27,8.08,8.92,13.54,31.37,18.48,7.59
2023-10-22,1553.4,1729.8,1575.1,1240.8,962.58,767.81,125.0,141.47,78.69,9.1,6.3,3.8,1.014,13.68,13.22,20.8,8.14,9.32,13.46,33.32,18.55,8.03
2023-10-23,1531.2,1668.7,1609.0,1202.1,927.36,732.62,125.0,143.07,86.58,9.0,4.7,3.0,1.014,12.37,12.1,18.55,7.68,8.68,12.44,33.49,18.38,7.79
2023-10-24,1577.7,1749.3,1662.2,1184.9,952.31,740.91,125.0,142.79,86.45,7.7,4.3,2.7,1.013,13.38,12.71,19.79,7.83,8.93,13.04,32.15,19.19,7.1
2023-10-25,1533.9,1665.5,1658.7,1148.7,962.73,754.63,125.0,143.17,89.65,7.0,6.0,3.6,1.012,13.62,13.18,19.83,8.3,9.23,13.69,31.65,19.04,7.39
2023-10-26,1493.3,1614.3,1593.7,1159.3,952.21,735.52,125.0,143.01,85.72,8.9,5.0,1.7,1.011,13.23,12.66,20.57,8.35,9.93,13.39,30.86,19.11,7.45
2023-10-27,1391.5,1402.7,1560.6,1137.0,941.96,736.41,125.0,144.24,79.63,8.8,6.7,3.0,1.011,11.91,11.4,18.05,8.37,9.37,11.83,29.86,18.85,7.12
2023-10-28,1400.8,1399.2,1581.3,1150.4,937.08,731.8,125.0,144.38,81.16,8.3,4.3,3.0,1.01,12.48,12.04,19.25,7.85,8.78,11.71,30.12,18.61,7.41
2023-10-29,1418.2,1308.9,1697.1,1202.5,960.54,760.85,125.0,144.1,80.27,10.1,3.5,1.9,1.01,12.01,11.48,18.35,7.96,9.52,12.0,31.08,19.25,7.31
2023-10-30,1393.7,1351.6,1658.9,1089.7,923.66,732.06,125.0,144.86,82.85,8.0,4.8,3.0,1.009,11.94,11.41,17.9,8.41,9.74,11.33,32.22,18.43,7.1
2023-10-31,1387.8,1279.1,1706.0,1116.1,930.45,731.68,125.0,146.17,84.27,7.7,5.7,2.8,1.008,11.55,11.2,18.27,8.08,9.04,11.27,29.38,18.87,7.49
2023-11-01,1392.6,1326.6,1677.7,1099.0,939.04,728.1,125.0,146.95,80.34,7.5,4.2,2.4,1.008,12.47,12.43,19.29,7.86,9.01,12.74,29.58,19.54,7.91
2023-11-02,1406.5,1344.5,1679.2,1124.0,963.56,760.48,125.0,147.5,90.88,6.1,3.8,3.3,1.007,12.8,12.53,19.48,8.19,9.37,12.76,29.74,19.03,7.19
2023-11-03,1516.6,1561.6,1772.0,1087.1,950.7,740.44,125.0,148.15,79.7,8.8,5.2,2.1,1.007,13.72,13.46,21.08,8.33,9.24,14.08,31.73,19.09,7.13
2023-11-04,1576.3,1638.9,1812.5,1145.7,930.48,712.79,125.0,149.31,90.38,7.9,3.7,2.8,1.007,12.59,12.33,19.09,8.81,9.98,12.64,31.84,19.29,7.35
2023-11-05,1482.0,1455.5,1721.1,1189.8,940.35,728.63,125.0,149.33,89.74,8.6,5.3,2.5,1.006,12.9,12.41,20.25,8.55,9.83,12.46,30.88,18.42,7.54
2023-11-06,1429.1,1344.7,1676.9,1217.2,935.79,730.93,125.0,149.73,88.59,10.2,4.7,2.1,1.006,12.58,12.25,19.88,8.06,9.52,12.43,29.94,18.96,7.23
2023-11-07,1481.1,1384.9,1753.5,1254.0,934.35,739.72,125.0,149.96,82.22,7.5,5.5,3.0,1.005,12.2,12.0,19.25,8.73,10.0,12.61,31.29,19.9,7.5
2023-11-08,1445.2,1314.9,1754.7,1220.4,959.68,746.35,125.0,149.83,86.37,5.2,3.8,2.4,1.005,11.99,11.75,18.46,8.48,9.73,12.22,30.81,18.8,7.48
2023-11-09,1293.4,1024.5,1672.0,1193.6,924.42,706.54,125.0,150.13,79.89,8.6,6.2,1.4,1.005,10.95,10.65,17.16,8.47,9.58,10.81,29.01,18.9,7.63
2023-11-10,1361.9,1223.8,1614.3,1229.5,969.13,756.6,125.0,151.15,88.64,8.2,4.8,1.1,1.004,11.9,11.63,19.0,8.54,10.04,12.24,30.2,18.88,7.83
2023-11-11,1416.9,1344.1,1657.9,1195.9,957.42,748.15,125.0,151.9,84.7,7.1,5.7,3.2,1.004,12.45,12.45,19.67,8.2,9.6,13.05,30.31,18.91,7.6
2023-11-12,1492.1,1436.8,1718.8,1263.0,961.36,752.09,125.0,152.69,83.36,8.5,5.9,1.6,1.004,13.14,12.87,20.99,8.53,9.96,13.41,30.46,19.09,7.66
2023-11-13,1472.4,1400.9,1714.0,1248.6,938.06,742.72,125.0,153.23,80.11,8.9,4.0,2.8,1.004,12.85,12.42,19.35,8.21,9.47,12.37,30.86,19.32,7.49
2023-11-14,1564.5,1480.9,1869.1,1271.8,942.75,747.57,125.0,153.96,75.09,6.9,5.8,2.6,1.003,12.15,11.77,18.63,8.85,9.85,12.41,31.24,18.86,7.73
2023-11-15,1583.4,1432.6,1910.9,1366.2,923.5,713.2,125.0,154.04,80.85,7.6,3.7,2.2,1.003,12.22,11.69,19.24,8.67,10.18,12.0,30.91,19.75,7.58
2023-11-16,1586.3,1487.0,1881.7,1331.7,937.13,723.57,125.0,154.36,89.45,9.8,3.8,4.1,1.003,13.16,13.12,20.56,8.86,10.21,13.33,29.92,19.45,8.19
2023-11-17,1535.1,1415.0,1816.6,1333.1,952.4,730.39,125.0,154.93,83.39,7.1,6.8,2.7,1.003,12.31,12.18,19.09,8.92,10.2,12.3,30.95,18.45,7.47
2023-11-18,1601.1,1615.0,1743.9,1378.9,964.44,760.65,125.0,155.55,84.32,8.1,6.0,3.1,1.002,13.16,12.78,19.99,8.57,9.95,13.18,31.63,19.4,7.79
2023-11-19,1556.7,1465.7,1759.4,1418.8,928.39,741.53,125.0,156.19,87.62,4.9,6.9,2.8,1.002,12.01,11.98,19.24,8.35,9.65,12.17,30.18,19.08,8.14
2023-11-20,1605.2,1632.3,1720.7,1400.0,939.52,729.04,125.0,156.6,92.22,6.2,4.7,2.3,1.002,13.53,13.22,20.57,8.31,9.35,13.7,32.15,18.56,7.83
2023-11-21,1645.7,1659.6,1824.4,1373.3,942.73,732.43,125.0,156.89,90.3,8.2,5.1,2.5,1.002,12.55,12.11,18.94,7.79,8.9,12.58,31.95,19.37,8.06
2023-11-22,1659.7,1627.6,1910.5,1360.2,924.06,738.37,125.0,158.96,81.11,9.5,5.5,3.7,1.002,12.47,12.24,19.03,8.47,9.36,12.79,33.03,18.75,8.25
2023-11-23,1702.3,1669.6,1939.1,1423.2,953.87,750.09,125.0,159.9,77.23,6.4,5.0,3.4,1.002,13.66,13.31,21.25,9.01,10.37,13.93,32.31,19.33,8.21
2023-11-24,1707.6,1772.0,1848.9,1406.7,934.14,733.86,125.0,160.59,94.44,8.1,4.3,4.1,1.002,14.18,13.88,23.02,8.8,10.38,14.28,32.11,19.32,7.62
2023-11-25,1755.8,1939.2,1795.3,1406.9,942.07,720.52,125.0,160.96,94.08,7.5,4.2,2.7,1.001,13.91,13.29,20.8,8.29,9.18,13.73,33.13,18.37,7.65
2023-11-26,1793.3,1982.4,1869.3,1384.3,938.22,739.96,125.0,161.23,85.75,9.1,5.2,1.8,1.001,14.1,13.56,21.47,8.64,9.97,13.63,32.61,18.81,7.85
2023-11-27,1747.6,1891.2,1822.3,1413.5,933.16,716.72,125.0,161.65,79.92,6.5,4.0,2.2,1.001,14.16,13.96,22.69,8.46,9.86,14.77,33.68,18.73,8.04
2023-11-28,1778.2,1908.9,1886.7,1417.1,944.89,723.41,125.0,162.29,88.85,8.5,4.0,1.6,1.001,14.04,13.87,21.33,8.83,10.31,14.5,33.28,19.51,8.27
2023-11-29,1857.3,2119.6,1906.6,1368.5,941.77,730.42,125.0,161.85,84.57,7.2,5.4,3.1,1.001,14.4,14.18,22.26,9.23,10.47,14.86,34.3,19.73,7.68
2023-11-30,1902.5,2268.4,1898.4,1322.9,939.42,725.72,125.0,161.56,84.55,8.3,4.9,2.0,1.001,14.77,14.66,23.38,8.84,9.94,15.83,34.1,19.02,7.68
2023-12-01,1897.3,2361.6,1841.5,1232.5,934.07,725.92,125.0,161.74,88.58,8.1,5.8,1.0,1.001,14.64,14.28,21.84,8.37,9.51,14.81,35.7,18.81,7.57
2023-12-02,1913.8,2438.0,1826.5,1197.3,949.79,723.55,125.0,162.34,86.34,7.7,4.6,4.5,1.001,15.55,15.16,23.31,8.53,10.05,16.1,35.11,19.41,7.55
2023-12-03,1949.9,2500.1,1830.7,1236.4,969.8,767.95,125.0,162.72,80.26,8.6,4.5,2.1,1.001,15.7,15.09,23.43,8.96,9.96,15.77,35.86,19.53,8.11
2023-12-04,2029.9,2609.9,1889.7,1298.3,947.1,752.27,125.0,163.96,83.7,8.1,5.4,2.0,1.001,15.79,15.23,23.19,8.31,9.31,16.47,36.62,19.15,7.75
2023-12-05,1984.6,2536.7,1821.6,1329.6,959.94,725.39,125.0,163.72,87.64,7.8,4.3,3.8,1.001,15.44,14.68,24.0,8.42,9.59,15.03,35.92,20.31,7.9
2023-12-06,1914.8,2368.5,1796.9,1354.1,924.15,732.58,125.0,163.85,87.04,7.6,4.4,1.5,1.001,14.85,14.35,22.21,8.61,9.71,15.51,34.61,19.19,8.04
2023-12-07,1910.7,2365.5,1793.3,1347.3,947.37,729.22,125.0,165.11,86.05,8.1,4.4,3.4,1.001,15.47,14.69,22.89,8.81,10.12,15.82,35.31,19.15,8.26
2023-12-08,1892.0,2265.4,1830.1,1381.3,928.54,734.54,125.0,165.68,88.73,8.3,4.8,2.0,1.001,15.19,14.9,22.79,8.66,10.24,15.43,35.32,19.03,7.86
2023-12-09,1823.0,2144.3,1763.3,1392.3,922.85,719.0,125.0,166.63,83.55,6.8,6.6,1.4,1.0,14.4,14.03,22.25,8.22,9.21,14.82,34.6,19.51,8.18
2023-12-10,1779.8,2066.3,1672.8,1471.4,933.91,728.79,125.0,168.16,85.71,7.6,3.8,3.9,1.0,14.19,13.46,21.46,8.36,9.59,13.93,34.2,19.1,8.49
2023-12-11,1904.0,2344.9,1715.4,1462.6,962.88,748.82,125.0,168.32,75.0,6.7,6.2,3.2,1.0,14.96,14.48,22.13,8.48,9.76,15.5,35.71,18.25,8.06
2023-12-12,1885.1,2351.4,1613.9,1518.9,959.25,762.76,125.0,168.78,83.2,8.0,5.7,3.2,1.0,15.59,15.42,23.34,8.27,9.45,16.5,35.08,18.48,8.03
2023-12-13,1935.7,2382.6,1698.7,1552.4,948.65,725.07,125.0,169.15,88.06,7.3,6.4,2.8,1.0,15.32,14.84,23.3,8.29,9.22,15.43,36.17,18.77,8.75
2023-12-14,1880.2,2238.1,1686.6,1578.8,922.01,726.46,125.0,168.68,83.44,8.9,7.8,3.0,1.0,14.91,14.31,22.37,8.24,9.35,14.74,33.34,18.78,8.46
2023-12-15,1737.8,2032.6,1584.6,1480.8,942.06,748.02,125.0,169.04,83.14,8.8,6.3,1.5,1.0,14.41,13.71,21.44,7.86,8.91,14.74,33.94,18.95,8.07
2023-12-16,1704.3,1950.3,1556.1,1518.1,949.53,749.23,125.0,169.99,80.83,6.9,5.8,2.6,1.0,13.97,13.29,21.39,8.67,10.1,14.53,33.87,18.07,8.31
2023-12-17,1779.5,2120.5,1584.7,1506.8,947.63,767.05,125.0,170.77,89.01,8.0,3.8,1.8,1.0,14.15,13.8,21.13,8.14,9.44,14.71,34.08,18.64,7.86
2023-12-18,1778.3,2161.0,1552.9,1481.7,917.34,709.18,125.0,171.59,87.19,8.8,3.9,1.4,1.0,14.19,13.7,21.94,8.1,9.01,14.67,33.58,19.25,8.28
2023-12-19,1789.5,2228.6,1558.4,1410.5,931.65,738.17,125.0,171.92,88.3,7.8,5.3,2.8,1.0,15.19,14.68,22.2,7.96,9.07,15.37,34.49,18.52,7.47
2023-12-20,1839.1,2308.4,1610.6,1408.1,944.04,735.08,125.0,172.1,78.1,7.1,3.5,3.4,1.0,14.82,14.31,21.79,8.35,9.5,15.24,34.54,18.38,8.22
2023-12-21,1806.9,2238.1,1599.5,1407.5,953.04,758.18,125.0,173.25,84.36,6.7,5.6,2.2,1.0,14.77,14.3,21.65,7.82,9.38,15.23,35.11,18.08,7.79
2023-12-22,1831.8,2389.1,1541.2,1346.8,912.06,711.31,125.0,173.51,83.88,9.0,3.1,2.3,1.0,14.77,14.14,21.86,7.49,8.68,15.03,35.73,18.09,7.35
2023-12-23,1778.6,2310.5,1526.7,1280.3,942.57,730.55,125.0,174.17,83.88,9.1,6.0,1.6,1.0,14.65,14.26,21.78,7.97,8.95,15.54,35.31,17.95,7.23
2023-12-24,1878.6,2460.1,1624.3,1304.0,947.15,754.45,125.0,174.77,82.54,7.8,4.7,2.5,1.0,15.25,14.58,22.13,8.69,9.83,15.6,36.05,18.58,7.67
2023-12-25,1942.1,2496.4,1735.6,1344.4,957.74,741.14,125.0,176.02,83.62,8.9,5.1,3.1,1.0,16.26,15.66,24.28,8.71,9.94,16.68,36.58,19.42,8.06
2023-12-26,1813.1,2285.6,1601.7,1352.9,955.39,728.25,125.0,177.02,88.4,4.4,4.3,3.1,1.0,15.29,14.98,23.0,7.95,9.21,15.75,35.6,18.79,7.54
2023-12-27,1817.5,2199.9,1675.4,1404.5,953.74,737.71,125.0,176.89,77.35,9.6,3.3,2.9,1.0,14.62,14.24,21.32,8.41,9.77,15.02,34.09,18.72,7.66
2023-12-28,1743.6,2004.6,1691.6,1398.8,933.0,735.17,125.0,176.81,92.11,7.8,6.1,2.0,1.0,14.54,14.21,21.67,8.1,9.36,15.22,32.43,17.98,7.78
2023-12-29,1818.9,2143.4,1751.0,1394.8,916.38,731.48,125.0,177.61,86.94,8.2,6.2,2.0,1.0,14.43,14.32,22.11,8.44,9.66,15.12,34.13,19.35,8.06
2023-12-30,1795.2,2144.7,1712.2,1352.2,939.1,733.83,125.0,178.1,84.83,7.6,4.7,3.1,1.0,15.06,14.6,22.13,8.44,9.68,15.38,34.78,18.79,8.08
2023-12-31,1640.5,1903.7,1595.9,1281.8,960.02,764.64,125.0,178.38,88.63,9.7,5.6,3.2,1.0,14.76,14.32,21.9,8.38,9.62,14.95,32.17,18.84,7.82
2024-01-01,1701.2,1965.8,1637.2,1367.3,965.9,737.11,125.0,179.41,79.19,6.9,4.6,2.4,1.0,14.55,14.07,22.32,7.85,8.67,14.59,33.61,18.47,8.18
2024-01-02,1676.5,1924.7,1577.7,1417.7,955.66,740.09,125.0,180.02,82.34,9.9,5.3,2.2,1.0,14.06,13.57,21.9,7.79,8.95,13.78,34.0,18.5,8.17
2024-01-03,1573.1,1781.9,1491.6,1353.1,951.44,738.66,125.0,180.56,84.52,8.6,5.7,3.4,1.0,13.85,13.28,20.87,7.92,8.99,14.29,32.45,18.16,7.77
2024-01-04,1632.5,1994.3,1413.5,1360.1,950.69,740.17,125.0,181.47,90.46,8.9,5.5,2.2,1.0,14.21,13.8,20.95,7.53,8.33,14.79,34.54,17.56,8.11
2024-01-05,1660.5,2023.7,1463.3,1355.3,936.66,731.6,125.0,181.79,84.81,7.8,6.2,3.1,1.0,13.59,13.23,20.05,7.57,9.19,14.33,34.43,17.83,7.52
2024-01-06,1657.3,2007.8,1481.2,1342.9,943.05,743.87,125.0,183.09,86.8,6.6,5.5,2.4,1.0,13.98,13.63,21.24,7.97,9.22,13.99,33.43,18.36,7.96
2024-01-07,1662.9,1981.4,1540.2,1324.9,970.04,751.29,125.0,183.22,82.64,9.3,5.0,1.7,1.0,13.92,13.51,21.35,7.85,9.02,14.62,33.44,18.84,7.59
2024-01-08,1625.7,1834.1,1589.5,1342.9,930.86,727.74,125.0,184.06,86.95,8.6,4.3,3.8,1.0,13.43,13.17,19.75,8.63,9.85,14.34,32.35,18.24,7.84
2024-01-09,1580.1,1717.5,1566.0,1380.1,969.22,755.45,125.0,185.29,91.71,9.8,4.6,2.6,1.0,14.12,13.71,21.56,7.99,9.33,14.48,32.47,18.16,8.27
2024-01-10,1654.3,1891.9,1566.3,1397.5,940.17,722.22,125.0,185.12,88.98,8.0,5.7,1.9,1.0,14.26,13.77,21.06,7.98,8.95,14.86,32.19,18.4,7.98
2024-01-11,1631.7,1864.4,1537.9,1390.8,964.88,751.24,125.0,185.46,84.67,7.7,3.6,1.4,1.0,14.05,13.49,20.62,8.13,9.29,14.32,32.17,19.05,7.97
2024-01-12,1638.6,1893.2,1530.3,1382.7,923.9,718.92,125.0,186.54,87.7,9.9,6.0,1.5,1.0,14.09,13.44,20.98,7.56,8.51,13.79,31.32,17.91,7.91
2024-01-13,1549.3,1693.5,1473.8,1424.1,953.79,741.97,125.0,187.64,87.31,10.5,4.7,2.2,1.0,12.7,12.54,19.57,8.04,9.39,13.21,32.1,18.42,8.17
2024-01-14,1522.1,1584.0,1507.8,1443.0,933.95,728.86,125.0,188.06,87.03,8.3,4.3,4.0,1.0,13.22,12.72,20.01,8.01,9.05,12.84,32.71,18.05,8.51
2024-01-15,1592.7,1692.4,1585.0,1443.7,923.77,721.45,125.0,188.21,89.45,7.4,4.0,2.0,1.0,13.56,13.02,20.56,7.95,9.37,13.33,30.52,19.09,8.12
2024-01-16,1605.6,1770.2,1536.1,1439.5,948.28,734.47,125.0,189.2,89.42,9.2,5.6,3.7,1.0,12.77,12.33,19.48,8.08,9.27,13.01,32.31,18.29,7.89
2024-01-17,1730.4,1995.7,1625.6,1452.7,960.14,764.18,125.0,190.3,84.49,8.0,5.0,2.4,1.0,14.52,14.04,21.98,8.31,9.72,14.75,33.51,19.19,8.01
2024-01-18,1795.7,2165.1,1635.6,1428.8,932.33,713.18,125.0,190.23,87.57,9.0,6.4,1.6,1.0,14.12,13.94,21.2,8.52,9.87,14.87,34.11,19.22,7.73
2024-01-19,1805.9,2153.2,1653.6,1463.6,922.51,710.91,125.0,190.14,83.47,8.0,3.9,2.1,1.0,13.85,13.39,21.21,8.79,10.32,13.66,34.87,19.48,7.68
2024-01-20,1781.5,2219.5,1544.6,1412.1,943.62,769.38,125.0,190.76,81.31,10.2,4.5,1.5,1.0,15.28,15.22,22.35,7.75,8.73,15.93,34.01,17.87,7.35
2024-01-21,1728.0,2196.0,1433.1,1392.0,943.69,723.62,125.0,191.58,83.92,7.5,4.9,1.8,1.0,14.4,13.98,21.59,7.49,8.79,14.95,33.21,17.54,7.81
2024-01-22,1837.0,2434.8,1452.8,1418.5,953.22,727.27,125.0,191.94,84.69,8.9,4.3,1.8,1.0,15.22,15.07,22.8,7.9,8.71,16.22,35.39,18.94,7.64
2024-01-23,1896.2,2562.3,1513.7,1365.8,959.24,757.02,125.0,192.79,78.35,7.7,5.0,1.0,1.0,16.21,15.86,24.13,7.48,8.61,17.07,35.99,19.06,7.94
2024-01-24,1871.1,2575.9,1477.2,1294.8,944.11,711.48,125.0,192.94,88.44,8.0,5.3,3.7,1.0,15.73,15.31,23.47,8.06,9.15,16.4,34.89,18.05,7.64
2024-01-25,1919.9,2592.5,1594.4,1299.6,972.83,755.99,125.0,192.39,75.0,7.8,5.4,2.7,1.0,15.94,15.7,23.8,8.21,9.16,16.59,36.86,17.24,7.57
2024-01-26,1980.5,2745.3,1646.1,1225.0,948.36,765.47,125.0,192.68,95.86,9.2,6.4,2.0,1.0,16.27,15.95,24.63,8.31,9.38,17.2,36.44,18.89,7.13
2024-01-27,1967.0,2795.6,1588.9,1170.6,939.8,714.51,125.0,193.22,91.01,9.5,3.8,2.7,1.0,16.57,16.16,23.39,8.01,9.09,17.2,37.32,17.88,7.46
2024-01-28,2041.3,2951.2,1595.0,1210.3,920.83,694.46,125.0,193.58,83.96,9.0,5.3,1.8,1.0,16.73,16.57,25.02,8.12,9.29,18.06,37.72,18.12,7.13
2024-01-29,1991.9,2686.5,1759.9,1205.6,941.06,716.04,125.0,193.5,85.04,8.2,4.4,1.0,1.0,16.18,15.62,25.06,8.53,9.7,16.83,36.15,19.2,7.78
2024-01-30,1994.6,2727.2,1676.4,1268.0,939.95,743.94,125.0,193.1,86.21,8.5,5.4,4.9,1.0,16.07,15.44,23.62,8.3,9.56,16.54,37.62,19.03,7.77
2024-01-31,1966.5,2658.7,1711.3,1216.5,959.4,761.83,125.0,193.34,82.64,9.5,5.4,2.7,1.0,16.26,15.67,23.87,8.03,9.07,16.49,36.71,19.88,7.62
2024-02-01,2032.9,2843.6,1689.5,1216.5,951.94,736.36,125.0,194.29,85.77,9.5,4.1,2.0,1.0,16.74,16.5,25.38,8.35,9.51,17.98,37.76,18.8,8.02
2024-02-02,2115.6,2996.3,1735.5,1238.8,927.31,731.5,125.0,195.41,84.42,5.2,4.2,1.0,1.0,17.63,17.32,25.63,8.79,10.05,18.69,38.62,18.47,7.63
2024-02-03,2123.0,2974.9,1816.0,1189.7,947.58,755.8,125.0,196.5,84.62,8.1,5.5,1.3,1.0,16.86,16.27,24.86,8.59,9.91,18.16,38.52,19.76,7.69
2024-02-04,2183.4,3120.1,1785.8,1241.1,955.07,766.41,125.0,196.59,85.73,8.1,5.0,3.8,1.0,17.37,16.5,25.86,8.53,9.97,18.0,39.21,19.45,7.87
2024-02-05,2280.1,3285.3,1854.7,1267.6,967.92,752.02,125.0,196.51,79.75,9.2,4.8,3.7,1.0,18.04,17.47,26.43,9.04,10.57,19.07,39.51,19.35,7.65
2024-02-06,2298.5,3254.3,1992.4,1197.8,958.31,719.87,125.0,197.25,85.16,8.3,5.6,3.1,1.0,18.17,17.47,27.56,8.7,10.05,18.42,39.08,19.86,7.51
2024-02-07,2390.2,3488.7,1984.5,1200.8,956.41,736.15,125.0,198.05,85.65,9.3,5.7,1.6,1.0,18.11,17.49,26.72,9.08,10.53,19.15,41.04,19.62,7.65
2024-02-08,2388.4,3436.0,2023.6,1222.8,945.9,732.68,125.0,198.74,85.52,7.1,4.5,3.7,1.0,18.33,17.62,27.6,8.78,10.15,19.05,39.95,20.2,7.31
2024-02-09,2336.5,3365.8,1971.6,1200.2,950.82,738.54,125.0,198.22,84.14,8.7,4.2,2.9,1.0,17.24,16.48,26.04,9.1,10.4,18.26,40.79,20.58,8.07
2024-02-10,2338.2,3418.0,1961.4,1138.2,963.74,749.46,125.0,198.28,89.55,9.5,3.9,3.0,1.0,18.23,17.96,27.94,9.04,10.57,19.55,40.57,19.43,7.6
2024-02-11,2301.2,3333.3,1938.8,1157.2,925.01,734.93,125.0,198.75,83.59,6.6,5.0,2.9,1.0,18.29,17.64,27.77,8.6,9.7,19.38,40.29,19.7,7.44
2024-02-12,2329.2,3301.1,1980.4,1262.6,939.76,748.3,125.0,199.47,85.91,11.4,3.7,1.3,1.0,17.63,17.31,26.2,8.75,9.65,19.39,39.21,18.93,8.22
2024-02-13,2394.8,3416.1,2046.7,1247.8,933.41,726.0,125.0,200.34,90.19,9.8,5.1,1.5,1.0,18.25,17.67,26.79,9.16,10.33,18.93,39.61,19.3,7.38
2024-02-14,2388.1,3372.4,2024.9,1321.5,950.69,754.72,125.0,200.89,84.68,8.4,6.1,2.1,1.0,17.95,17.24,27.31,8.46,10.01,19.02,41.4,20.16,8.21
2024-02-15,2317.8,3142.2,2110.8,1288.6,963.45,755.79,125.0,201.54,85.86,7.4,4.7,3.0,1.0,17.23,16.79,25.83,9.0,10.29,18.35,39.21,20.16,8.01
2024-02-16,2352.6,3150.2,2192.9,1300.1,936.05,730.89,125.0,202.06,84.61,8.2,4.5,1.4,1.0,17.78,17.19,26.83,9.35,10.81,19.11,39.67,19.69,8.03
2024-02-17,2329.9,3040.6,2227.3,1336.2,909.15,720.01,125.0,202.87,89.95,8.5,6.8,2.4,1.0,16.65,16.12,25.06,9.12,10.43,17.64,37.36,20.18,7.7
2024-02-18,2337.4,3108.2,2171.7,1336.2,938.82,733.14,125.0,203.5,83.97,8.9,6.4,2.4,1.0,17.43,16.93,26.79,9.2,10.69,18.43,38.71,20.64,7.83
2024-02-19,2331.4,3153.6,2112.0,1323.1,958.7,772.48,125.0,204.01,90.13,10.2,4.3,3.1,1.0,17.65,17.0,26.39,8.59,9.9,18.6,40.16,19.44,7.76
2024-02-20,2366.4,3281.8,2041.7,1356.4,953.06,726.13,125.0,204.35,84.59,7.8,5.1,3.0,1.0,17.59,16.82,26.47,8.75,10.04,18.55,38.87,20.82,8.14
2024-02-21,2427.8,3341.3,2088.5,1441.2,951.42,735.93,125.0,204.85,81.56,9.1,5.3,1.7,1.0,18.1,17.55,27.23,9.21,10.72,19.44,41.64,20.35,8.12
2024-02-22,2427.6,3417.7,1993.0,1451.8,940.8,732.31,125.0,205.56,87.72,6.9,5.2,3.7,1.0,17.9,17.5,26.89,8.65,9.86,18.77,40.56,20.03,7.87
2024-02-23,2383.3,3296.5,2024.0,1425.3,925.81,727.41,125.0,206.16,83.78,7.9,6.6,1.6,1.0,18.0,17.32,27.29,8.53,9.89,18.64,39.16,19.72,7.8
2024-02-24,2369.6,3343.1,1939.5,1414.2,952.73,758.34,125.0,206.81,87.48,8.8,5.1,3.4,1.0,17.6,17.1,26.23,9.04,10.36,19.1,40.41,20.54,7.98
2024-02-25,2481.1,3515.2,1982.0,1525.4,932.49,727.05,125.0,207.94,75.0,9.2,5.2,2.1,1.0,18.35,18.02,27.05,8.93,10.24,18.99,41.55,20.13,8.03
2024-02-26,2425.6,3386.2,1970.4,1525.8,977.76,745.59,125.0,208.54,85.02,7.5,5.6,2.6,1.0,18.2,17.64,26.34,8.62,9.75,19.1,40.1,19.72,8.59
2024-02-27,2503.8,3536.9,2044.7,1493.4,953.56,753.89,125.0,208.67,83.16,7.9,6.1,2.7,1.0,19.01,18.45,28.41,9.0,10.31,20.04,40.7,20.33,8.32
2024-02-28,2464.1,3421.4,2103.5,1437.2,936.29,739.37,125.0,209.56,80.75,10.1,5.8,2.7,1.0,18.26,17.72,27.4,8.77,9.98,19.17,40.57,19.64,8.18
2024-02-29,2411.8,3278.1,2179.0,1351.9,935.83,706.64,125.0,209.33,82.79,9.8,5.5,3.0,1.0,18.14,17.49,27.11,9.13,10.73,19.37,40.0,20.07,7.89
2024-03-01,2437.6,3267.8,2253.0,1367.7,943.61,735.97,125.0,209.24,82.71,8.6,3.6,2.8,1.0,18.0,17.31,27.39,9.37,10.44,18.87,39.6,21.19,7.68
2024-03-02,2454.0,3303.9,2238.4,1396.1,941.41,715.22,125.0,209.86,84.81,5.7,4.6,3.1,1.0,18.09,17.4,27.85,9.09,10.63,18.72,40.14,20.6,8.1
2024-03-03,2436.6,3359.3,2139.6,1376.3,961.75,742.19,125.0,210.56,79.53,11.4,5.7,2.9,1.0,18.03,17.54,27.72,9.35,10.4,18.82,40.91,20.59,7.42
2024-03-04,2343.8,3205.4,2051.6,1374.2,947.8,728.45,125.0,210.38,86.27,8.3,5.2,1.5,1.0,18.0,17.58,26.36,9.19,10.68,19.01,39.57,20.52,7.95
2024-03-05,2279.9,3212.5,1899.8,1320.1,934.03,738.25,125.0,210.63,90.46,8.0,5.7,2.7,1.0,17.48,17.08,25.96,8.72,9.86,18.81,38.91,19.72,7.58
2024-03-06,2206.5,3095.5,1819.2,1326.3,973.36,760.62,125.0,210.77,86.12,7.7,6.7,2.1,1.0,16.84,16.27,25.57,8.7,10.12,17.66,39.16,19.06,7.67
2024-03-07,2131.1,2895.6,1816.7,1347.9,945.74,722.25,125.0,210.96,88.24,8.8,3.9,1.6,1.0,16.68,16.34,25.64,8.16,9.36,17.49,39.06,20.12,7.74
2024-03-08,2058.2,2766.9,1773.3,1323.1,956.53,756.66,125.0,211.87,89.38,8.8,6.0,2.3,1.001,16.59,16.14,24.37,8.81,9.85,17.04,37.61,19.5,7.82
2024-03-09,2030.0,2663.8,1756.2,1399.1,935.88,712.78,125.0,212.65,89.95,9.4,4.7,2.7,1.001,15.49,15.04,23.88,8.37,9.89,16.24,37.5,19.36,7.91
2024-03-10,2046.1,2705.3,1783.5,1359.0,950.45,745.31,125.0,213.07,92.48,7.2,5.8,2.7,1.001,15.92,14.94,23.26,8.24,9.63,16.17,36.7,19.26,8.08
2024-03-11,2083.3,2813.7,1757.8,1370.6,949.67,730.97,125.0,213.22,83.0,7.9,5.0,3.4,1.001,16.11,15.5,24.59,8.46,9.83,16.46,37.73,19.71,7.86
2024-03-12,1990.7,2627.4,1679.8,1407.1,916.66,710.6,125.0,212.97,82.13,10.7,6.9,3.6,1.001,16.14,15.43,23.87,8.39,9.52,16.78,36.84,19.7,7.85
2024-03-13,1996.5,2650.7,1674.4,1400.8,975.23,766.73,125.0,214.1,88.13,8.5,5.1,2.8,1.001,16.77,16.36,25.52,8.46,9.9,17.88,37.98,18.9,7.67
2024-03-14,1914.1,2504.3,1614.1,1389.7,964.36,758.46,125.0,214.82,87.83,8.1,4.4,2.9,1.001,15.65,15.19,23.03,7.93,8.86,16.17,36.98,19.39,7.66
2024-03-15,1915.0,2563.3,1597.0,1323.0,939.04,748.5,125.0,214.88,88.1,7.1,5.4,2.6,1.001,15.97,15.33,23.49,8.29,9.09,16.42,35.5,18.67,7.87
2024-03-16,1928.2,2481.2,1685.3,1383.7,928.47,723.22,125.0,215.66,92.56,8.9,5.3,3.1,1.001,15.68,15.25,23.33,8.22,9.14,15.87,36.47,17.83,8.03
2024-03-17,1868.5,2355.6,1665.1,1373.7,950.21,744.84,125.0,216.03,85.05,9.5,6.0,2.9,1.001,15.78,15.09,22.8,8.38,9.45,16.17,36.42,18.21,7.84
2024-03-18,1947.1,2439.4,1778.3,1395.9,946.3,732.86,125.0,216.3,86.7,9.3,5.4,2.5,1.001,15.23,14.62,22.15,8.26,9.34,15.71,35.32,19.4,8.17
2024-03-19,1955.0,2366.1,1864.8,1423.3,950.34,743.45,125.0,216.92,81.08,7.9,7.2,4.2,1.001,15.19,14.63,23.26,8.89,10.13,15.43,34.79,19.95,7.64
2024-03-20,1914.1,2325.7,1817.1,1391.4,947.87,744.62,125.0,216.95,93.54,8.6,4.9,2.1,1.001,15.02,14.65,23.18,8.58,9.79,15.29,35.14,19.61,8.03
2024-03-21,1783.7,2077.5,1736.6,1379.8,952.59,741.84,125.0,217.18,83.65,10.2,4.9,3.7,1.001,14.48,14.25,22.16,8.69,9.87,15.51,34.1,19.5,7.71
2024-03-22,1839.9,2189.5,1728.0,1437.3,966.71,732.39,125.0,217.64,83.77,9.5,4.5,1.4,1.002,15.71,15.15,22.94,8.03,8.81,16.0,34.44,20.48,7.82
2024-03-23,1887.7,2281.6,1798.0,1382.8,953.52,747.72,125.0,217.78,83.61,7.2,5.1,3.2,1.002,15.05,14.8,22.96,8.16,9.42,15.34,34.22,19.55,7.74
2024-03-24,1896.0,2279.0,1758.3,1475.8,929.26,729.19,125.0,218.51,82.42,5.1,5.2,3.7,1.002,14.63,14.2,21.68,8.32,9.51,15.31,35.7,18.9,8.0
2024-03-25,1836.0,2107.4,1810.9,1436.8,965.44,744.88,125.0,219.83,82.08,8.5,5.3,1.0,1.002,14.19,13.8,21.81,8.93,10.13,14.62,33.69,19.33,8.16
2024-03-26,1901.1,2245.0,1880.9,1379.3,969.61,740.88,125.0,219.84,82.91,9.1,5.1,2.6,1.002,15.44,14.97,23.9,9.19,10.85,15.77,34.64,20.43,8.06
2024-03-27,1849.9,2168.9,1819.1,1382.4,992.28,791.69,125.0,219.39,79.54,6.9,4.5,3.1,1.002,14.58,14.11,22.32,8.42,9.64,15.19,34.89,18.95,7.96
2024-03-28,1835.7,2119.7,1766.0,1478.9,928.15,729.85,125.0,218.77,81.86,8.1,4.2,2.7,1.002,14.7,14.33,22.89,8.4,9.67,14.27,32.99,19.66,8.18
2024-03-29,1929.2,2376.6,1805.2,1387.0,948.64,737.19,125.0,219.07,92.8,7.8,4.7,2.8,1.003,15.05,14.71,22.69,8.55,9.99,15.07,34.4,19.28,8.35
2024-03-30,1892.0,2288.5,1806.3,1377.4,913.77,699.1,125.0,219.11,87.94,8.3,6.0,2.6,1.003,14.45,13.88,21.86,8.61,9.6,15.18,34.35,18.65,7.79
2024-03-31,1907.8,2363.5,1752.7,1395.8,953.3,733.71,125.0,219.59,88.7,7.5,6.2,1.7,1.003,15.48,14.99,23.27,8.65,9.94,15.82,35.93,18.44,7.98
2024-04-01,1917.2,2414.4,1722.9,1393.7,936.78,746.32,125.0,220.02,89.71,9.7,4.9,4.4,1.003,15.13,14.92,22.12,8.05,9.42,15.71,35.6,19.72,7.75
2024-04-02,1928.6,2443.5,1712.4,1407.3,973.85,761.26,125.0,219.58,92.34,8.3,4.2,2.1,1.004,15.73,15.29,23.33,8.42,9.66,15.8,34.64,18.75,7.93
2024-04-03,1888.0,2458.8,1605.2,1370.9,933.38,721.43,125.0,219.04,77.91,7.1,4.9,2.9,1.004,15.63,15.21,23.06,7.6,8.48,16.2,36.56,18.67,8.17
2024-04-04,1907.3,2483.3,1653.6,1340.8,919.66,723.45,125.0,219.54,80.08,9.2,6.9,2.0,1.004,15.66,15.37,23.19,8.36,9.52,16.4,36.17,18.2,8.09
2024-04-05,1897.5,2494.7,1619.0,1331.9,937.93,721.81,125.0,219.97,81.79,6.6,5.9,1.0,1.004,15.49,14.95,23.15,8.06,9.3,16.35,36.01,19.69,7.76
2024-04-06,1810.1,2469.5,1435.9,1279.0,915.37,732.0,125.0,220.1,83.12,9.6,5.5,1.8,1.005,15.65,15.18,22.29,7.44,8.14,16.23,35.64,18.12,7.79
2024-04-07,1869.7,2617.1,1439.4,1276.4,956.27,762.12,125.0,219.62,83.8,9.3,5.9,1.4,1.005,15.68,15.34,22.49,7.94,8.86,16.29,37.1,17.66,7.99
2024-04-08,1781.7,2446.3,1396.0,1258.4,914.02,707.34,125.0,220.21,83.21,9.8,6.4,3.4,1.005,14.48,14.23,21.86,7.58,9.11,15.34,36.92,17.74,7.51
2024-04-09,1854.7,2540.4,1512.1,1237.2,945.43,729.89,125.0,221.18,85.88,7.9,4.0,2.1,1.006,15.99,15.15,22.62,8.28,9.61,16.48,36.75,19.16,7.34
2024-04-10,1872.6,2607.6,1475.7,1252.1,913.83,681.37,125.0,221.66,85.14,7.5,4.7,2.2,1.006,15.86,15.27,23.57,7.59,9.03,16.58,36.39,17.68,7.79
2024-04-11,1848.1,2657.4,1407.4,1170.1,940.2,715.57,125.0,221.57,82.11,8.2,4.5,1.7,1.007,15.84,15.21,22.99,8.31,9.73,16.48,35.9,17.97,7.77
2024-04-12,1896.8,2750.4,1446.0,1162.2,969.65,740.25,125.0,221.93,76.3,8.0,5.5,2.7,1.007,15.93,15.43,23.41,8.11,9.41,16.65,37.55,19.03,7.8
2024-04-13,1891.8,2705.3,1407.0,1269.0,950.41,742.94,125.0,221.57,81.03,7.3,5.2,2.0,1.007,15.52,14.92,23.44,8.1,9.25,15.88,37.54,18.38,7.64
2024-04-14,1768.1,2466.7,1361.7,1219.3,932.05,723.08,125.0,222.42,82.8,7.4,5.7,3.4,1.008,15.49,15.13,22.57,7.39,8.58,15.76,35.61,17.37,7.99
2024-04-15,1785.1,2437.4,1401.9,1277.8,944.53,720.59,125.0,222.79,84.01,7.6,4.6,2.8,1.008,16.02,15.57,23.67,8.2,9.72,16.1,35.33,18.27,7.81
2024-04-16,1711.9,2308.1,1339.6,1279.1,945.27,733.94,125.0,222.22,80.48,6.6,6.3,2.1,1.009,15.03,14.71,22.01,7.34,8.6,15.68,35.4,17.92,7.45
2024-04-17,1636.5,2213.5,1252.6,1250.6,952.09,748.69,125.0,222.38,83.04,8.9,5.0,3.3,1.01,14.71,14.41,21.37,7.45,8.6,15.36,34.0,17.83,7.31
2024-04-18,1606.1,2067.1,1375.9,1190.7,924.5,727.44,125.0,222.93,80.48,8.0,5.6,2.6,1.01,14.3,13.97,20.97,7.98,9.15,15.01,34.22,18.44,7.47
2024-04-19,1601.2,2011.9,1419.6,1198.1,953.89,721.24,125.0,223.07,84.5,7.7,6.1,2.6,1.011,15.03,14.53,22.43,7.94,9.23,15.34,33.39,18.39,7.68
2024-04-20,1586.8,1946.0,1406.6,1264.4,904.43,703.92,125.0,223.23,80.71,6.7,6.0,1.5,1.011,14.14,13.73,20.58,7.35,8.35,14.68,31.49,17.88,7.54
2024-04-21,1480.2,1687.2,1411.0,1245.7,935.55,713.13,125.0,222.92,81.6,6.6,5.3,2.6,1.012,12.94,12.48,18.83,8.03,9.34,12.96,31.61,18.06,8.16
2024-04-22,1529.0,1779.6,1448.2,1241.3,937.68,742.21,125.0,223.5,79.77,10.4,5.8,2.9,1.013,13.55,12.94,20.24,7.91,8.96,13.73,32.34,18.78,7.76
2024-04-23,1665.2,2034.3,1514.2,1286.1,954.5,753.92,125.0,223.47,84.39,7.3,6.6,3.7,1.014,14.45,14.16,21.59,7.88,9.0,14.54,34.15,18.17,7.53
2024-04-24,1677.0,2098.4,1465.0,1299.4,945.34,726.59,125.0,222.68,81.53,8.8,5.5,2.1,1.014,14.11,13.68,20.15,7.49,8.41,14.41,34.3,17.25,7.21
2024-04-25,1656.3,2070.1,1490.6,1226.1,923.92,711.46,125.0,222.78,88.63,8.2,4.4,4.5,1.015,14.58,13.91,21.62,7.98,9.08,14.08,32.83,18.16,7.66
2024-04-26,1641.6,2059.1,1458.4,1230.1,930.23,720.04,125.0,223.55,86.62,4.7,5.6,3.1,1.016,14.02,13.68,20.29,7.78,8.81,14.41,33.75,18.41,7.87
2024-04-27,1634.4,2008.2,1448.0,1297.5,947.98,712.39,125.0,223.64,84.72,10.2,5.0,1.5,1.017,13.71,13.26,20.69,7.89,9.41,14.34,33.25,18.1,8.24
2024-04-28,1640.8,2015.8,1460.6,1293.0,943.81,740.21,125.0,224.78,81.81,8.8,2.9,2.0,1.018,14.27,13.53,20.36,7.47,8.41,14.25,33.36,18.05,7.71
2024-04-29,1606.9,2008.7,1461.8,1166.9,936.31,727.05,125.0,225.26,86.52,7.1,5.5,3.8,1.019,14.16,13.53,21.9,7.74,8.98,14.44,32.84,18.09,7.96
2024-04-30,1590.5,1913.4,1511.0,1185.4,937.79,743.12,125.0,225.7,87.76,8.0,5.1,3.7,1.02,13.92,13.4,20.64,8.06,9.08,14.11,33.0,18.4,7.23
2024-05-01,1674.0,2100.1,1542.0,1176.8,955.44,732.06,125.0,225.9,85.57,6.6,6.1,2.7,1.021,14.26,13.87,20.9,8.51,9.8,14.44,36.16,17.96,7.51
2024-05-02,1549.9,1928.6,1442.0,1095.0,937.23,723.61,125.0,226.12,91.41,10.2,4.4,2.9,1.022,13.74,13.45,20.32,7.76,8.98,14.03,34.31,18.56,7.16
2024-05-03,1533.3,2008.0,1355.7,1022.3,943.68,717.99,125.0,226.25,86.84,6.9,3.7,1.8,1.023,14.61,14.29,21.71,8.03,8.86,15.29,32.9,16.7,7.51
2024-05-04,1533.0,1993.1,1337.0,1071.2,977.55,750.44,125.0,226.35,88.65,7.4,5.2,3.8,1.024,14.47,14.13,21.64,7.91,8.82,14.99,33.85,18.46,7.15
2024-05-05,1651.6,2199.0,1461.8,1041.6,923.64,706.26,125.0,226.86,85.53,7.1,5.4,2.0,1.026,14.34,13.91,21.15,7.87,8.86,14.54,34.09,18.35,7.39
2024-05-06,1632.9,2222.7,1407.3,1005.0,917.22,727.39,125.0,226.64,87.7,8.1,5.1,3.5,1.027,14.03,13.87,20.13,7.44,8.3,14.29,34.44,18.26,7.1
2024-05-07,1608.2,2167.9,1396.7,1008.6,956.75,737.89,125.0,226.34,81.81,9.7,5.1,3.9,1.028,14.41,14.08,20.71,7.53,8.68,14.92,35.06,17.26,7.76
2024-05-08,1575.2,2128.0,1365.2,984.7,934.82,730.65,125.0,226.01,83.17,10.2,4.1,2.9,1.03,14.58,14.17,21.55,7.82,9.04,14.74,33.97,18.15,7.13
2024-05-09,1564.1,2121.5,1333.6,994.8,940.23,728.81,125.0,227.27,86.4,7.5,4.9,3.6,1.031,14.3,13.96,21.46,7.49,8.4,14.66,33.61,17.68,7.35
2024-05-10,1514.6,1985.1,1350.9,991.0,933.28,712.73,125.0,227.76,86.37,8.5,4.8,4.3,1.033,13.86,13.38,20.96,7.48,8.63,13.63,34.09,18.76,7.1
2024-05-11,1500.6,1896.6,1446.8,942.3,941.1,732.04,125.0,228.13,87.03,8.1,6.0,3.1,1.034,13.68,13.26,20.45,7.78,8.87,14.2,32.18,18.44,7.1
2024-05-12,1428.7,1700.4,1477.4,926.0,968.98,762.99,125.0,227.83,89.4,6.8,5.4,2.8,1.036,13.42,12.71,20.52,7.91,9.08,13.19,32.42,17.93,7.1
2024-05-13,1380.4,1608.6,1424.8,953.0,957.03,731.99,125.0,228.35,79.3,10.9,4.8,2.9,1.037,13.41,12.95,20.84,8.05,9.14,13.4,30.76,17.46,7.44
2024-05-14,1455.4,1633.1,1605.5,961.0,957.93,756.9,125.0,228.51,81.1,9.6,6.6,2.3,1.039,13.21,13.08,20.54,8.04,9.34,13.27,31.19,18.49,7.41
2024-05-15,1474.1,1678.9,1605.0,963.2,923.76,710.33,125.0,228.82,85.92,8.2,4.8,2.3,1.041,13.22,12.84,20.43,8.28,9.85,13.25,32.23,18.99,7.43
2024-05-16,1399.2,1471.4,1561.8,1056.1,927.73,717.84,125.0,228.54,82.1,9.9,5.6,3.3,1.042,12.54,12.18,18.69,8.12,9.49,12.59,30.33,19.07,7.1
2024-05-17,1441.0,1476.8,1649.6,1091.8,902.41,710.25,125.0,228.82,98.51,9.5,4.9,2.9,1.044,12.35,12.13,19.38,7.69,9.12,12.33,29.33,18.66,7.45
2024-05-18,1470.5,1558.9,1611.5,1131.8,932.86,719.67,125.0,228.8,87.06,8.1,6.6,3.3,1.046,13.2,12.86,20.22,8.19,9.13,13.19,30.78,18.7,7.33
2024-05-19,1503.6,1556.7,1713.5,1124.7,959.35,748.74,125.0,228.61,84.69,8.4,5.2,1.8,1.048,13.26,12.74,20.53,7.7,8.72,13.56,30.96,18.93,7.32
2024-05-20,1461.2,1502.8,1646.6,1135.1,952.75,739.37,125.0,229.16,82.94,9.8,5.2,3.0,1.05,13.53,13.13,21.06,8.0,9.32,12.94,30.35,18.86,7.39
2024-05-21,1475.4,1475.7,1731.9,1115.8,941.68,736.06,125.0,228.58,83.08,6.9,5.0,3.9,1.052,12.91,12.35,19.97,8.47,10.05,12.77,31.28,19.64,7.43
2024-05-22,1469.0,1435.8,1733.9,1151.3,944.67,708.27,125.0,229.04,85.12,10.0,5.3,2.2,1.054,12.42,12.07,19.12,8.37,9.75,12.19,29.75,18.89,7.69
2024-05-23,1473.6,1387.1,1806.6,1145.8,934.67,707.08,125.0,229.55,85.45,7.7,6.2,3.1,1.056,12.09,11.6,18.37,8.04,9.04,12.35,30.04,19.52,7.77
2024-05-24,1531.4,1429.8,1916.0,1155.3,948.07,746.89,125.0,229.28,83.17,9.8,5.9,1.7,1.058,12.92,12.67,19.99,8.43,9.61,12.93,30.85,19.31,7.67
2024-05-25,1610.7,1705.1,1823.7,1161.6,956.49,758.51,125.0,229.04,83.91,8.0,5.1,2.1,1.061,13.12,12.65,20.34,7.91,9.17,12.86,31.97,19.88,7.73
2024-05-26,1604.3,1630.7,1891.6,1159.7,920.76,707.27,125.0,229.09,90.38,8.4,6.7,3.9,1.063,13.33,12.8,20.74,8.27,9.47,13.19,31.22,19.63,7.94
2024-05-27,1589.2,1606.8,1782.3,1290.7,949.49,737.68,125.0,229.39,90.54,8.0,5.9,3.0,1.065,12.83,12.43,19.9,8.62,9.75,12.99,31.17,19.71,7.94
2024-05-28,1554.5,1613.2,1700.8,1255.5,958.99,751.55,125.0,229.47,86.01,7.4,4.7,4.7,1.068,13.28,12.94,20.68,8.2,9.38,14.2,30.98,20.0,7.68
2024-05-29,1498.4,1549.3,1638.4,1220.9,938.77,740.56,125.0,229.83,79.63,7.7,3.9,3.6,1.07,12.52,11.96,19.53,8.22,9.45,11.77,30.84,17.47,7.77
2024-05-30,1568.3,1684.9,1663.3,1248.8,955.51,720.97,125.0,230.86,87.15,9.7,4.8,3.7,1.072,13.62,13.13,20.61,8.27,9.29,13.25,32.51,19.31,8.14
2024-05-31,1457.1,1432.0,1656.7,1217.8,987.22,759.4,125.0,230.75,91.22,5.2,5.5,2.5,1.075,12.33,11.97,18.54,8.34,9.79,12.72,30.87,19.35,7.53
2024-06-01,1430.9,1393.9,1637.2,1201.3,943.43,731.89,125.0,230.02,90.48,6.5,5.7,3.1,1.077,12.56,12.39,19.37,8.44,9.62,12.23,30.65,19.01,7.5
2024-06-02,1463.4,1506.2,1638.9,1149.5,950.9,750.14,125.0,230.57,87.94,7.1,6.4,2.8,1.08,12.75,11.99,20.46,8.16,9.37,12.4,31.89,18.96,7.9
2024-06-03,1472.9,1490.3,1669.4,1170.1,933.93,758.45,125.0,231.54,90.69,6.7,4.2,2.6,1.082,12.74,12.45,19.63,8.45,9.93,12.67,31.31,18.94,7.46
2024-06-04,1460.8,1417.1,1703.6,1190.6,947.72,736.48,125.0,231.86,85.21,9.8,4.8,4.0,1.085,12.41,11.98,18.98,7.7,8.83,12.13,29.87,19.16,7.79
2024-06-05,1505.3,1486.3,1764.1,1173.5,951.9,725.6,125.0,231.43,87.51,9.5,4.1,4.2,1.088,12.62,12.17,19.72,8.72,10.23,12.5,31.37,19.64,7.91
2024-06-06,1596.3,1603.2,1869.4,1203.2,947.92,744.21,125.0,231.49,82.28,8.7,4.0,3.8,1.09,13.14,12.64,20.6,8.31,9.35,12.98,32.29,19.86,7.31
2024-06-07,1581.8,1637.5,1850.7,1116.1,929.7,741.02,125.0,231.04,86.17,7.2,4.6,2.9,1.093,12.75,12.31,20.06,8.28,9.61,13.12,31.22,19.27,7.33
2024-06-08,1524.4,1558.8,1800.2,1083.4,948.1,740.81,125.0,231.47,90.32,9.6,5.5,3.8,1.096,12.6,12.32,20.13,8.32,9.74,13.15,30.36,19.17,7.73
2024-06-09,1556.7,1622.2,1825.5,1075.7,966.93,743.33,125.0,230.89,82.64,6.1,5.9,2.1,1.098,13.09,12.62,20.37,8.87,10.03,13.2,31.6,19.46,7.43
2024-06-10,1498.3,1587.9,1735.5,1023.0,951.73,753.84,125.0,230.84,81.55,10.6,4.3,4.7,1.101,12.91,12.78,20.42,8.17,9.36,13.13,31.7,18.9,7.1
2024-06-11,1496.8,1681.4,1679.3,945.9,959.43,756.32,125.0,230.43,85.39,7.2,4.5,2.6,1.104,13.0,12.7,19.95,8.14,9.33,13.28,32.49,19.89,7.1
2024-06-12,1581.6,1851.3,1734.4,935.9,941.44,722.01,125.0,230.58,84.09,7.7,3.6,2.8,1.106,14.08,13.69,22.05,8.12,9.38,14.5,32.43,18.41,7.36
2024-06-13,1467.9,1562.9,1714.2,971.2,956.25,750.45,125.0,230.49,87.6,7.5,5.4,3.8,1.109,12.88,12.47,20.29,8.43,9.78,13.2,30.17,19.45,7.58
2024-06-14,1461.5,1587.7,1624.4,1031.8,949.19,752.33,125.0,230.65,83.19,6.7,4.6,3.9,1.112,12.96,12.75,20.12,8.36,9.44,13.29,30.72,19.16,7.35
2024-06-15,1347.1,1407.9,1519.8,1008.2,930.74,740.16,125.0,230.74,91.87,10.3,6.7,3.7,1.115,11.99,11.83,18.61,8.36,9.61,12.63,30.72,18.13,7.38
2024-06-16,1471.1,1696.6,1519.3,1042.8,949.78,740.03,125.0,230.32,79.84,8.9,5.6,2.9,1.117,14.08,13.48,22.05,8.59,10.19,13.76,33.38,18.66,7.27
2024-06-17,1484.7,1650.6,1590.0,1071.9,930.12,721.2,125.0,230.7,90.01,9.5,5.1,4.8,1.12,13.99,13.47,21.5,8.23,9.67,14.24,31.66,19.21,7.59
2024-06-18,1557.7,1740.5,1656.8,1126.3,935.51,744.42,125.0,230.74,81.94,6.5,4.7,2.5,1.123,13.15,12.85,19.62,8.3,9.7,13.59,33.02,18.63,7.82
2024-06-19,1552.2,1739.7,1654.9,1108.4,947.84,724.79,125.0,230.3,77.82,8.2,3.9,2.7,1.125,13.9,13.62,21.11,7.93,9.08,13.93,31.59,19.52,7.66
2024-06-20,1539.9,1654.5,1776.3,1025.7,949.46,745.84,125.0,231.48,85.95,8.6,4.0,3.8,1.128,13.2,12.76,20.15,8.94,10.7,13.31,31.46,19.76,7.3
2024-06-21,1495.9,1560.3,1755.5,1029.6,927.16,706.75,125.0,231.76,83.98,8.3,4.7,3.0,1.131,13.43,12.92,21.47,8.42,9.89,13.4,29.68,18.65,7.39
2024-06-22,1551.4,1746.6,1733.2,984.4,960.81,762.22,125.0,231.73,80.56,6.6,4.6,5.0,1.133,13.66,13.26,21.37,8.34,9.59,13.74,32.68,18.6,7.53
2024-06-23,1524.0,1854.2,1554.0,953.6,953.58,740.7,125.0,232.48,78.27,9.3,4.4,3.1,1.136,13.86,13.66,21.69,8.16,9.42,14.19,32.32,18.71,7.23
2024-06-24,1593.5,2064.9,1519.6,942.7,934.43,744.08,125.0,233.44,84.97,8.1,5.6,5.3,1.138,13.47,13.07,19.86,7.79,8.86,13.37,34.13,17.8,7.36
2024-06-25,1605.4,2057.3,1571.1,930.3,921.94,725.01,125.0,233.4,88.9,6.9,5.7,4.9,1.141,13.96,13.35,21.43,7.43,8.62,13.88,33.26,17.03,7.2
2024-06-26,1648.5,2075.5,1666.8,939.8,942.83,720.73,125.0,233.6,87.34,5.8,4.9,5.1,1.143,14.41,14.0,21.08,8.38,9.76,14.64,35.19,18.62,7.53
2024-06-27,1617.2,2031.7,1602.9,974.2,938.31,748.98,125.0,233.13,85.23,8.7,7.0,5.6,1.146,14.33,14.02,20.77,8.45,9.85,14.53,34.78,19.75,7.39
2024-06-28,1603.9,1987.7,1625.6,959.4,946.7,757.04,125.0,233.07,86.92,10.9,3.7,4.2,1.148,13.75,13.32,20.57,8.31,9.52,13.75,31.99,18.56,7.1
2024-06-29,1579.8,1862.8,1685.3,979.2,939.55,743.44,125.0,232.98,84.89,6.8,5.4,3.4,1.15,13.53,13.31,21.24,8.26,9.21,14.23,33.19,19.09,7.58
2024-06-30,1578.8,1867.9,1675.3,981.2,914.89,704.47,125.0,233.09,79.28,8.2,5.1,4.1,1.153,13.89,13.6,20.57,8.19,9.47,14.16,32.1,19.07,7.29
2024-07-01,1497.5,1776.5,1516.4,1024.6,939.17,728.88,125.0,233.26,79.32,9.3,4.8,3.8,1.155,13.05,12.65,19.65,8.0,9.34,13.88,32.8,18.42,7.27
2024-07-02,1518.9,1825.0,1528.4,1015.9,940.42,735.27,125.0,233.54,84.19,6.5,4.7,3.7,1.157,13.73,13.32,21.1,8.01,9.02,13.96,31.75,18.31,7.1
2024-07-03,1540.1,1841.0,1573.2,1012.4,954.5,736.07,125.0,233.65,84.36,7.4,5.3,4.4,1.159,14.22,13.52,21.67,8.08,9.28,14.4,33.78,19.3,7.38
2024-07-04,1523.3,1869.1,1505.1,995.7,934.53,749.24,125.0,233.04,88.4,7.0,5.1,4.1,1.161,13.92,13.68,21.78,7.93,9.38,14.2,33.45,18.4,7.7
2024-07-05,1586.1,2048.2,1484.8,988.9,970.18,758.47,125.0,232.56,88.03,9.2,5.0,3.7,1.163,14.56,14.07,21.6,8.36,9.37,14.57,33.09,18.5,7.1
2024-07-06,1542.8,2029.8,1406.6,954.2,916.33,682.29,125.0,232.27,87.42,9.6,4.2,4.1,1.164,13.46,12.99,19.81,7.81,8.93,13.81,33.27,18.4,7.1
2024-07-07,1502.6,2099.5,1239.5,916.1,964.67,756.51,125.0,232.1,83.88,8.2,3.9,4.8,1.166,14.28,13.77,20.34,7.53,8.96,14.91,34.31,17.33,7.38
2024-07-08,1621.1,2308.1,1312.8,953.7,941.64,730.3,125.0,232.6,79.48,7.0,5.1,5.1,1.168,15.78,15.38,22.77,7.75,8.94,16.16,35.47,17.27,7.25
2024-07-09,1656.9,2424.1,1316.1,906.4,957.89,746.26,125.0,231.99,86.65,7.5,5.0,3.1,1.169,15.25,14.63,21.74,7.79,8.86,15.7,35.72,17.2,7.33
2024-07-10,1728.8,2517.3,1423.3,894.9,946.2,733.61,125.0,231.78,87.1,7.2,5.2,4.2,1.171,16.12,15.49,22.75,8.04,9.24,16.53,36.58,18.51,7.1
2024-07-11,1731.3,2445.0,1478.0,943.7,962.09,760.12,125.0,232.21,75.45,6.8,5.2,4.3,1.172,15.33,14.86,23.48,7.75,9.08,15.77,35.83,18.4,7.1
2024-07-12,1714.6,2435.2,1451.7,929.4,939.19,746.0,125.0,232.02,81.66,7.9,4.9,3.5,1.173,15.32,14.76,22.56,7.71,8.83,15.69,36.0,18.68,7.1
2024-07-13,1649.8,2255.5,1444.0,968.6,928.52,727.64,125.0,232.2,82.24,8.7,5.2,4.4,1.174,15.04,14.64,23.33,7.59,8.85,15.15,33.73,18.2,7.57
2024-07-14,1667.0,2284.4,1478.7,942.7,966.31,749.65,125.0,232.08,85.47,8.6,4.6,4.6,1.176,15.14,14.59,21.97,8.14,9.41,15.43,35.11,17.82,7.13
2024-07-15,1677.3,2287.1,1538.0,896.8,943.3,735.28,125.0,232.15,81.79,8.0,6.7,4.9,1.176,15.14,14.93,22.26,8.18,9.47,15.94,35.66,18.34,7.1
2024-07-16,1655.2,2261.8,1552.9,827.8,948.32,739.93,125.0,231.98,84.85,8.1,4.6,4.5,1.177,14.67,14.34,21.5,7.73,9.02,15.26,35.76,19.04,7.1
2024-07-17,1728.4,2348.0,1618.0,891.6,963.52,741.92,125.0,232.24,84.16,7.9,5.0,3.8,1.178,14.87,14.53,21.93,8.3,9.49,15.47,35.53,18.73,7.1
2024-07-18,1640.6,2183.8,1589.3,843.2,929.52,731.97,125.0,231.4,84.36,6.4,4.7,6.1,1.179,14.35,13.83,21.88,8.41,9.48,14.85,34.21,19.17,7.26
2024-07-19,1687.0,2340.3,1516.1,881.0,953.93,749.59,125.0,231.15,82.13,8.2,4.7,5.2,1.179,15.02,14.93,22.51,7.93,9.22,15.85,36.17,18.3,7.1
2024-07-20,1700.2,2408.2,1506.3,838.9,936.15,748.68,125.0,231.21,82.44,7.3,5.4,5.0,1.179,15.25,14.72,22.93,8.01,9.18,15.65,35.37,18.75,7.24
2024-07-21,1701.8,2365.5,1514.3,902.3,943.02,750.62,125.0,231.4,80.68,6.4,5.3,5.3,1.18,15.6,15.02,23.61,8.14,9.27,16.11,36.04,17.56,7.1
2024-07-22,1678.1,2316.1,1430.4,1003.8,946.08,729.72,125.0,232.06,86.52,8.4,4.9,4.7,1.18,15.14,14.79,22.77,7.48,8.71,15.68,35.02,18.14,7.1
2024-07-23,1636.4,2338.2,1341.0,927.0,922.5,729.39,125.0,231.77,87.28,7.3,5.1,5.5,1.18,15.24,14.81,21.81,7.63,9.02,15.6,34.99,17.67,7.1
2024-07-24,1689.1,2473.4,1371.1,879.6,933.32,716.58,125.0,232.41,81.92,8.3,4.7,4.6,1.18,15.55,14.96,22.48,7.99,9.16,16.06,35.01,17.31,7.1
2024-07-25,1678.0,2445.5,1344.3,917.0,965.27,761.26,125.0,231.98,91.08,9.0,5.7,4.5,1.18,15.16,15.04,22.22,7.55,8.69,15.96,35.1,18.69,7.1
2024-07-26,1671.7,2423.4,1334.0,941.7,958.29,741.27,125.0,232.54,83.74,6.9,7.2,5.0,1.179,15.47,15.15,24.23,7.87,8.82,15.97,36.37,17.74,7.1
2024-07-27,1658.7,2388.4,1311.5,977.4,944.06,724.09,125.0,232.84,91.12,8.1,4.6,5.8,1.179,15.35,14.89,22.71,7.59,8.69,15.83,36.54,17.54,7.21
2024-07-28,1751.5,2548.9,1411.9,951.1,948.65,743.31,125.0,232.27,82.43,5.8,5.7,5.7,1.179,16.05,15.92,23.49,7.62,8.8,16.93,36.32,18.87,7.1
2024-07-29,1768.0,2464.5,1491.4,1040.9,940.59,701.56,125.0,232.3,76.89,9.8,5.4,5.0,1.178,15.13,14.8,22.66,7.89,9.07,15.43,35.65,18.46,7.1
2024-07-30,1721.3,2421.4,1405.1,1043.8,965.35,731.96,125.0,232.16,86.61,6.4,6.0,4.9,1.177,14.77,14.33,21.48,7.68,8.76,15.38,36.46,18.69,7.85
2024-07-31,1743.2,2544.5,1367.9,986.6,941.99,732.63,125.0,232.34,85.99,7.4,6.0,5.0,1.176,15.8,15.67,23.16,7.46,8.73,17.19,36.38,17.2,7.36
2024-08-01,1747.8,2516.3,1422.0,974.3,948.48,740.8,125.0,232.1,85.14,9.6,5.5,5.3,1.176,15.81,15.43,23.57,7.74,8.91,16.1,34.53,17.84,7.29
2024-08-02,1779.3,2598.2,1457.6,919.6,962.19,746.08,125.0,231.81,82.43,7.7,5.3,5.5,1.174,15.91,15.53,23.33,7.92,9.62,16.4,37.27,19.47,7.17
2024-08-03,1735.7,2450.5,1449.8,992.2,933.34,709.05,125.0,232.36,84.86,6.6,5.0,4.3,1.173,15.44,14.92,22.37,7.77,8.98,16.7,34.75,18.65,7.4
2024-08-04,1675.2,2387.5,1370.9,961.4,968.38,745.52,125.0,232.16,82.95,8.9,4.7,5.5,1.172,15.71,15.25,22.9,7.69,8.3,15.88,35.65,17.69,7.41
2024-08-05,1714.7,2513.3,1324.6,983.2,922.04,723.89,125.0,232.43,83.79,8.8,5.3,4.7,1.171,15.4,14.88,22.31,7.61,8.53,16.26,35.53,17.93,7.1
2024-08-06,1650.0,2394.8,1290.8,961.1,969.44,763.15,125.0,232.16,88.37,7.2,4.2,4.9,1.169,15.33,15.09,21.69,7.74,9.01,15.91,35.28,17.52,7.1
2024-08-07,1627.6,2339.8,1309.8,933.0,939.41,732.55,125.0,232.84,85.74,7.4,4.8,5.5,1.168,15.17,14.48,21.87,7.29,8.25,15.38,35.17,18.58,7.1
2024-08-08,1641.9,2332.1,1420.6,847.5,941.36,748.14,125.0,232.34,87.44,7.5,6.3,5.0,1.166,14.7,14.47,21.06,7.72,8.76,15.31,35.7,17.06,7.47
2024-08-09,1574.3,2187.5,1371.4,877.4,916.65,719.76,125.0,231.87,84.07,7.8,5.4,5.1,1.164,14.56,13.99,20.86,7.14,7.96,14.92,34.19,18.04,7.1
2024-08-10,1535.4,2113.2,1302.0,937.9,938.18,722.81,125.0,232.46,83.63,5.7,6.1,4.0,1.163,14.47,14.03,20.67,7.51,8.55,14.3,34.93,17.98,7.31
2024-08-11,1517.5,2100.2,1294.8,896.8,929.4,721.57,125.0,232.06,80.39,7.8,6.6,5.5,1.161,14.99,14.5,22.29,7.56,8.73,15.26,34.86,17.22,7.12
2024-08-12,1516.0,2080.3,1361.9,828.7,935.89,713.16,125.0,232.69,83.52,10.1,5.2,4.8,1.159,14.29,13.78,21.71,7.8,9.05,14.39,34.82,17.86,7.2
2024-08-13,1538.6,2196.9,1265.0,868.2,942.94,734.2,125.0,232.95,75.0,6.9,5.5,4.4,1.157,14.82,14.48,20.9,7.54,8.46,14.7,34.44,17.97,7.1
2024-08-14,1609.6,2336.1,1360.4,796.3,959.37,761.65,125.0,232.69,82.64,7.3,5.0,5.1,1.155,15.54,15.07,23.4,7.85,9.19,16.26,35.0,17.25,7.1
2024-08-15,1566.7,2204.3,1346.1,855.5,948.11,747.75,125.0,231.59,84.67,6.6,4.6,6.3,1.153,14.5,13.97,20.79,7.68,8.59,14.15,34.54,17.39,7.1
2024-08-16,1531.9,2185.3,1295.7,817.3,949.62,757.52,125.0,231.39,87.25,8.7,4.4,3.2,1.15,15.23,14.8,22.51,7.4,8.6,16.19,35.21,17.83,7.1
2024-08-17,1501.2,2228.9,1190.8,771.2,928.57,720.65,125.0,231.24,83.93,9.4,6.1,3.5,1.148,15.4,14.83,22.35,7.05,8.17,15.8,35.18,17.08,7.1
2024-08-18,1575.9,2362.7,1240.0,787.4,931.79,742.95,125.0,231.62,86.39,9.4,5.5,6.3,1.146,15.17,14.63,22.29,7.36,8.27,15.12,33.49,17.41,7.1
2024-08-19,1577.4,2401.7,1229.9,745.1,971.98,755.83,125.0,232.21,76.28,6.5,6.9,4.4,1.143,15.27,14.59,21.6,7.31,8.2,15.91,35.96,17.86,7.1
2024-08-20,1571.2,2391.5,1242.3,719.0,933.97,746.16,125.0,231.65,84.77,8.6,6.2,4.2,1.141,15.84,15.3,22.08,7.4,8.59,15.95,33.8,17.21,7.1
2024-08-21,1569.1,2422.9,1184.4,741.3,969.84,756.22,125.0,231.84,78.28,9.7,4.6,4.0,1.138,15.79,15.39,22.37,7.29,8.27,16.07,35.83,17.72,7.1
2024-08-22,1549.0,2453.2,1166.5,637.8,941.35,742.74,125.0,232.0,80.17,8.6,6.0,5.0,1.136,15.5,15.05,22.52,7.42,8.49,15.44,35.37,17.66,7.1
2024-08-23,1500.8,2305.7,1138.3,720.5,945.03,754.83,125.0,232.32,84.25,8.6,5.0,6.1,1.133,15.57,15.38,23.25,7.28,8.51,15.92,34.48,17.84,7.1
2024-08-24,1495.2,2288.5,1136.1,728.8,961.06,747.3,125.0,232.34,90.11,7.4,6.4,3.4,1.131,15.55,15.48,21.88,7.42,8.62,16.04,35.65,16.92,7.1
2024-08-25,1517.5,2411.2,1096.9,676.7,964.08,754.6,125.0,231.14,86.48,8.3,4.8,3.9,1.128,15.33,14.8,21.95,7.35,8.27,15.97,35.31,17.15,7.1
2024-08-26,1448.3,2344.2,1002.8,638.6,943.34,751.27,125.0,230.83,85.07,9.5,4.3,3.6,1.125,15.26,14.68,21.41,6.97,8.0,15.91,35.19,17.37,7.1
2024-08-27,1516.2,2317.3,1189.5,691.9,939.18,730.96,125.0,230.01,84.92,8.4,4.5,4.5,1.123,15.28,14.99,22.07,7.32,8.23,15.46,34.42,16.81,7.1
2024-08-28,1467.7,2250.7,1102.6,726.1,944.16,720.6,125.0,229.67,82.15,6.5,4.6,4.8,1.12,14.92,14.52,20.59,7.33,8.6,15.42,34.79,17.4,7.1
2024-08-29,1374.2,1959.3,1119.4,794.6,950.07,766.77,125.0,229.91,82.82,7.5,4.5,5.1,1.117,13.62,13.38,20.44,7.86,9.34,13.49,34.0,17.45,7.1
2024-08-30,1320.5,1939.0,1008.4,767.9,958.37,741.89,125.0,229.81,86.71,9.5,4.7,4.4,1.115,13.75,13.4,19.78,6.81,7.67,14.13,32.79,16.5,7.1
2024-08-31,1287.2,1950.5,887.1,786.1,945.06,739.05,125.0,230.13,79.46,8.4,6.0,5.8,1.112,13.58,13.15,19.76,6.81,7.83,14.47,33.7,16.53,7.29
2024-09-01,1268.4,1871.6,906.7,809.5,954.28,758.21,125.0,230.04,87.37,8.1,6.8,3.3,1.109,14.05,13.6,19.89,6.56,7.73,13.65,33.02,17.05,7.1
2024-09-02,1227.0,1725.8,930.4,844.3,969.58,748.97,125.0,229.13,83.45,7.3,4.0,3.0,1.106,13.11,12.78,18.88,6.94,7.99,13.0,32.45,16.94,7.1
2024-09-03,1229.5,1617.2,1023.6,897.6,950.72,729.47,125.0,227.61,88.3,9.4,6.3,4.8,1.104,13.2,12.77,19.57,6.9,8.05,13.44,31.48,16.94,7.1
2024-09-04,1264.3,1694.7,1056.9,866.2,949.67,743.79,125.0,227.41,88.84,10.0,4.8,3.7,1.101,13.99,13.75,20.22,7.1,8.17,14.45,32.58,17.34,7.1
2024-09-05,1344.7,1901.1,1053.1,862.9,922.22,697.81,125.0,227.03,78.31,9.5,5.5,2.5,1.098,14.32,13.7,20.66,7.09,7.95,14.02,33.26,17.58,7.1
2024-09-06,1371.2,2032.1,997.3,837.3,905.54,702.87,125.0,226.27,82.67,9.7,3.7,3.3,1.096,13.48,13.26,19.03,6.79,7.83,14.43,33.21,17.1,7.24
2024-09-07,1337.9,1856.4,1102.7,837.6,950.83,744.58,125.0,225.14,81.58,7.6,5.7,3.7,1.093,13.37,12.69,19.17,6.77,8.01,13.07,33.01,17.02,7.1
2024-09-08,1398.8,1931.2,1166.8,871.7,943.58,732.75,125.0,224.48,77.75,7.4,3.4,3.0,1.09,13.73,13.34,19.53,7.67,8.89,14.49,33.66,16.79,7.1
2024-09-09,1314.2,1835.1,1086.8,799.0,937.28,712.56,125.0,224.1,80.87,7.8,5.5,2.7,1.088,13.29,12.84,18.95,7.36,8.79,13.59,33.0,17.53,7.1
2024-09-10,1296.9,1752.5,1093.4,852.7,948.65,759.08,125.0,224.14,94.77,8.0,5.4,3.3,1.085,12.93,12.32,19.38,7.16,7.88,13.27,32.15,16.77,7.32
2024-09-11,1263.1,1687.2,1106.5,803.7,944.09,737.64,125.0,223.94,87.44,9.7,5.3,2.6,1.082,13.3,12.59,20.14,6.98,8.11,13.21,32.74,17.1,7.1
2024-09-12,1280.3,1753.4,1087.2,793.6,961.92,767.47,125.0,224.44,92.67,9.4,4.5,3.9,1.08,13.82,13.24,19.41,7.24,8.19,13.95,33.05,17.52,7.1
2024-09-13,1350.4,1844.0,1141.1,853.6,946.29,734.99,125.0,223.62,88.32,8.6,5.6,1.8,1.077,14.09,13.68,20.61,7.37,8.3,14.45,34.15,18.04,7.1
2024-09-14,1361.9,1813.7,1196.7,870.5,933.8,717.8,125.0,223.76,82.03,6.3,5.5,3.4,1.075,13.46,12.96,19.53,7.54,8.94,13.89,31.48,18.18,7.1
2024-09-15,1350.7,1786.6,1183.5,887.5,959.85,751.92,125.0,223.47,83.47,6.0,5.0,3.7,1.072,13.56,13.0,20.42,7.6,8.69,13.55,33.08,17.7,7.35
2024-09-16,1344.9,1820.7,1164.9,835.6,941.74,731.97,125.0,223.5,87.35,8.3,5.7,3.2,1.07,13.8,13.59,20.14,7.57,8.64,13.87,33.37,17.25,7.2
2024-09-17,1385.5,1864.3,1262.7,791.4,952.9,729.13,125.0,222.97,86.75,9.1,5.0,4.1,1.068,13.81,13.21,20.24,7.08,8.21,13.79,33.59,17.24,7.1
2024-09-18,1460.4,1972.6,1319.7,837.9,937.84,749.15,125.0,223.18,82.69,7.9,5.6,2.1,1.065,14.38,14.05,20.75,7.51,8.21,14.48,33.16,18.88,7.1
2024-09-19,1386.8,1804.7,1318.3,814.1,935.25,722.03,125.0,223.01,78.96,10.3,5.0,2.6,1.063,13.75,13.21,19.57,7.83,9.27,13.59,31.59,17.73,7.47
2024-09-20,1336.5,1788.6,1206.4,795.3,946.26,716.0,125.0,222.34,98.15,6.7,5.3,2.9,1.061,13.47,12.9,20.05,7.17,8.62,13.96,33.5,17.98,7.19
2024-09-21,1301.6,1653.5,1227.1,842.8,945.19,753.19,125.0,222.0,84.44,6.5,5.6,3.7,1.058,12.56,12.1,18.71,7.74,9.08,12.8,31.52,17.79,7.1
2024-09-22,1298.8,1637.0,1270.0,798.2,952.2,736.66,125.0,221.55,83.7,7.2,4.8,3.3,1.056,13.72,13.4,20.31,7.98,9.26,14.0,31.63,17.61,7.1
2024-09-23,1224.6,1601.9,1086.6,814.3,940.97,726.66,125.0,221.46,85.45,7.2,4.0,4.8,1.054,12.81,12.22,18.38,7.46,8.54,13.01,32.88,17.02,7.1
2024-09-24,1227.3,1588.2,1106.0,819.8,917.45,694.43,125.0,220.53,84.03,8.6,5.4,2.4,1.052,13.03,12.69,18.91,7.31,8.19,13.3,30.41,16.5,7.1
2024-09-25,1181.1,1492.4,1081.0,823.0,938.51,752.93,125.0,220.17,85.49,7.5,6.2,1.9,1.05,12.05,11.55,18.0,7.03,8.33,12.54,31.51,17.82,7.1
2024-09-26,1105.4,1325.6,1069.8,803.0,956.91,730.91,125.0,220.02,90.15,6.1,5.4,4.5,1.048,12.32,11.84,18.42,7.24,8.51,11.49,29.85,17.28,7.1
2024-09-27,990.4,1100.3,1014.3,780.9,940.54,734.32,125.0,219.68,84.5,9.1,5.4,1.9,1.046,11.65,11.36,16.47,6.69,7.79,11.21,28.57,17.81,7.1
2024-09-28,978.8,1102.3,1010.4,737.0,941.3,745.17,125.0,220.0,80.35,5.9,5.1,3.5,1.044,11.68,11.65,16.75,6.83,7.92,11.57,29.2,16.86,7.1
2024-09-29,1007.0,1071.1,1106.7,764.7,959.8,753.7,125.0,220.03,84.35,6.7,5.8,2.2,1.042,12.67,12.15,17.87,7.07,8.19,11.81,29.56,17.31,7.1
2024-09-30,968.6,1014.5,1079.6,739.8,934.32,728.05,125.0,219.67,83.14,6.1,4.9,1.3,1.041,11.12,10.9,16.5,7.15,8.12,11.04,29.21,16.66,7.1
2024-10-01,1070.4,1180.5,1145.4,789.4,921.86,698.63,125.0,219.41,90.7,8.2,4.7,2.6,1.039,12.05,11.64,18.14,7.13,8.69,11.88,29.99,17.17,7.1
2024-10-02,1017.9,1098.2,1093.4,783.7,942.59,725.5,125.0,219.2,89.68,8.2,6.1,3.6,1.037,11.8,11.38,17.2,7.24,8.27,12.11,28.63,16.7,7.1
2024-10-03,1094.1,1270.4,1145.1,740.8,937.74,733.69,125.0,219.03,85.43,10.3,4.6,1.9,1.036,11.85,11.66,17.18,7.48,8.52,12.18,29.14,17.63,7.1
2024-10-04,1167.7,1456.8,1145.6,736.1,930.51,716.35,125.0,217.74,79.89,9.1,5.9,3.3,1.034,12.87,12.36,18.67,7.07,8.35,12.56,30.5,17.44,7.1
2024-10-05,1086.3,1240.6,1168.8,723.8,942.37,737.49,125.0,217.21,80.1,9.7,6.1,3.5,1.033,11.97,11.43,18.7,7.36,8.45,11.83,30.01,18.26,7.1
2024-10-06,1107.0,1260.0,1168.6,775.8,952.37,751.03,125.0,216.09,85.06,8.3,5.6,1.8,1.031,12.43,12.12,18.81,7.24,8.32,11.79,29.84,16.85,7.1
2024-10-07,1104.2,1224.3,1209.7,764.3,944.86,748.54,125.0,216.35,86.35,6.8,3.9,2.6,1.03,12.67,12.53,19.0,7.45,8.85,12.74,27.36,18.25,7.1
2024-10-08,919.2,914.2,1040.6,757.3,949.6,725.98,125.0,215.94,83.5,8.2,5.1,4.1,1.028,11.18,10.95,16.56,7.27,8.5,11.01,27.06,16.73,7.1
2024-10-09,852.5,780.9,952.9,826.5,972.2,784.68,125.0,215.45,83.08,8.7,4.9,3.3,1.027,10.74,10.21,15.7,7.22,8.45,9.91,27.66,17.29,7.1
2024-10-10,918.5,898.5,988.0,853.1,939.86,742.3,125.0,215.51,82.63,8.8,4.6,2.6,1.026,11.41,10.97,16.23,7.15,7.93,10.93,28.64,16.5,7.1
2024-10-11,993.2,1147.2,861.9,930.8,949.18,740.34,125.0,215.33,84.91,7.4,5.2,3.1,1.024,12.28,12.05,17.1,6.87,7.98,11.98,28.8,16.83,7.25
2024-10-12,1045.0,1260.6,839.1,988.1,937.36,744.22,125.0,214.37,75.47,8.6,5.7,2.2,1.023,11.75,11.64,16.6,6.34,7.09,11.6,30.31,16.5,7.15
2024-10-13,1055.6,1304.8,848.3,947.1,932.3,755.58,125.0,213.93,80.59,6.9,4.6,3.6,1.022,12.01,11.68,16.78,6.43,7.3,12.16,29.02,16.5,7.43
2024-10-14,1053.9,1308.9,806.8,991.9,936.23,712.99,125.0,213.36,82.49,6.7,4.9,3.6,1.021,12.43,11.97,17.42,6.43,7.43,12.54,30.22,16.56,7.45
2024-10-15,1136.5,1500.2,775.9,1059.4,937.82,728.8,125.0,212.08,89.83,6.7,4.8,2.8,1.02,12.7,12.56,17.96,6.67,7.66,13.09,31.18,17.31,7.69
2024-10-16,1257.8,1733.4,808.9,1125.3,950.39,712.76,125.0,211.33,81.74,8.0,6.1,2.9,1.019,13.13,12.72,18.61,6.35,7.43,13.13,32.58,16.5,7.26
2024-10-17,1263.8,1654.0,888.5,1164.8,980.24,766.9,125.0,210.83,85.72,6.6,4.8,1.9,1.018,13.55,13.05,19.03,6.98,8.18,13.31,31.52,17.0,7.96
2024-10-18,1162.9,1423.3,837.1,1202.2,934.26,733.11,125.0,210.36,85.91,7.5,3.9,1.6,1.017,12.75,12.25,18.39,6.75,7.93,12.46,29.59,16.5,7.61
2024-10-19,1057.2,1193.5,812.8,1181.4,938.75,731.76,125.0,209.2,90.19,9.1,3.6,2.4,1.016,11.76,11.23,16.74,6.17,6.82,11.38,29.99,16.5,7.73
2024-10-20,1097.6,1351.4,779.3,1137.2,944.05,728.51,125.0,209.36,90.05,6.8,5.4,2.6,1.015,12.37,12.42,17.67,6.33,7.75,12.43,29.35,16.5,7.67
2024-10-21,1042.5,1351.0,637.3,1116.2,950.94,717.14,125.0,208.89,84.77,7.4,4.3,3.5,1.014,12.17,12.02,16.75,6.62,7.6,12.63,29.9,16.5,7.6
2024-10-22,1043.3,1376.1,667.7,1036.8,948.95,744.67,125.0,208.48,83.1,8.1,5.6,3.4,1.014,12.05,11.59,17.29,6.58,7.81,11.87,31.41,16.5,7.1
2024-10-23,1008.9,1182.9,748.5,1095.2,964.26,769.59,125.0,208.26,82.34,8.3,3.8,2.8,1.013,11.78,11.68,16.5,6.38,6.84,12.1,29.82,16.56,7.72
2024-10-24,1006.1,1113.6,831.4,1078.8,908.6,701.62,125.0,207.43,84.04,7.4,4.5,3.6,1.012,11.55,11.28,17.29,6.35,7.25,11.02,29.07,16.5,7.4
2024-10-25,998.7,1098.2,788.4,1133.7,909.2,714.45,125.0,207.23,83.26,8.9,3.8,1.9,1.011,10.96,10.7,15.63,5.92,6.51,10.68,29.16,16.5,7.1
2024-10-26,976.9,1139.2,722.5,1073.5,937.56,712.48,125.0,206.61,87.21,8.7,5.4,3.5,1.011,11.57,11.11,16.38,6.85,7.7,11.56,29.62,16.5,7.26
2024-10-27,984.1,1111.5,742.0,1119.3,961.46,755.42,125.0,205.73,86.68,9.4,5.6,2.0,1.01,11.77,11.34,16.99,6.59,7.58,11.75,29.32,16.5,7.21
2024-10-28,963.9,1015.1,813.3,1092.9,921.52,714.06,125.0,205.58,87.37,7.9,5.3,3.6,1.01,11.71,11.35,17.13,7.08,8.07,11.07,27.89,17.24,7.1
2024-10-29,931.8,951.5,838.0,1031.7,899.89,692.76,125.0,205.88,90.04,7.4,4.0,2.6,1.009,10.91,10.29,16.16,6.55,7.8,10.48,29.69,16.5,7.43
2024-10-30,1024.7,1110.5,870.6,1103.5,953.57,734.66,125.0,205.8,92.45,7.2,4.3,1.0,1.008,11.26,10.85,17.06,6.87,8.25,11.13,29.06,17.36,7.1
2024-10-31,1084.7,1155.6,957.3,1149.7,948.65,735.23,125.0,205.82,85.5,8.4,5.2,3.2,1.008,11.74,11.38,17.32,7.17,8.05,11.36,29.64,17.26,7.21
2024-11-01,1105.7,1239.1,918.4,1154.4,928.65,728.93,125.0,205.11,89.4,7.5,3.5,3.2,1.007,11.76,11.61,16.97,7.23,8.22,11.95,29.93,17.17,7.99
2024-11-02,1068.9,1152.4,914.9,1151.0,930.22,709.82,125.0,203.87,83.59,7.3,4.8,2.2,1.007,11.91,11.46,16.95,6.94,7.78,11.17,28.88,16.97,7.38
2024-11-03,990.4,844.2,1032.2,1165.9,930.45,720.99,125.0,204.16,89.74,7.5,6.4,2.3,1.007,10.73,10.53,15.75,7.04,8.32,10.25,27.44,17.3,7.68
2024-11-04,979.0,819.0,1025.9,1169.5,946.66,737.9,125.0,204.73,89.25,7.2,4.9,2.4,1.006,9.89,9.29,15.37,7.07,8.16,9.52,28.72,16.5,7.84
2024-11-05,917.7,757.4,950.3,1128.7,935.61,716.58,125.0,205.05,89.03,8.2,3.7,1.0,1.006,11.91,11.73,16.62,6.64,7.64,11.6,26.87,16.77,7.66
2024-11-06,930.5,832.8,916.7,1106.2,952.41,764.44,125.0,204.42,85.38,6.3,4.5,1.0,1.005,10.95,10.49,15.56,6.78,7.86,10.51,28.15,16.57,7.51
2024-11-07,1092.4,1227.7,867.1,1191.2,902.18,693.46,125.0,203.38,82.33,8.4,4.4,3.6,1.005,11.85,11.51,16.93,6.67,7.61,11.69,29.91,17.09,7.48
2024-11-08,1170.0,1318.1,903.8,1305.8,932.15,719.04,125.0,202.39,79.42,8.8,6.9,1.9,1.005,11.66,11.37,16.47,7.15,8.05,11.84,29.92,16.5,7.88
2024-11-09,1293.4,1628.6,857.7,1367.1,928.11,712.19,125.0,201.08,84.84,7.3,6.5,4.0,1.004,12.56,12.21,17.76,6.6,7.6,12.88,31.48,16.5,7.79
2024-11-10,1329.9,1685.5,889.4,1377.8,941.15,755.68,125.0,200.56,91.13,10.3,5.7,3.6,1.004,13.25,12.84,19.73,7.06,8.07,13.57,32.57,17.16,8.07
2024-11-11,1280.1,1607.9,854.4,1351.6,936.93,737.44,125.0,200.9,83.76,8.0,4.7,3.8,1.004,13.17,12.58,18.61,6.7,7.78,13.07,31.44,16.79,7.77
2024-11-12,1238.9,1641.9,730.9,1305.5,956.97,735.2,125.0,200.36,88.14,6.1,6.1,2.0,1.004,13.48,12.94,19.14,6.86,7.56,13.28,30.54,16.51,7.78
2024-11-13,1318.4,1832.1,770.3,1263.8,917.11,728.62,125.0,200.04,88.38,7.7,4.0,1.3,1.003,13.69,13.42,18.55,6.69,7.73,13.83,33.41,16.84,8.11
2024-11-14,1394.5,2018.3,798.0,1231.5,945.68,740.04,125.0,200.25,83.87,8.1,6.0,1.7,1.003,13.84,13.33,19.05,6.79,7.67,13.73,32.99,16.67,7.54
2024-11-15,1399.9,1931.0,848.7,1321.9,953.38,746.72,125.0,199.58,90.27,8.5,5.8,2.2,1.003,13.16,12.75,19.15,7.0,8.08,13.31,33.41,16.5,7.84
2024-11-16,1411.3,1939.4,820.1,1394.2,972.85,754.69,125.0,200.12,75.0,7.7,4.9,1.0,1.003,14.11,13.46,20.69,6.96,8.18,13.93,32.65,16.5,8.11
2024-11-17,1334.2,1762.5,785.9,1416.7,937.77,722.47,125.0,200.64,80.11,6.8,6.0,2.1,1.002,13.31,13.03,18.92,6.86,7.78,14.06,31.96,16.7,8.07
2024-11-18,1368.0,1842.7,829.9,1361.8,949.87,744.95,125.0,200.09,81.34,6.7,4.6,2.4,1.002,13.33,12.73,18.79,7.24,8.57,13.04,32.52,16.5,7.96
2024-11-19,1478.4,1999.2,945.0,1392.0,917.94,709.45,125.0,199.32,81.72,7.2,3.9,1.5,1.002,14.37,14.08,20.71,7.25,7.99,15.04,33.37,16.64,7.54
2024-11-20,1470.4,1981.7,957.5,1370.5,909.12,730.92,125.0,199.19,86.35,7.3,5.9,1.7,1.002,13.44,12.88,18.11,6.96,8.31,13.51,32.52,17.28,7.84
2024-11-21,1419.7,1887.5,996.6,1263.5,957.67,731.75,125.0,198.53,86.16,6.6,4.9,2.3,1.002,14.15,13.88,20.37,6.93,8.21,14.4,34.39,17.04,7.81
2024-11-22,1426.9,1911.3,985.7,1269.6,944.92,755.47,125.0,197.46,86.58,7.1,5.5,2.8,1.002,13.45,13.05,18.86,7.08,7.96,13.82,33.11,16.82,8.01
2024-11-23,1396.0,1940.5,896.0,1224.8,962.68,749.55,125.0,197.62,87.38,8.8,6.6,1.8,1.002,14.15,13.64,20.47,6.38,7.16,13.85,33.98,16.77,7.88
2024-11-24,1409.0,1931.5,973.2,1183.0,924.4,724.62,125.0,197.73,81.2,10.0,4.4,2.8,1.001,14.24,14.06,19.37,7.12,7.89,14.42,32.98,16.75,7.83
2024-11-25,1430.7,1933.9,1043.7,1167.6,952.8,753.18,125.0,197.32,80.13,8.9,4.9,2.6,1.001,13.93,13.5,19.77,6.85,8.06,13.77,33.93,16.75,7.32
2024-11-26,1429.0,1897.7,1098.6,1141.6,973.03,751.4,125.0,196.2,86.59,9.6,6.4,2.6,1.001,14.62,14.13,21.04,7.55,8.61,14.59,31.93,18.36,7.34
2024-11-27,1463.9,1992.2,1093.4,1137.3,951.3,752.38,125.0,195.09,82.48,9.2,5.6,2.0,1.001,14.88,14.57,21.04,7.7,8.77,14.91,33.09,17.1,7.6
2024-11-28,1503.0,2053.7,1139.2,1131.1,949.15,707.85,125.0,194.65,78.72,9.0,4.4,1.4,1.001,14.45,13.8,20.73,6.92,7.73,14.91,33.49,17.87,7.79
2024-11-29,1451.4,1923.3,1202.7,1044.4,945.13,728.56,125.0,193.9,88.89,7.6,4.1,3.9,1.001,14.17,13.37,21.04,7.38,8.84,13.83,32.81,17.12,7.3
2024-11-30,1455.8,1796.7,1310.9,1113.3,921.44,707.63,125.0,193.24,90.58,8.2,4.5,3.0,1.001,13.89,13.65,20.42,7.26,8.16,13.46,32.64,18.05,7.22
2024-12-01,1451.7,1759.9,1373.9,1067.5,965.33,737.92,125.0,193.25,91.23,7.5,4.3,3.3,1.001,13.79,13.25,19.98,7.32,8.43,13.68,32.93,18.3,7.1
2024-12-02,1470.9,1834.2,1374.5,1024.5,935.84,727.37,125.0,193.12,85.75,7.7,5.2,2.4,1.001,13.84,13.56,20.89,7.66,8.85,14.36,32.58,18.05,7.39
2024-12-03,1438.9,1840.3,1285.9,1011.0,952.57,747.63,125.0,193.31,87.5,8.1,5.1,2.4,1.001,13.59,13.19,20.11,7.72,8.8,14.27,32.79,17.99,7.29
2024-12-04,1409.4,1759.3,1296.3,1007.9,921.55,727.24,125.0,192.31,90.48,8.9,5.3,2.9,1.001,12.82,12.26,19.13,7.69,8.72,12.78,33.7,17.94,7.12
2024-12-05,1441.3,1782.2,1312.9,1075.5,927.31,726.19,125.0,191.63,82.43,8.5,4.2,1.0,1.001,13.02,12.72,18.88,7.59,8.65,13.14,32.5,17.7,7.58
2024-12-06,1443.0,1739.1,1358.4,1087.7,966.53,745.9,125.0,191.51,89.44,7.8,4.9,1.6,1.001,14.38,13.89,20.01,7.31,8.52,14.35,31.01,18.09,7.46
2024-12-07,1516.4,1831.7,1444.2,1112.9,939.79,737.46,125.0,191.23,86.1,8.1,3.2,1.9,1.001,13.81,13.23,20.13,7.85,8.96,13.94,33.15,18.54,7.45
2024-12-08,1526.3,1859.7,1432.5,1124.3,966.8,755.59,125.0,191.49,88.65,8.5,5.1,2.1,1.0,13.81,13.23,20.06,7.49,8.94,13.5,33.42,17.81,7.76
2024-12-09,1556.9,1815.3,1564.2,1133.5,943.83,747.42,125.0,191.2,85.74,8.8,6.1,1.8,1.0,14.11,13.43,20.85,7.7,8.7,13.91,33.36,17.95,8.04
2024-12-10,1523.9,1833.5,1439.8,1146.1,917.37,724.87,125.0,191.61,90.19,6.2,3.7,2.8,1.0,13.35,13.01,19.54,7.51,8.78,13.59,32.83,18.19,7.34
2024-12-11,1564.3,1970.3,1462.2,1057.4,958.38,747.9,125.0,191.37,85.89,6.7,5.4,2.6,1.0,14.38,13.8,21.37,8.16,9.04,14.47,32.92,17.41,7.19
2024-12-12,1510.8,1893.3,1404.7,1047.2,936.15,719.43,125.0,191.4,79.06,9.3,4.5,3.6,1.0,13.89,13.46,20.97,7.88,8.9,14.03,33.5,17.28,7.1
2024-12-13,1493.4,1927.4,1277.6,1101.0,955.48,737.44,125.0,190.73,90.81,7.9,5.7,4.5,1.0,14.2,13.74,21.27,7.63,8.61,14.08,33.34,18.8,7.59
2024-12-14,1526.1,1908.0,1266.6,1278.3,945.38,730.8,125.0,190.22,81.21,7.5,5.1,1.5,1.0,13.82,13.27,20.65,7.29,8.16,14.0,33.76,18.58,7.47
2024-12-15,1493.6,1944.6,1174.6,1218.9,921.85,715.26,125.0,190.17,90.01,7.7,5.4,2.6,1.0,13.61,12.97,19.44,7.18,8.31,13.64,34.04,17.12,7.49
2024-12-16,1462.6,1860.7,1170.6,1234.5,947.46,742.24,125.0,190.46,84.64,7.7,5.1,2.6,1.0,13.52,13.5,19.75,6.99,8.02,14.07,32.79,18.06,7.6
2024-12-17,1460.3,1865.4,1179.7,1205.0,977.94,771.38,125.0,190.32,89.7,8.7,6.2,2.5,1.0,13.68,13.26,20.65,7.77,8.48,13.54,33.76,18.29,8.09
2024-12-18,1556.2,1979.9,1259.1,1294.3,952.39,742.25,125.0,189.76,89.54,6.7,5.3,1.6,1.0,14.17,14.02,20.01,8.06,9.67,14.86,34.17,18.06,8.08
2024-12-19,1460.3,1864.1,1164.7,1227.9,944.14,736.62,125.0,189.94,86.72,8.0,4.4,1.8,1.0,13.26,13.04,19.98,7.45,8.61,13.37,32.96,17.48,7.27
2024-12-20,1428.6,1711.2,1231.4,1252.7,961.13,751.4,125.0,188.33,87.03,8.3,5.1,2.7,1.0,13.01,12.57,18.69,7.66,8.81,13.58,33.54,18.12,8.13
2024-12-21,1359.5,1570.4,1242.8,1185.4,948.16,733.37,125.0,187.1,86.69,8.5,4.7,1.7,1.0,13.04,12.67,19.33,7.43,8.81,12.74,32.13,18.15,7.29
2024-12-22,1332.5,1450.3,1314.5,1169.2,948.14,728.45,125.0,186.93,76.94,8.3,5.1,2.6,1.0,12.6,12.25,18.92,7.2,8.47,12.83,30.48,18.27,7.61
2024-12-23,1354.8,1530.7,1288.5,1166.3,928.63,703.26,125.0,186.42,85.47,8.6,4.6,2.3,1.0,12.86,12.75,19.12,7.29,8.33,12.56,31.24,16.98,7.3
2024-12-24,1280.1,1387.3,1205.2,1213.3,948.51,731.49,125.0,186.21,80.54,7.3,4.4,2.6,1.0,12.45,12.2,19.37,7.28,7.99,11.83,31.12,18.67,7.54
2024-12-25,1236.4,1373.3,1132.8,1162.4,960.53,754.89,125.0,185.73,85.68,6.9,5.2,1.7,1.0,13.36,12.84,19.31,7.2,8.39,12.93,31.86,18.74,7.34
2024-12-26,1252.8,1461.0,1058.7,1191.4,932.46,718.88,125.0,185.5,80.43,10.9,5.1,2.6,1.0,12.65,12.33,17.66,6.94,7.78,12.01,31.17,16.5,7.98
2024-12-27,1292.6,1522.5,1102.7,1190.6,966.37,750.91,125.0,184.57,80.26,7.6,6.0,1.8,1.0,12.8,12.53,18.82,7.27,8.61,13.14,31.58,17.75,7.61
2024-12-28,1321.0,1492.9,1210.1,1201.4,943.62,741.62,125.0,184.34,91.42,7.8,4.6,2.6,1.0,12.78,12.22,18.73,7.19,8.11,12.6,31.85,18.66,7.66
2024-12-29,1335.3,1528.6,1180.6,1242.8,931.68,732.96,125.0,184.32,89.28,8.8,3.2,3.6,1.0,13.16,12.84,19.51,7.86,8.94,13.63,30.94,17.99,7.38
2024-12-30,1347.5,1553.6,1230.0,1182.2,959.96,735.82,125.0,184.42,84.98,9.9,4.7,2.7,1.0,12.97,12.79,19.49,7.13,7.94,13.13,30.84,18.3,7.26
2024-12-31,1319.1,1541.2,1137.8,1217.7,940.7,745.71,125.0,184.91,85.74,7.3,3.5,2.8,1.0,13.11,12.59,19.11,7.48,8.35,13.06,31.69,16.71,7.52
2025-01-01,1317.5,1534.8,1160.1,1190.1,956.39,759.51,125.0,184.52,84.01,6.9,5.4,3.2,1.0,13.06,12.56,19.29,7.27,8.34,12.88,31.11,17.98,7.75
2025-01-02,1453.7,1798.4,1213.4,1238.4,940.62,720.13,125.0,184.14,87.28,6.7,3.5,1.4,1.0,13.5,13.27,19.83,7.51,8.6,13.56,34.26,17.75,7.63
2025-01-03,1464.3,1892.5,1127.2,1251.0,944.1,726.51,125.0,182.86,82.3,10.1,4.1,3.9,1.0,13.93,13.46,21.0,7.37,8.38,13.95,33.16,17.81,7.93
2025-01-04,1570.1,2166.2,1125.5,1238.9,952.4,757.17,125.0,182.08,88.97,6.9,4.7,1.7,1.0,15.26,14.66,21.78,7.3,8.81,15.04,34.87,16.95,7.72
2025-01-05,1556.5,2099.2,1183.8,1210.1,949.36,738.74,125.0,181.46,83.99,8.1,6.4,3.2,1.0,14.59,14.28,20.84,7.08,8.26,15.11,33.65,17.07,7.64
2025-01-06,1495.0,2081.4,1002.7,1245.9,915.07,687.11,125.0,181.47,83.32,7.0,4.0,3.1,1.0,13.96,13.63,20.43,6.86,7.89,14.28,34.46,16.83,7.74
2025-01-07,1483.5,1927.8,1106.5,1300.3,928.18,707.19,125.0,180.65,85.09,6.5,5.0,1.8,1.0,13.81,13.41,19.58,7.21,7.74,14.02,32.99,17.07,7.76
2025-01-08,1454.0,1840.0,1142.5,1272.5,958.94,744.98,125.0,180.54,82.64,7.8,5.5,3.3,1.0,13.06,12.84,19.25,7.34,8.6,14.3,32.8,17.47,8.0
2025-01-09,1547.0,2055.3,1200.8,1218.6,943.02,721.6,125.0,180.02,86.31,7.1,6.3,2.9,1.0,14.4,14.14,20.85,7.12,8.79,14.72,33.71,17.37,7.77
2025-01-10,1523.9,1993.8,1183.5,1248.7,937.14,726.01,125.0,179.42,82.85,7.4,5.7,4.0,1.0,14.61,14.16,21.13,7.66,8.77,14.9,32.58,17.43,7.9
2025-01-11,1555.8,2204.4,1082.0,1181.5,924.62,721.59,125.0,179.03,86.87,10.6,6.0,2.7,1.0,14.23,14.1,21.61,6.49,7.3,14.89,34.17,16.84,7.71
2025-01-12,1499.5,2057.2,1131.3,1122.8,928.8,742.01,125.0,178.32,89.86,8.7,5.8,2.4,1.0,14.35,14.15,21.3,7.15,8.26,15.19,34.0,17.31,7.78
2025-01-13,1443.3,1938.7,1138.7,1076.9,914.67,709.96,125.0,177.59,82.12,9.4,3.9,2.1,1.0,14.24,13.52,21.08,6.96,7.72,14.23,31.93,16.55,7.54
2025-01-14,1431.2,1905.1,1153.5,1061.6,943.48,748.79,125.0,176.23,84.48,9.2,5.3,1.1,1.0,14.3,13.72,20.97,7.34,8.53,14.25,33.71,17.74,7.81
2025-01-15,1445.8,1904.3,1236.5,1005.5,936.02,747.24,125.0,175.59,86.85,8.1,5.8,2.2,1.0,14.34,13.57,20.59,7.68,9.13,14.87,32.8,17.79,7.13
2025-01-16,1489.3,2012.6,1295.1,923.9,930.5,743.0,125.0,174.84,83.26,7.7,4.1,2.3,1.0,13.52,13.07,20.04,7.17,8.11,13.53,33.61,17.16,7.32
2025-01-17,1545.3,2064.1,1426.9,881.1,943.98,739.72,125.0,174.07,86.86,8.6,4.5,2.7,1.0,14.55,13.94,21.76,8.39,9.52,14.59,32.38,18.89,7.1
2025-01-18,1540.7,2018.1,1438.7,919.6,950.46,717.8,125.0,173.77,87.22,8.5,4.3,1.4,1.0,13.75,13.21,20.54,7.89,9.06,14.21,33.82,17.88,7.4
2025-01-19,1508.5,2006.2,1395.2,870.9,976.4,767.12,125.0,173.59,89.33,7.6,5.7,2.3,1.0,14.0,13.74,20.76,7.92,9.0,14.18,33.19,18.94,7.16
2025-01-20,1491.6,1975.0,1386.3,865.7,922.32,731.99,125.0,173.19,82.58,8.5,4.9,3.0,1.0,14.32,13.63,20.94,7.31,8.1,14.52,32.95,18.15,7.23
2025-01-21,1489.1,1880.4,1417.2,963.7,962.39,749.69,125.0,173.18,81.23,7.5,4.7,3.0,1.0,13.99,13.59,20.85,7.82,8.91,14.04,32.09,18.82,7.68
2025-01-22,1479.9,1793.9,1486.1,968.9,959.6,769.42,125.0,172.96,83.77,8.1,3.8,1.0,1.0,13.93,13.53,20.53,8.19,9.3,14.36,32.09,18.57,7.47
2025-01-23,1504.0,1923.1,1390.9,991.7,933.31,738.3,125.0,172.31,81.13,7.9,4.9,3.1,1.0,13.61,13.19,20.5,7.76,9.2,14.13,32.93,18.35,7.13
2025-01-24,1420.4,1732.2,1395.6,956.0,948.05,746.3,125.0,171.57,87.26,6.8,4.5,2.3,1.0,13.97,13.57,19.76,7.79,9.19,14.02,32.07,18.66,7.1
2025-01-25,1564.0,1930.4,1504.4,1061.3,938.14,744.78,125.0,171.22,80.35,5.5,5.2,2.4,1.0,14.21,13.45,21.78,7.92,9.38,13.79,33.69,19.35,7.5
2025-01-26,1542.9,1903.6,1488.7,1041.8,947.79,743.27,125.0,171.01,94.33,7.2,4.0,1.0,1.0,14.25,13.7,20.6,7.58,8.88,14.19,31.87,18.95,7.28
2025-01-27,1534.3,1831.4,1549.9,1037.1,967.64,724.84,125.0,171.2,90.18,10.5,5.2,3.7,1.0,13.44,13.27,19.74,7.74,8.94,13.84,32.89,18.93,7.56
2025-01-28,1600.5,1929.6,1580.4,1102.1,954.08,738.2,125.0,171.3,85.05,8.0,4.6,2.6,1.0,14.45,13.83,21.78,8.4,9.49,14.72,33.21,18.03,7.34
2025-01-29,1690.6,2105.4,1639.8,1097.9,952.63,757.42,125.0,170.53,88.47,9.3,3.9,1.3,1.0,14.42,14.24,21.9,8.44,9.97,15.06,33.82,17.65,7.23
2025-01-30,1722.9,2232.5,1582.3,1104.1,938.55,722.37,125.0,169.97,78.45,5.8,3.8,2.8,1.0,14.62,13.97,22.77,8.33,9.65,14.97,34.01,18.55,7.37
2025-01-31,1722.9,2286.0,1527.5,1095.5,922.74,717.05,125.0,169.81,95.09,7.2,3.9,2.8,1.0,15.14,14.46,22.56,7.73,8.64,15.41,35.43,18.01,7.5
2025-02-01,1767.6,2401.7,1528.7,1087.4,941.87,722.12,125.0,169.85,82.64,6.8,4.8,3.5,1.0,15.54,14.93,22.93,7.94,8.95,16.09,36.8,18.15,7.45
2025-02-02,1658.8,2203.6,1429.1,1108.8,963.1,772.62,125.0,169.82,84.52,8.1,5.1,2.3,1.0,14.56,14.29,21.59,8.16,9.13,15.03,33.59,18.31,7.3
2025-02-03,1638.9,2147.4,1415.7,1137.7,922.09,739.41,125.0,169.29,77.58,11.3,5.2,2.5,1.0,15.24,14.7,23.1,7.42,8.12,15.48,33.42,18.39,7.9
2025-02-04,1601.6,2051.5,1437.0,1112.1,929.17,714.15,125.0,168.17,86.95,8.9,5.3,2.0,1.0,14.91,14.52,23.08,8.06,9.35,15.19,32.97,17.85,7.39
2025-02-05,1693.8,2195.8,1557.1,1081.8,946.89,740.34,125.0,167.18,80.57,10.4,4.3,3.0,1.0,14.98,14.54,22.18,7.9,8.84,15.18,34.32,19.04,7.1
2025-02-06,1681.4,2156.4,1582.7,1059.5,930.23,717.41,125.0,166.83,85.41,8.1,6.0,1.9,1.0,14.73,14.28,22.22,7.84,8.86,15.35,34.97,18.58,7.57
2025-02-07,1720.1,2254.6,1621.9,1002.3,933.11,735.21,125.0,166.51,82.82,10.0,4.6,1.8,1.0,14.99,14.73,22.35,8.13,9.35,15.84,35.0,18.7,7.25
2025-02-08,1753.4,2314.2,1694.7,938.4,938.65,738.26,125.0,165.47,80.69,10.9,5.4,2.4,1.0,14.53,14.21,21.84,8.0,9.17,15.45,34.9,19.85,7.12
2025-02-09,1696.5,2217.4,1626.3,961.4,924.52,730.86,125.0,165.0,81.78,8.3,4.9,1.5,1.0,14.77,14.16,22.95,7.65,8.65,14.74,34.4,18.73,7.12
2025-02-10,1680.1,2156.0,1612.8,1012.7,930.39,729.69,125.0,164.83,85.9,7.8,5.3,3.8,1.0,14.62,14.14,21.46,8.13,9.65,15.01,33.94,18.62,7.22
2025-02-11,1805.8,2305.0,1768.4,1059.5,955.55,780.55,125.0,163.78,79.87,6.8,4.8,4.0,1.0,14.91,14.73,21.46,8.59,9.58,15.9,35.6,19.48,7.82
2025-02-12,1741.6,2219.2,1755.0,958.6,925.39,709.47,125.0,163.85,82.0,8.0,5.4,2.1,1.0,14.63,14.24,22.27,8.66,9.67,15.5,34.97,19.9,7.28
2025-02-13,1771.1,2237.1,1820.1,956.9,921.03,697.88,125.0,163.18,87.65,8.5,5.0,1.4,1.0,13.94,13.3,21.85,8.62,10.01,13.72,34.84,19.12,7.21
2025-02-14,1746.4,2154.5,1872.7,916.7,935.55,725.01,125.0,163.33,95.41,10.9,5.7,2.8,1.0,14.22,13.57,21.86,9.09,10.33,14.37,32.76,19.6,7.1
2025-02-15,1702.3,2127.9,1764.7,934.0,955.98,726.85,125.0,162.58,86.91,6.9,4.3,2.1,1.0,14.93,14.62,22.76,8.79,9.98,15.28,34.27,19.16,7.63
2025-02-16,1706.3,2132.3,1777.3,925.4,942.05,716.89,125.0,161.59,81.33,8.5,3.4,3.4,1.0,15.17,14.82,23.21,8.63,9.71,16.01,34.02,19.11,7.36
2025-02-17,1685.6,2055.7,1779.0,962.7,938.03,719.65,125.0,160.89,83.53,6.2,4.1,1.9,1.0,14.0,13.44,21.37,8.55,9.9,13.51,34.38,18.89,7.45
2025-02-18,1655.7,1963.6,1792.6,971.4,945.67,726.55,125.0,160.37,85.13,7.9,6.0,2.9,1.0,14.16,13.85,21.81,8.79,10.15,14.18,33.51,18.94,7.3
2025-02-19,1636.6,2013.5,1735.3,895.5,918.81,705.22,125.0,159.7,83.6,8.8,4.9,2.6,1.0,14.51,14.32,22.17,7.75,8.94,15.4,33.7,19.75,7.29
2025-02-20,1570.5,1936.7,1656.9,863.7,952.42,749.11,125.0,159.13,88.61,9.0,5.1,2.0,1.0,13.87,13.67,20.08,8.13,9.23,14.16,32.97,18.62,7.17
2025-02-21,1534.4,1867.6,1623.3,876.7,950.75,735.51,125.0,158.83,85.87,9.1,4.1,2.7,1.0,14.08,13.9,21.24,7.72,8.72,14.08,33.54,18.03,7.1
2025-02-22,1504.1,1788.1,1615.9,893.1,938.86,730.16,125.0,158.28,88.63,8.9,5.1,3.2,1.0,13.56,13.23,19.77,8.3,9.52,14.23,33.23,18.77,7.18
2025-02-23,1525.7,1807.3,1692.2,841.8,960.09,759.6,125.0,157.78,83.74,9.1,4.1,2.6,1.0,14.13,13.68,21.34,8.15,9.56,13.79,31.67,19.55,7.58
2025-02-24,1604.2,1938.1,1806.7,786.3,928.09,714.71,125.0,156.47,90.3,8.5,4.2,2.6,1.0,13.5,13.04,20.49,9.22,10.91,14.02,32.22,19.77,7.1
2025-02-25,1712.1,2124.4,1889.4,804.1,961.92,747.12,125.0,156.2,84.33,7.1,4.6,1.8,1.0,14.24,13.81,22.28,8.57,10.08,14.11,34.8,18.99,7.32
2025-02-26,1688.2,2056.0,1934.0,755.8,947.32,743.3,125.0,155.7,81.12,6.2,5.4,3.4,1.0,14.47,13.9,22.3,8.77,10.19,14.18,33.71,20.17,7.18
2025-02-27,1746.7,2307.4,1855.8,697.1,939.95,709.86,125.0,156.05,93.71,7.7,5.5,3.3,1.0,15.09,14.58,23.1,8.48,9.95,15.5,35.65,20.39,7.1
2025-02-28,1690.3,2199.2,1819.5,695.2,944.7,708.25,125.0,155.13,77.7,8.2,5.5,2.2,1.0,14.75,14.5,22.29,8.41,9.43,15.02,34.66,18.95,7.19
2025-03-01,1742.1,2326.2,1824.9,691.5,943.39,740.0,125.0,153.78,82.05,9.9,3.6,2.4,1.0,15.32,14.62,23.62,8.22,9.31,15.57,35.56,19.21,7.1
2025-03-02,1688.4,2248.4,1775.6,670.4,963.3,757.28,125.0,153.64,82.49,8.2,5.0,3.6,1.0,14.66,13.99,21.47,8.17,9.5,15.38,34.44,18.67,7.1
2025-03-03,1660.1,2158.0,1806.9,657.9,928.85,749.27,125.0,153.36,95.03,8.1,4.8,1.6,1.0,14.1,13.8,21.1,7.92,9.08,14.55,34.36,20.09,7.1
2025-03-04,1650.2,2086.1,1846.4,678.1,933.56,730.08,125.0,152.42,92.23,8.8,3.6,3.0,1.0,14.22,13.74,22.31,8.69,10.06,14.97,34.06,18.55,7.1
2025-03-05,1659.1,2093.9,1872.5,664.7,960.54,759.06,125.0,151.21,90.98,8.0,5.0,2.1,1.0,14.4,13.68,21.8,8.56,10.04,14.52,33.69,19.33,7.1
2025-03-06,1715.5,2170.9,1929.4,687.4,936.07,727.79,125.0,151.54,83.68,9.3,4.8,3.9,1.0,14.55,14.1,21.33,9.19,10.74,15.17,34.93,19.93,7.18
2025-03-07,1724.3,2253.9,1858.6,689.1,958.51,751.2,125.0,151.81,94.7,10.7,5.5,2.6,1.0,15.42,14.93,23.99,8.32,9.35,15.02,33.67,19.14,7.1
2025-03-08,1709.5,2155.2,1910.3,715.5,970.49,776.99,125.0,150.13,86.47,10.9,5.1,3.5,1.0,15.02,14.5,23.37,9.13,10.5,15.44,34.67,19.2,7.3
2025-03-09,1664.7,2056.3,1854.1,773.1,938.97,706.91,125.0,149.47,88.91,8.4,4.5,1.9,1.001,14.52,14.19,22.45,8.97,10.13,15.02,32.9,19.32,7.1
2025-03-10,1619.5,1970.4,1784.3,827.3,955.22,750.04,125.0,149.87,85.72,8.7,5.8,1.5,1.001,14.24,13.61,21.69,8.81,9.97,14.16,32.82,20.46,7.17
2025-03-11,1650.6,1977.4,1813.2,900.1,927.69,749.23,125.0,149.21,84.8,10.2,3.0,2.3,1.001,13.91,13.49,22.01,8.53,9.47,14.74,33.89,19.04,7.1
2025-03-12,1686.8,1973.0,1885.4,950.6,956.32,749.31,125.0,148.54,83.99,8.1,4.9,2.7,1.001,13.87,13.42,21.89,8.59,9.91,13.95,32.79,19.44,7.6
2025-03-13,1665.8,1887.4,1907.6,972.6,947.99,759.24,125.0,147.97,84.16,9.1,3.4,2.1,1.001,13.47,13.07,21.53,9.02,10.01,13.22,32.26,18.99,7.18
2025-03-14,1681.5,1940.2,1898.6,963.7,952.1,735.08,125.0,146.99,87.43,6.9,4.2,3.1,1.001,13.82,13.14,21.59,8.49,9.85,14.04,33.68,19.74,7.1
2025-03-15,1791.2,2209.5,1908.8,957.2,935.32,729.16,125.0,145.72,86.47,7.9,5.5,2.3,1.001,14.74,14.22,22.57,8.74,10.32,14.6,33.74,19.92,7.1
2025-03-16,1764.1,2160.8,1907.4,928.9,920.08,718.07,125.0,145.84,84.87,9.6,3.9,1.0,1.001,14.15,13.73,21.55,8.62,10.02,14.55,34.73,19.07,7.1
2025-03-17,1722.7,2122.3,1824.1,941.2,952.55,716.38,125.0,144.5,91.04,7.4,3.7,3.0,1.001,14.64,14.28,21.67,8.33,9.59,15.42,34.62,19.62,7.1
2025-03-18,1731.9,2194.9,1736.7,984.3,914.05,698.94,125.0,144.22,75.0,8.1,7.1,1.8,1.001,14.56,14.4,22.22,8.37,9.93,15.33,33.67,18.58,7.1
2025-03-19,1701.8,2140.8,1728.4,962.1,940.24,720.22,125.0,144.25,87.04,6.3,3.8,2.2,1.001,14.44,14.13,22.09,8.53,9.88,14.81,34.81,18.07,7.48
2025-03-20,1738.5,2224.3,1730.9,971.7,959.12,757.98,125.0,143.12,87.87,10.6,6.5,3.8,1.001,15.31,14.92,22.81,8.17,9.22,15.58,33.5,19.37,7.62
2025-03-21,1703.5,2150.9,1728.9,952.2,947.88,749.81,125.0,142.26,89.59,9.7,4.8,3.9,1.001,13.78,13.56,21.23,8.48,9.78,14.74,34.6,20.1,7.31
2025-03-22,1807.6,2361.7,1770.3,973.2,974.23,763.78,125.0,142.47,84.74,8.4,4.5,2.1,1.001,15.22,14.72,22.77,7.95,9.54,15.24,34.77,18.74,7.15
2025-03-23,1812.4,2398.2,1752.2,959.4,960.38,758.98,125.0,142.34,85.83,8.8,5.5,3.0,1.002,14.58,14.37,22.43,8.18,9.19,15.54,35.29,19.3,7.11
2025-03-24,1790.0,2326.7,1785.4,937.6,935.19,727.48,125.0,141.64,88.94,8.7,6.2,2.1,1.002,15.17,14.89,22.49,8.33,9.3,16.4,34.73,19.79,7.1
2025-03-25,1754.6,2262.0,1771.4,919.1,945.41,751.84,125.0,141.85,90.96,9.8,4.0,2.3,1.002,15.21,14.69,22.44,8.53,9.93,15.67,35.65,19.11,7.24
2025-03-26,1782.2,2208.8,1886.0,954.5,944.29,736.65,125.0,142.07,83.8,7.6,4.5,2.0,1.002,14.32,14.18,21.81,8.87,10.15,14.91,34.22,18.75,7.1
2025-03-27,1845.7,2365.6,1882.8,961.8,921.27,719.28,125.0,141.82,86.07,9.0,5.8,1.1,1.002,14.71,14.34,22.81,8.61,9.79,15.2,35.04,19.34,7.52
2025-03-28,1837.4,2224.0,2026.7,954.0,930.89,722.91,125.0,140.99,91.71,9.5,5.3,2.6,1.002,14.18,14.09,21.44,9.02,10.12,14.77,34.2,20.51,7.1
2025-03-29,1819.0,2155.4,2035.6,977.6,936.59,738.75,125.0,140.41,76.5,9.6,6.0,2.8,1.002,14.63,14.24,23.04,8.87,9.81,14.8,33.57,19.57,7.1
2025-03-30,1785.9,2101.9,2007.5,970.0,914.46,708.22,125.0,140.17,82.24,5.4,5.5,2.0,1.003,14.24,13.73,21.27,8.9,9.95,14.52,33.06,19.73,7.13
2025-03-31,1780.0,2110.9,1935.9,1032.0,945.71,749.37,125.0,139.71,90.86,7.4,6.6,3.4,1.003,14.42,13.87,22.02,8.83,10.48,14.83,34.28,19.08,7.45
2025-04-01,1727.2,2091.4,1832.0,997.7,941.26,720.6,125.0,139.81,89.37,6.9,5.2,2.2,1.003,14.32,13.83,21.19,8.42,9.68,15.05,33.92,19.25,7.72
2025-04-02,1642.0,1938.5,1761.7,999.9,919.91,704.34,125.0,138.68,87.09,8.3,5.2,2.0,1.003,13.58,13.08,19.57,8.27,9.12,13.17,33.48,19.17,7.1
2025-04-03,1597.6,1913.3,1701.5,947.2,951.06,750.08,125.0,137.57,83.21,5.7,5.3,3.0,1.004,14.37,14.13,21.86,8.48,9.98,13.99,33.0,19.07,7.13
2025-04-04,1609.1,1922.3,1726.6,943.7,955.74,744.41,125.0,137.3,81.47,5.7,4.9,1.3,1.004,14.12,13.69,21.32,8.84,10.41,14.8,33.11,18.89,7.1
2025-04-05,1560.9,1872.6,1690.9,880.4,948.41,734.31,125.0,136.7,82.64,10.7,5.8,3.3,1.004,13.44,12.79,19.81,8.6,10.14,13.45,33.43,19.19,7.29
2025-04-06,1616.1,1970.0,1703.0,928.1,940.14,743.99,125.0,136.04,91.19,8.8,5.2,2.2,1.004,13.85,13.46,20.77,8.02,9.14,14.17,33.09,19.28,7.1
2025-04-07,1704.1,2088.0,1785.9,975.4,953.87,736.73,125.0,134.8,82.49,8.2,5.7,3.3,1.005,14.18,13.78,21.78,8.21,9.38,14.67,33.11,19.62,7.24
2025-04-08,1713.4,2090.3,1776.5,1022.1,955.2,742.66,125.0,134.47,85.41,8.5,5.9,3.6,1.005,14.99,14.47,22.47,8.34,9.62,15.12,34.62,19.09,7.3
2025-04-09,1776.8,2126.4,1908.4,1033.3,949.61,757.49,125.0,134.1,81.99,8.3,5.4,3.1,1.005,14.83,14.42,22.54,8.73,10.32,15.75,33.75,19.25,7.37
2025-04-10,1648.1,1897.6,1823.5,1003.4,932.63,745.92,125.0,134.08,88.37,9.3,5.5,1.9,1.006,13.81,13.39,20.97,8.52,9.68,14.16,32.95,20.21,7.21
2025-04-11,1626.2,1871.6,1808.7,978.0,949.15,759.21,125.0,133.78,82.85,7.3,4.1,1.6,1.006,14.45,14.11,21.7,8.83,10.0,14.53,32.53,19.36,7.1
2025-04-12,1685.2,2003.7,1769.2,1058.2,962.93,747.7,125.0,133.38,84.61,8.3,4.5,1.4,1.007,14.79,14.44,22.09,8.8,10.26,14.97,33.09,19.14,7.44
2025-04-13,1711.3,1972.0,1827.4,1131.8,936.05,744.89,125.0,133.64,78.27,8.3,5.8,3.5,1.007,14.0,13.64,21.12,8.52,10.04,14.25,32.07,18.52,7.27
2025-04-14,1635.8,1907.4,1676.8,1144.1,976.47,750.26,125.0,132.66,78.55,6.8,6.3,2.5,1.007,13.93,13.31,20.73,8.29,9.52,13.71,33.6,18.64,7.8
2025-04-15,1707.3,2177.6,1584.0,1127.3,937.12,720.07,125.0,132.61,85.03,9.6,3.3,2.1,1.008,14.55,14.43,21.28,8.2,9.57,15.7,32.11,18.29,7.48
2025-04-16,1806.1,2383.8,1581.9,1195.8,945.49,709.27,125.0,131.45,79.7,7.5,4.5,2.5,1.008,14.96,14.28,22.11,8.36,9.63,15.25,36.26,18.87,7.34
2025-04-17,1855.5,2431.1,1687.7,1169.4,934.91,749.31,125.0,130.72,93.42,9.3,5.0,3.5,1.009,15.99,15.49,23.52,8.4,9.61,16.04,36.21,18.7,8.13
2025-04-18,1912.4,2549.8,1703.2,1185.4,948.35,729.34,125.0,129.8,76.75,8.2,4.2,3.2,1.01,15.43,14.8,22.61,8.21,9.28,15.95,35.66,19.01,8.01
2025-04-19,1795.3,2292.4,1615.5,1251.4,918.87,715.2,125.0,129.88,81.8,10.0,4.3,3.0,1.01,15.23,14.83,23.03,7.93,8.89,16.09,35.74,17.86,8.24
2025-04-20,1726.2,2206.1,1541.5,1217.0,936.81,719.79,125.0,129.55,85.07,6.8,5.4,3.1,1.011,14.99,14.56,22.81,7.72,8.75,15.66,35.8,19.19,7.53
2025-04-21,1758.2,2159.1,1657.0,1258.6,928.62,732.66,125.0,129.24,83.54,6.7,6.4,2.8,1.011,14.48,14.02,21.76,8.24,9.28,14.57,33.97,18.38,7.45
2025-04-22,1743.9,2140.1,1618.9,1285.1,947.03,734.18,125.0,128.39,80.58,6.9,3.2,2.9,1.012,15.24,15.01,22.74,8.32,9.62,15.38,34.5,18.88,7.96
2025-04-23,1705.6,2094.2,1561.4,1285.5,959.92,733.08,125.0,127.95,81.17,8.2,4.9,2.8,1.013,13.99,13.73,20.65,8.27,9.76,14.91,34.22,18.42,8.07
2025-04-24,1622.6,1824.0,1663.6,1243.0,954.69,749.96,125.0,127.27,81.04,9.9,5.4,2.7,1.014,13.71,13.25,21.24,8.55,9.88,13.34,33.74,18.77,7.75
2025-04-25,1665.6,1890.3,1731.4,1213.9,909.43,692.15,125.0,127.18,83.85,9.9,5.7,3.3,1.014,13.57,13.28,21.46,8.65,9.76,14.01,31.74,18.44,7.1
2025-04-26,1730.9,1970.6,1813.7,1231.3,975.63,750.94,125.0,126.4,92.81,5.3,5.3,3.0,1.015,14.58,14.38,22.08,8.25,9.66,14.82,33.53,19.62,7.49
2025-04-27,1770.0,2163.3,1748.2,1171.1,949.43,715.27,125.0,126.79,85.31,8.3,6.6,2.0,1.016,14.81,14.53,22.11,8.51,9.84,15.67,34.97,18.64,7.68
2025-04-28,1705.8,2083.5,1647.9,1182.6,933.35,710.93,125.0,125.67,89.73,4.2,5.1,3.1,1.017,13.78,13.35,20.99,8.29,9.63,13.8,34.35,18.91,7.39
2025-04-29,1683.4,1998.8,1659.6,1212.3,947.36,741.08,125.0,125.0,87.03,9.0,6.2,2.9,1.018,14.64,13.96,22.04,8.22,9.35,14.38,33.52,18.82,7.29
2025-04-30,1592.3,1719.2,1683.9,1261.0,947.64,715.59,125.0,125.57,89.46,9.4,4.5,3.2,1.019,13.58,13.22,20.4,8.08,9.52,13.9,33.08,19.26,7.65
2025-05-01,1584.9,1716.1,1709.2,1201.0,935.0,711.52,125.0,125.09,75.0,8.0,5.1,2.6,1.02,12.99,12.7,20.09,8.66,10.19,13.46,32.19,19.3,7.1
2025-05-02,1686.2,1844.7,1806.0,1265.0,947.97,739.39,125.0,124.17,83.78,8.1,4.0,3.4,1.021,13.65,13.12,21.33,8.36,9.58,14.13,32.87,19.12,7.57
2025-05-03,1647.7,1800.4,1690.2,1344.0,935.89,723.47,125.0,124.03,90.23,8.1,5.9,2.7,1.022,13.14,12.75,19.69,7.72,9.02,13.47,32.91,19.07,7.72
2025-05-04,1777.0,2061.5,1747.6,1362.9,938.93,756.27,125.0,123.54,82.71,7.1,4.9,3.3,1.023,14.29,13.85,22.8,8.39,9.86,14.67,33.73,18.84,7.94
2025-05-05,1733.7,2045.6,1675.6,1316.0,934.71,751.08,125.0,122.87,92.05,8.5,5.4,2.4,1.024,14.34,14.12,20.92,8.18,9.31,15.12,33.68,19.5,7.91
2025-05-06,1762.3,2074.9,1733.5,1302.5,923.51,709.92,125.0,122.08,90.94,7.7,4.8,2.5,1.026,14.21,14.06,21.14,8.78,10.08,14.36,33.17,18.75,7.82
2025-05-07,1696.1,1936.8,1702.6,1302.0,947.19,745.49,125.0,123.22,83.12,9.1,5.6,3.3,1.027,13.87,13.63,21.14,8.44,9.72,14.0,35.15,18.89,8.01
2025-05-08,1701.6,1987.1,1651.0,1315.8,953.78,752.94,125.0,122.86,82.99,7.9,5.4,2.6,1.028,13.64,13.21,21.65,8.16,9.17,13.53,33.24,18.66,7.78
2025-05-09,1608.9,1785.6,1614.8,1317.9,952.72,735.95,125.0,121.66,80.95,7.0,4.2,4.6,1.03,13.74,13.5,20.47,8.12,9.43,13.22,33.03,18.42,7.46
2025-05-10,1622.3,1888.4,1525.8,1331.7,957.3,728.75,125.0,122.18,82.48,6.2,4.2,3.3,1.031,13.26,12.96,19.46,7.96,9.36,13.85,34.34,19.59,7.87
2025-05-11,1665.8,1989.4,1536.9,1328.3,949.87,740.75,125.0,122.26,80.07,5.8,5.0,2.9,1.033,14.2,13.76,21.45,8.57,9.83,14.86,32.65,18.8,7.61
2025-05-12,1720.6,2155.3,1494.9,1341.0,937.01,728.79,125.0,121.66,86.72,9.6,5.7,3.5,1.034,13.98,13.87,20.73,8.08,9.36,14.82,34.61,18.4,7.48
2025-05-13,1695.3,2051.3,1555.9,1320.6,957.59,741.69,125.0,120.97,79.18,7.5,6.7,2.5,1.036,14.42,13.87,21.82,7.72,9.16,14.69,33.92,18.42,7.99
2025-05-14,1721.3,2082.4,1605.1,1306.3,924.64,726.52,125.0,121.1,87.41,8.4,5.3,3.7,1.037,14.35,14.01,21.47,8.02,9.14,14.75,34.9,19.14,7.38
2025-05-15,1785.2,2156.4,1720.5,1281.8,931.49,717.55,125.0,120.77,87.51,10.1,6.0,3.7,1.039,14.73,14.41,21.81,8.31,9.62,15.18,33.57,18.67,7.88
2025-05-16,1838.8,2213.4,1745.4,1370.1,930.54,711.99,125.0,119.6,78.36,7.3,3.6,4.0,1.041,15.05,14.55,23.71,8.08,9.18,15.85,33.94,19.06,7.53
2025-05-17,1831.2,2123.9,1779.4,1435.4,961.2,751.05,125.0,120.29,91.2,7.3,6.9,2.6,1.042,14.99,14.62,21.3,8.05,9.14,15.8,34.26,20.39,7.97
2025-05-18,1767.1,1870.9,1869.3,1457.8,959.14,752.76,125.0,119.88,87.05,7.8,5.6,2.0,1.044,13.33,13.07,21.4,8.8,10.19,13.51,32.71,19.04,7.93
2025-05-19,1789.7,1932.0,1823.9,1514.1,952.31,728.68,125.0,120.43,88.0,8.0,5.0,2.5,1.046,14.02,13.63,21.84,8.35,9.66,14.6,32.97,19.62,8.43
2025-05-20,1763.9,1935.2,1724.4,1545.0,961.08,760.78,125.0,120.89,81.97,10.3,4.9,2.8,1.048,14.79,14.41,21.94,8.7,10.12,15.37,34.68,19.28,8.37
2025-05-21,1752.4,1892.7,1738.7,1547.2,931.81,705.57,125.0,120.2,87.49,9.9,4.1,4.4,1.05,13.88,13.48,21.95,8.35,9.62,14.29,32.95,19.26,7.94
2025-05-22,1744.3,1998.9,1647.0,1473.4,950.23,734.24,125.0,120.54,89.51,8.7,4.4,4.8,1.052,13.93,13.63,20.4,8.1,9.41,14.43,33.06,18.72,8.03
2025-05-23,1802.6,2010.8,1811.1,1457.7,943.12,732.54,125.0,120.04,84.61,9.7,6.8,3.4,1.054,14.19,13.73,22.09,7.9,9.42,14.52,33.31,18.96,8.36
2025-05-24,1779.0,1882.1,1903.8,1439.2,957.7,739.37,125.0,118.93,93.01,7.8,4.2,3.1,1.056,13.78,13.32,20.3,9.02,10.59,13.49,33.34,19.71,8.41
2025-05-25,1737.0,1692.6,2038.8,1385.3,943.27,728.97,125.0,118.55,85.18,8.4,4.2,2.9,1.058,12.9,12.52,19.78,9.0,10.42,12.57,32.22,19.65,7.57
2025-05-26,1680.8,1600.9,2032.0,1317.0,939.23,755.05,125.0,118.59,89.56,7.6,4.5,3.8,1.061,13.34,13.12,20.35,8.8,10.22,13.77,31.14,18.66,8.12
2025-05-27,1815.6,1901.4,2057.3,1339.9,953.11,733.22,125.0,118.2,86.17,6.5,4.0,5.0,1.063,14.16,13.47,21.64,8.77,10.02,13.76,32.06,19.57,8.17
2025-05-28,1845.4,2003.2,2015.9,1354.4,958.14,776.65,125.0,117.89,87.34,9.4,5.1,4.7,1.065,13.8,13.25,21.44,9.32,10.69,13.54,33.64,19.75,7.94
2025-05-29,1864.1,2041.2,2063.6,1301.4,934.97,734.53,125.0,118.31,78.31,8.6,6.1,4.2,1.068,14.24,14.16,21.73,8.69,10.09,14.21,33.58,19.35,7.73
2025-05-30,1822.5,2036.7,1973.0,1268.8,944.08,737.49,125.0,118.22,86.48,8.0,4.6,4.2,1.07,14.1,13.72,20.86,8.72,10.04,14.28,33.28,19.78,7.58
2025-05-31,1770.8,2025.4,1799.8,1323.0,929.12,730.43,125.0,117.65,82.06,8.0,3.9,4.0,1.072,13.64,13.17,21.1,8.59,10.04,14.01,34.33,18.76,7.46
2025-06-01,1800.7,2170.3,1747.6,1283.8,907.53,738.23,125.0,117.87,81.61,6.2,5.4,3.3,1.075,14.03,13.73,21.34,8.66,10.22,14.67,34.37,18.84,7.74
2025-06-02,1752.5,2125.7,1654.3,1292.9,948.01,727.52,125.0,117.83,91.98,6.8,5.1,2.8,1.077,14.13,13.59,21.48,8.18,9.38,14.62,34.26,19.95,7.73
2025-06-03,1816.1,2200.8,1755.5,1285.5,954.13,730.78,125.0,116.44,84.14,8.4,6.1,3.4,1.08,14.79,14.03,22.41,8.25,9.08,14.72,34.37,19.79,7.88
2025-06-04,1851.7,2170.5,1874.7,1309.6,948.93,731.11,125.0,116.53,80.99,7.4,4.8,3.8,1.082,14.54,14.16,22.62,8.61,10.31,14.97,35.53,19.76,7.91
2025-06-05,1898.3,2393.6,1779.9,1271.6,915.76,714.68,125.0,116.61,83.56,7.7,4.9,2.3,1.085,14.86,14.31,22.43,8.61,9.77,15.5,34.42,19.91,8.28
2025-06-06,1961.3,2473.9,1864.2,1277.2,939.74,712.29,125.0,116.5,79.8,7.9,5.0,3.4,1.088,15.39,14.94,23.75,8.88,10.25,16.04,35.47,19.34,8.02
2025-06-07,2036.9,2605.6,1923.1,1286.2,911.72,711.41,125.0,116.84,90.74,7.2,5.3,2.9,1.09,16.05,15.61,23.91,8.29,9.68,16.46,35.88,19.33,7.8
2025-06-08,1971.7,2529.5,1815.8,1297.7,965.55,773.45,125.0,116.39,82.22,6.8,4.8,4.4,1.093,15.92,15.46,23.6,8.6,10.17,16.52,36.52,18.88,7.29
2025-06-09,2007.0,2638.0,1789.6,1301.9,928.71,726.21,125.0,116.46,87.12,6.1,4.7,3.1,1.096,16.3,15.55,25.0,8.07,9.65,16.0,36.92,19.75,7.83
2025-06-10,1978.9,2590.3,1752.1,1317.9,963.83,748.28,125.0,115.58,90.42,7.8,3.5,3.9,1.098,15.88,15.41,24.38,8.67,9.9,16.43,35.73,20.21,8.25
2025-06-11,2021.7,2591.7,1802.6,1416.5,959.19,740.75,125.0,115.69,83.0,8.7,4.7,3.1,1.101,16.51,16.08,24.93,8.64,10.17,16.87,36.12,19.79,7.9
2025-06-12,2089.4,2760.7,1722.6,1528.7,931.49,737.35,125.0,116.57,87.13,6.0,5.9,4.9,1.104,16.43,15.73,24.05,8.09,9.34,17.31,37.41,19.66,8.66
2025-06-13,2025.9,2626.9,1719.3,1493.5,928.01,713.94,125.0,115.99,80.88,8.0,6.0,2.3,1.106,15.74,15.04,23.1,8.68,10.54,15.82,36.0,17.55,8.19
2025-06-14,1988.0,2636.9,1678.0,1383.7,950.26,763.36,125.0,115.53,94.78,8.3,4.8,4.1,1.109,16.07,15.43,24.49,8.36,9.84,16.51,36.44,20.11,8.0
2025-06-15,2020.8,2672.3,1713.8,1408.3,932.34,750.42,125.0,115.1,88.75,6.8,6.4,2.7,1.112,15.63,15.27,23.94,8.36,9.58,16.23,36.81,18.88,7.67
2025-06-16,2035.6,2715.0,1703.4,1413.7,946.54,741.38,125.0,115.09,84.23,9.7,5.2,3.4,1.115,16.14,15.35,24.0,8.27,9.36,16.3,36.41,20.17,8.34
2025-06-17,2009.5,2648.8,1672.8,1458.2,937.76,731.31,125.0,114.49,81.91,7.5,4.0,4.0,1.117,16.17,15.81,25.07,8.24,8.95,16.96,36.82,19.72,7.81
2025-06-18,2095.1,2865.1,1664.3,1466.4,918.28,728.63,125.0,114.64,84.54,7.9,3.8,4.0,1.12,16.77,16.32,25.0,8.08,9.43,17.37,37.9,19.09,7.84
2025-06-19,2076.4,2698.6,1802.5,1464.1,911.54,724.14,125.0,115.0,83.64,7.8,6.3,4.1,1.123,15.91,15.39,23.38,8.23,9.66,17.05,36.65,18.87,7.49
2025-06-20,2136.4,2843.5,1775.7,1510.0,948.4,730.08,125.0,115.21,92.81,5.9,4.9,4.0,1.125,17.57,16.83,25.92,8.76,10.23,17.36,38.62,19.27,8.35
2025-06-21,2170.2,2954.3,1709.5,1560.8,936.58,724.21,125.0,114.28,80.1,9.2,4.2,3.4,1.128,16.82,16.2,24.94,8.18,8.94,17.63,38.59,17.99,8.33
2025-06-22,2239.7,3135.1,1751.6,1490.4,936.7,714.76,125.0,114.73,85.54,6.9,3.2,3.8,1.131,16.81,16.42,25.03,8.25,9.24,17.77,38.98,19.52,8.07
2025-06-23,2141.8,2923.0,1744.7,1447.8,955.44,750.15,125.0,115.16,84.93,7.7,4.9,4.0,1.133,17.3,16.97,26.19,8.38,9.74,18.13,37.94,17.88,8.23
2025-06-24,2059.3,2800.7,1655.5,1438.4,962.6,758.83,125.0,115.53,84.53,8.7,5.6,4.2,1.136,16.77,16.11,24.35,8.63,10.28,17.34,38.76,18.81,8.21
2025-06-25,2169.7,2944.2,1807.0,1438.3,940.91,717.71,125.0,115.69,84.57,9.8,4.6,4.0,1.138,16.95,16.62,24.67,8.78,10.08,18.13,37.68,20.0,7.9
2025-06-26,2064.4,2709.9,1784.4,1423.6,939.89,727.65,125.0,115.77,84.54,6.7,4.3,4.7,1.141,16.04,15.66,24.3,8.35,9.82,16.83,36.78,19.53,7.77
2025-06-27,1983.0,2517.1,1761.1,1439.0,952.5,726.78,125.0,116.26,88.49,7.5,4.8,4.2,1.143,15.84,15.37,23.5,8.75,9.85,16.63,35.87,18.42,7.59
2025-06-28,1973.3,2456.8,1773.7,1479.2,924.65,710.44,125.0,117.2,87.44,9.7,6.4,4.3,1.146,15.98,15.39,25.02,8.42,9.72,16.33,35.83,18.37,7.97
2025-06-29,2038.2,2474.4,1887.9,1550.8,948.35,746.32,125.0,116.71,86.68,8.6,4.0,3.9,1.148,15.64,15.08,24.09,8.45,9.67,15.72,37.35,19.2,7.87
2025-06-30,2071.8,2645.2,1775.8,1568.7,953.28,734.76,125.0,117.24,75.0,8.8,4.7,3.3,1.15,15.56,15.37,23.14,8.35,9.84,16.4,36.93,19.27,8.28
2025-07-01,2053.5,2611.7,1795.4,1521.6,955.2,741.45,125.0,117.19,86.2,6.7,6.4,4.3,1.153,14.78,14.36,22.92,8.85,10.07,15.8,36.41,19.73,8.13
2025-07-02,2066.4,2533.4,1931.9,1507.5,915.95,694.91,125.0,117.13,78.38,7.5,5.8,5.2,1.155,15.73,15.46,24.19,9.18,10.9,16.31,35.98,19.72,7.94
2025-07-03,2075.8,2560.1,1935.6,1497.0,933.58,730.44,125.0,116.36,87.59,7.8,5.5,4.6,1.157,15.4,14.98,23.71,8.79,10.05,15.67,35.31,19.01,8.33
2025-07-04,2067.1,2602.7,1850.5,1513.4,931.83,726.29,125.0,116.23,90.9,7.0,4.7,3.6,1.159,15.83,15.28,23.8,8.41,9.46,16.5,36.23,19.6,7.85
2025-07-05,2070.0,2640.0,1808.8,1523.5,946.5,729.52,125.0,115.74,81.3,6.0,5.3,5.0,1.161,15.75,15.36,23.87,8.48,9.55,16.52,37.79,19.64,7.68
2025-07-06,2082.7,2607.2,1822.4,1608.0,952.21,740.46,125.0,115.52,83.95,7.4,4.8,4.1,1.163,15.65,15.51,22.63,8.36,9.49,16.3,37.0,19.59,8.24
2025-07-07,2014.4,2380.5,1908.5,1576.8,967.45,756.78,125.0,114.99,82.6,9.6,4.6,4.9,1.164,15.11,14.56,23.59,8.6,9.96,15.4,36.41,20.91,8.1
2025-07-08,1966.7,2279.1,1882.5,1584.6,937.58,721.53,125.0,114.79,89.94,8.1,4.4,4.1,1.166,14.73,14.42,20.91,8.45,9.59,15.21,35.48,19.78,8.25
2025-07-09,2072.8,2439.7,1933.3,1680.8,937.54,713.56,125.0,114.62,85.38,9.6,6.0,4.7,1.168,15.69,15.25,23.61,8.7,9.84,16.17,35.15,20.04,8.15
2025-07-10,2035.3,2456.6,1835.0,1641.7,962.25,772.22,125.0,114.7,91.91,8.2,5.3,4.0,1.169,15.77,15.08,23.04,8.63,10.1,16.22,37.18,20.38,8.49
2025-07-11,1984.6,2416.3,1740.0,1636.5,949.45,732.97,125.0,113.93,86.66,7.1,5.6,4.0,1.171,14.98,14.31,22.33,8.36,8.97,15.14,34.46,19.53,8.1
2025-07-12,2009.0,2536.4,1711.1,1582.4,964.01,750.77,125.0,113.25,85.97,9.5,5.5,3.2,1.172,15.43,14.9,23.08,8.32,9.48,16.12,36.56,18.84,8.04
2025-07-13,1988.0,2402.9,1808.2,1576.0,949.33,752.61,125.0,113.48,85.27,8.3,5.7,4.9,1.173,15.5,15.09,22.81,8.71,9.75,15.82,34.2,19.91,8.39
2025-07-14,1967.2,2375.4,1812.3,1531.0,927.64,765.91,125.0,113.13,88.27,9.2,5.1,4.8,1.174,15.56,15.23,22.2,8.41,9.5,16.6,34.08,18.96,8.1
2025-07-15,1988.6,2389.1,1830.5,1569.4,925.0,706.57,125.0,113.73,78.05,6.7,4.9,4.8,1.176,15.59,14.88,23.6,8.46,9.77,16.29,35.85,18.71,7.87
2025-07-16,1973.2,2338.1,1847.0,1566.2,921.73,724.35,125.0,113.9,85.34,9.2,4.6,4.7,1.176,14.71,14.37,23.32,8.48,9.71,15.0,34.51,18.77,7.92
2025-07-17,1989.1,2349.0,1916.9,1514.2,954.93,736.36,125.0,114.27,84.72,9.3,4.1,3.9,1.177,15.58,15.1,23.48,9.12,10.43,15.59,36.14,20.23,8.06
2025-07-18,1972.1,2327.4,1872.0,1543.6,962.83,744.54,125.0,115.04,87.9,8.3,4.3,5.3,1.178,14.59,14.15,22.68,8.55,10.07,15.34,33.89,19.86,7.94
2025-07-19,1924.5,2173.3,1913.2,1542.3,972.74,750.09,125.0,114.96,84.25,7.0,5.0,5.3,1.179,14.74,14.39,23.19,8.92,10.26,15.23,34.59,20.25,8.17
2025-07-20,1923.0,2200.6,1853.8,1575.8,957.65,733.46,125.0,114.75,80.85,7.9,3.9,3.9,1.179,15.0,14.81,21.9,8.44,10.06,15.73,33.84,19.78,8.2
2025-07-21,1895.3,2060.0,1979.6,1513.7,962.44,750.21,125.0,115.27,85.03,8.7,4.1,4.9,1.179,13.72,13.35,21.07,8.96,10.44,13.9,33.78,19.93,7.94
2025-07-22,1888.4,2090.6,1919.3,1521.6,936.3,712.62,125.0,115.61,80.67,8.3,6.3,5.2,1.18,15.15,14.5,22.5,8.83,9.96,15.15,34.89,19.67,8.28
2025-07-23,1937.3,2252.2,1855.9,1547.3,927.65,734.93,125.0,115.61,77.3,8.7,5.6,4.1,1.18,15.31,14.82,22.81,8.82,10.53,15.52,35.76,19.58,7.88
2025-07-24,1929.7,2223.3,1887.9,1518.4,957.75,747.71,125.0,116.4,87.91,9.2,5.0,4.3,1.18,15.12,14.79,23.74,8.59,9.94,15.66,35.08,19.26,8.48
2025-07-25,1863.0,2097.6,1887.9,1452.7,951.27,747.06,125.0,116.39,87.32,7.2,7.4,4.9,1.18,14.17,13.87,21.82,8.39,10.03,14.24,33.03,18.87,7.99
2025-07-26,1864.3,2092.7,1903.8,1443.6,946.61,732.76,125.0,116.52,86.87,6.6,3.9,3.3,1.18,14.45,14.11,22.47,8.49,9.71,14.81,33.21,19.29,7.85
2025-07-27,1846.3,2010.1,1912.3,1491.8,950.81,737.23,125.0,116.63,90.21,8.0,6.2,3.6,1.179,14.53,14.02,22.22,8.96,10.35,14.31,33.74,19.85,8.24
2025-07-28,1860.9,2088.1,1834.7,1533.9,949.85,744.33,125.0,116.28,82.34,7.6,5.3,3.7,1.179,14.08,13.45,20.97,9.09,10.54,14.06,33.48,19.04,8.18
2025-07-29,1885.8,2080.2,1935.7,1504.8,964.26,738.15,125.0,116.44,79.28,8.9,6.1,3.1,1.179,14.45,14.1,22.47,9.0,10.32,14.79,34.54,20.79,8.35
2025-07-30,1965.1,2276.6,1985.6,1437.9,964.42,747.96,125.0,117.26,84.72,6.7,5.5,5.4,1.178,15.39,14.75,24.05,8.57,10.11,15.72,36.16,20.08,7.55
2025-07-31,2036.2,2402.6,2063.6,1411.3,953.16,733.15,125.0,117.6,83.61,9.2,3.7,2.9,1.177,14.86,14.52,23.06,9.2,10.97,15.62,34.94,20.06,8.11
2025-08-01,2002.3,2377.2,2015.6,1383.8,957.69,736.31,125.0,117.75,81.63,9.6,5.4,4.8,1.176,15.44,15.09,23.83,8.69,9.53,16.19,34.92,19.6,7.81
2025-08-02,2039.5,2448.1,2030.6,1398.1,952.71,717.8,125.0,117.8,84.68,8.0,5.7,5.1,1.176,14.9,14.38,22.35,8.85,10.34,14.91,35.03,20.37,7.96
2025-08-03,2014.7,2393.0,2030.6,1387.1,938.08,747.78,125.0,118.11,82.55,8.1,3.4,4.2,1.174,14.96,14.49,23.31,8.95,10.11,15.8,35.22,19.21,7.88
2025-08-04,2023.5,2387.2,2090.8,1347.2,956.35,737.71,125.0,118.62,77.66,7.1,7.1,3.9,1.173,15.17,14.75,23.98,9.15,10.0,15.46,35.57,20.25,8.22
2025-08-05,2035.7,2337.8,2150.4,1392.0,924.08,734.74,125.0,119.08,83.24,7.3,5.6,4.6,1.172,15.25,14.7,23.76,9.1,10.57,15.4,34.99,19.84,7.41
2025-08-06,2064.3,2414.4,2144.5,1392.0,960.81,762.26,125.0,119.06,80.45,7.5,5.9,4.4,1.171,15.2,14.54,22.69,9.02,10.48,15.56,36.29,20.33,8.37
2025-08-07,2084.8,2559.9,2027.3,1405.2,927.08,707.69,125.0,119.38,85.93,9.7,4.3,5.2,1.169,15.76,15.28,24.79,9.13,10.64,16.19,36.35,19.99,8.08
2025-08-08,2126.5,2628.0,2128.9,1320.7,949.29,727.38,125.0,119.78,82.38,7.9,6.0,2.3,1.168,15.77,15.3,23.79,8.98,10.4,16.46,36.61,19.58,7.86
2025-08-09,2135.4,2705.7,2146.7,1207.1,932.32,757.94,125.0,119.44,89.45,6.4,6.3,3.6,1.166,15.97,15.7,24.69,9.42,11.0,16.95,36.89,19.26,7.23
2025-08-10,2127.6,2779.1,2087.7,1141.3,953.3,764.59,125.0,119.69,91.42,8.3,5.6,4.8,1.164,16.89,16.27,26.07,8.71,9.89,17.15,37.48,19.6,7.12
2025-08-11,2136.9,2807.4,2096.8,1120.4,944.49,736.32,125.0,118.78,87.72,9.0,5.3,4.4,1.163,16.1,15.77,25.09,9.09,10.51,16.88,37.44,20.48,7.34
2025-08-12,2039.2,2647.8,1980.6,1147.7,921.08,721.53,125.0,119.2,78.8,8.0,4.5,4.9,1.161,16.21,15.55,23.76,8.46,9.87,16.56,36.03,19.77,7.62
2025-08-13,2096.3,2808.1,2035.5,1042.6,951.31,734.45,125.0,119.71,91.02,9.8,5.1,4.5,1.159,16.53,15.83,25.13,8.74,10.32,17.28,36.77,19.71,7.36
2025-08-14,2141.2,2971.2,1923.7,1117.8,936.33,735.53,125.0,120.27,91.3,8.9,4.9,4.1,1.157,16.73,16.18,25.18,8.57,9.87,17.3,38.29,20.5,7.6
2025-08-15,2106.3,2901.4,1897.4,1126.5,958.22,738.8,125.0,120.26,85.08,6.7,5.8,4.0,1.155,16.4,15.77,25.33,9.09,10.41,16.84,37.75,20.23,7.16
2025-08-16,2090.6,2819.4,1902.0,1188.5,945.02,712.73,125.0,120.61,90.29,7.3,4.5,6.1,1.153,16.13,15.45,24.55,9.01,10.35,16.33,37.88,20.04,7.6
2025-08-17,2111.8,2849.2,1957.8,1147.4,950.93,725.87,125.0,121.52,82.79,8.3,5.8,5.4,1.15,16.39,16.19,25.41,9.02,10.13,17.08,37.79,19.34,7.81
2025-08-18,2123.2,2870.1,1950.4,1170.1,930.64,726.15,125.0,122.43,77.54,6.0,4.5,4.6,1.148,16.57,16.0,25.23,8.74,10.21,16.79,37.66,20.07,7.89
2025-08-19,2108.0,2806.6,1977.4,1173.1,936.16,716.63,125.0,122.62,81.96,8.4,5.1,4.2,1.146,16.67,16.52,25.14,8.85,9.88,17.42,38.03,19.83,7.23
2025-08-20,2040.3,2630.5,1959.8,1208.9,938.12,730.93,125.0,122.9,91.92,5.9,5.8,4.5,1.143,15.86,15.24,24.16,9.09,10.53,16.77,35.64,19.27,7.52
2025-08-21,2032.4,2633.7,1942.4,1196.2,957.85,734.23,125.0,123.67,79.04,9.2,4.6,4.7,1.141,15.98,15.24,24.88,8.96,10.32,16.51,37.91,19.65,7.55
2025-08-22,2045.7,2663.2,1933.0,1215.6,970.16,747.34,125.0,123.14,85.0,9.1,5.9,4.4,1.138,16.17,15.88,23.85,8.81,9.82,17.3,35.6,19.24,7.54
2025-08-23,2066.6,2709.8,1905.8,1262.7,932.92,737.92,125.0,123.2,85.14,8.6,5.8,3.4,1.136,16.34,15.74,25.02,9.03,10.09,16.54,37.83,19.09,7.91
2025-08-24,2015.9,2712.1,1782.0,1229.3,961.15,752.67,125.0,124.09,82.95,7.2,5.0,5.4,1.133,16.52,16.05,24.38,8.7,9.84,16.54,37.3,18.72,8.42
2025-08-25,1970.4,2645.5,1722.5,1237.1,912.45,711.6,125.0,124.81,83.23,8.2,6.3,4.2,1.131,15.42,14.75,22.73,8.33,9.51,15.94,36.03,19.31,7.31
2025-08-26,1981.3,2720.8,1731.0,1148.7,927.09,733.68,125.0,125.23,85.29,7.4,5.3,5.5,1.128,16.08,15.59,24.45,8.21,9.73,17.25,35.93,18.91,7.58
2025-08-27,1968.0,2689.7,1706.6,1179.4,930.62,731.65,125.0,124.71,82.75,6.8,6.2,4.1,1.125,16.53,15.83,24.16,8.15,9.35,16.75,36.38,18.43,7.61
2025-08-28,1948.0,2601.1,1689.0,1265.4,924.71,738.63,125.0,124.93,79.31,7.6,6.9,3.7,1.123,15.37,14.89,23.16,8.15,9.48,15.98,36.17,19.07,7.74
2025-08-29,1901.6,2547.7,1660.9,1204.9,921.25,713.05,125.0,124.88,85.86,8.8,5.0,5.0,1.12,15.69,15.14,23.14,8.29,9.79,15.68,36.11,18.72,7.89
2025-08-30,1788.6,2324.2,1598.4,1197.9,951.19,736.78,125.0,125.29,89.29,8.1,5.8,4.1,1.117,15.09,14.67,21.42,8.34,9.81,15.54,36.12,19.26,7.71
2025-08-31,1768.8,2283.3,1562.2,1234.8,941.79,718.98,125.0,125.14,88.48,9.7,4.7,3.9,1.115,14.8,14.45,22.24,7.68,8.83,15.25,34.93,18.64,7.12
2025-09-01,1782.7,2339.6,1539.2,1232.3,950.69,736.39,125.0,124.88,81.76,8.9,4.3,2.8,1.112,15.75,15.31,23.31,7.54,8.53,15.52,35.45,17.85,7.32
2025-09-02,1788.6,2354.2,1537.1,1235.8,955.36,756.76,125.0,124.11,80.0,8.8,5.0,4.3,1.109,15.27,14.88,21.75,7.79,9.06,15.44,35.59,18.35,7.43
2025-09-03,1848.5,2497.5,1560.0,1214.1,948.98,755.81,125.0,124.99,83.86,6.1,4.0,3.3,1.106,16.16,15.66,23.52,7.96,9.01,16.26,35.79,18.04,7.46
2025-09-04,1813.0,2436.7,1544.4,1191.2,954.87,756.32,125.0,125.06,91.27,7.7,4.4,3.3,1.104,15.49,14.96,22.1,8.34,9.96,15.41,35.64,18.89,7.58
2025-09-05,1796.4,2461.0,1473.8,1184.4,943.96,714.76,125.0,125.41,87.58,6.7,5.7,3.2,1.101,15.67,15.27,23.37,7.82,9.16,15.98,35.71,18.9,7.53
2025-09-06,1786.4,2517.2,1381.9,1183.4,927.2,736.21,125.0,125.68,87.82,7.8,4.7,4.0,1.098,15.4,14.92,23.16,7.74,8.94,16.06,36.29,17.23,7.1
2025-09-07,1921.6,2740.5,1553.0,1127.3,960.87,727.41,125.0,125.43,88.56,7.2,5.8,2.3,1.096,16.18,15.68,24.22,8.18,9.51,16.61,36.72,18.61,7.13
2025-09-08,1881.0,2710.2,1474.6,1123.1,936.16,740.98,125.0,125.08,86.68,7.5,5.5,3.4,1.093,16.33,15.9,24.36,7.61,8.79,17.32,36.59,18.88,7.1
2025-09-09,1821.8,2550.2,1438.8,1192.4,930.97,721.74,125.0,124.87,85.48,9.3,6.8,4.3,1.09,15.86,15.23,23.0,8.15,9.3,16.12,36.32,17.4,7.17
2025-09-10,1849.8,2605.8,1471.5,1170.1,942.33,743.45,125.0,124.8,87.65,8.6,5.6,2.5,1.088,16.12,15.85,23.88,7.71,8.97,16.96,35.77,18.12,7.8
2025-09-11,1908.2,2770.0,1492.4,1111.6,931.31,710.43,125.0,125.28,82.82,9.2,6.2,3.6,1.085,16.47,15.94,24.12,8.28,9.47,17.21,37.24,18.32,7.36
2025-09-12,1882.7,2684.7,1522.5,1103.6,938.74,746.27,125.0,125.18,79.34,6.1,5.5,2.9,1.082,15.66,15.21,23.19,7.93,9.51,16.77,36.47,18.99,7.2
2025-09-13,1881.1,2731.2,1488.6,1070.4,950.16,723.55,125.0,126.35,87.89,8.1,5.4,3.1,1.08,16.02,15.54,23.96,7.84,8.88,16.44,37.49,18.7,7.1
2025-09-14,1904.5,2817.5,1499.9,1010.1,950.23,733.15,125.0,127.17,89.95,9.2,6.2,4.7,1.077,16.85,16.44,25.17,7.67,8.93,17.7,38.48,18.84,7.1
2025-09-15,1929.4,2875.7,1499.0,1017.9,931.53,714.62,125.0,127.88,80.53,9.8,5.8,2.0,1.075,15.95,15.53,23.28,7.95,8.99,16.47,37.33,18.64,7.43
2025-09-16,1895.5,2832.4,1473.6,987.3,937.68,710.34,125.0,128.14,88.29,6.1,5.3,3.9,1.072,16.64,16.14,23.69,8.43,9.54,17.81,38.03,18.13,7.36
2025-09-17,1840.2,2700.2,1485.1,961.3,961.11,750.8,125.0,129.21,91.72,7.6,5.3,2.9,1.07,16.22,15.95,23.71,8.05,8.9,16.71,37.25,19.31,7.19
2025-09-18,1841.5,2641.9,1548.6,971.0,952.45,764.58,125.0,129.42,84.99,9.2,5.6,2.8,1.068,16.36,15.39,23.97,8.11,9.41,16.56,36.5,18.27,7.18
2025-09-19,1823.0,2645.5,1539.1,904.5,976.13,793.38,125.0,129.73,81.73,7.8,4.5,2.3,1.065,16.32,16.01,24.13,7.92,9.0,17.5,37.0,17.34,7.1
2025-09-20,1822.4,2697.9,1530.3,830.5,962.7,752.07,125.0,130.14,85.49,6.9,4.5,3.8,1.063,16.03,15.69,23.98,8.19,9.63,16.41,37.96,17.72,7.1
2025-09-21,1847.5,2684.0,1591.9,867.2,962.16,763.89,125.0,130.82,82.8,6.1,6.4,3.0,1.061,15.97,15.22,22.77,8.19,9.5,16.5,36.93,18.73,7.24
2025-09-22,1808.5,2591.8,1643.9,785.6,924.18,723.65,125.0,131.47,82.53,6.9,6.8,2.9,1.058,15.62,15.29,22.94,8.14,9.39,16.01,37.07,18.52,7.1
2025-09-23,1836.9,2606.6,1734.0,749.3,956.46,752.02,125.0,131.57,86.73,6.0,4.3,3.2,1.056,16.18,15.85,23.7,8.52,9.52,17.56,36.53,18.86,7.3
2025-09-24,1791.9,2653.8,1603.1,677.0,944.2,732.37,125.0,131.64,78.59,8.1,4.5,3.0,1.054,15.25,14.88,23.26,7.67,8.94,15.41,35.8,18.78,7.1
2025-09-25,1802.2,2645.3,1650.2,666.0,936.74,732.99,125.0,132.31,79.22,9.1,6.1,1.5,1.052,16.06,15.34,23.74,8.17,9.26,15.95,36.51,19.38,7.1
2025-09-26,1761.7,2503.1,1675.4,696.3,947.52,745.52,125.0,133.01,85.08,6.5,5.6,2.7,1.05,15.34,14.98,22.69,7.97,8.88,15.62,35.05,19.15,7.1
2025-09-27,1714.6,2439.6,1602.7,711.4,959.18,741.22,125.0,133.16,84.91,8.3,5.7,3.8,1.048,15.58,15.26,23.37,8.17,9.48,15.85,35.61,19.12,7.39
2025-09-28,1770.6,2503.0,1606.6,828.5,952.51,742.03,125.0,132.72,86.37,9.0,5.9,1.8,1.046,15.79,15.23,23.14,7.97,8.92,16.35,35.83,18.22,7.23
2025-09-29,1725.2,2306.5,1662.0,883.4,931.82,726.12,125.0,132.98,92.5,8.0,4.9,2.1,1.044,14.44,14.07,21.71,8.04,8.83,15.49,36.08,18.53,7.1
2025-09-30,1585.4,2041.3,1592.8,845.7,956.14,755.7,125.0,133.65,85.42,6.1,5.4,2.6,1.042,14.28,13.8,22.22,7.8,9.23,14.85,34.88,19.1,7.1
2025-10-01,1636.4,2185.0,1608.8,797.1,935.44,716.85,125.0,134.91,87.39,8.5,5.3,2.4,1.041,14.74,14.43,22.84,8.39,9.54,15.27,34.4,18.72,7.1
2025-10-02,1694.2,2211.6,1651.8,925.5,948.25,739.02,125.0,134.68,81.1,7.9,4.3,2.9,1.039,14.85,14.35,22.06,8.06,8.92,15.16,35.38,19.1,7.16
2025-10-03,1691.1,2246.9,1566.6,976.1,940.45,756.49,125.0,134.84,88.07,7.8,5.4,2.0,1.037,14.84,14.31,22.02,7.89,8.88,14.95,34.43,18.89,7.1
2025-10-04,1629.6,2094.9,1545.0,1003.7,941.72,748.51,125.0,135.01,82.89,7.3,6.2,2.6,1.036,14.03,13.6,20.71,8.4,9.51,14.47,33.03,18.61,7.18
2025-10-05,1655.2,2149.7,1552.8,1007.3,956.49,762.26,125.0,136.07,85.29,8.1,4.8,2.8,1.034,14.3,13.67,20.5,8.21,9.67,14.4,34.72,19.44,7.1
2025-10-06,1636.2,2150.6,1488.8,1019.7,929.4,725.22,125.0,136.43,84.56,8.6,5.2,3.4,1.033,14.08,13.64,21.43,7.37,8.14,14.49,34.35,18.04,7.45
2025-10-07,1514.4,1946.5,1421.8,952.6,974.18,763.71,125.0,136.35,89.13,10.9,5.2,3.8,1.031,14.36,13.99,22.33,8.21,9.18,14.39,32.94,17.99,7.24
2025-10-08,1565.5,2083.2,1405.6,961.2,917.68,727.82,125.0,137.02,79.76,8.1,4.8,2.6,1.03,14.28,13.98,20.9,8.11,9.52,14.35,33.09,17.12,7.34
2025-10-09,1578.6,2073.5,1450.7,965.6,936.03,748.83,125.0,137.2,75.87,9.8,5.7,4.3,1.028,14.35,13.96,20.9,8.21,9.35,14.68,34.41,18.62,7.1
2025-10-10,1551.9,2002.9,1483.6,926.0,950.55,718.01,125.0,136.98,84.15,8.4,4.4,2.7,1.027,13.63,13.01,20.25,8.09,9.35,13.73,32.5,18.14,7.53
2025-10-11,1497.0,1937.5,1417.1,903.9,953.76,728.15,125.0,136.93,86.87,7.9,6.3,3.4,1.026,14.05,13.83,20.85,7.53,8.56,14.27,33.67,18.89,7.47
2025-10-12,1429.7,1695.0,1451.5,974.8,943.49,751.64,125.0,138.19,85.61,8.2,5.6,4.3,1.024,13.55,13.35,19.69,7.83,9.41,13.59,31.81,18.41,7.1
2025-10-13,1428.6,1751.2,1387.7,969.7,944.14,733.11,125.0,138.78,89.93,6.5,4.2,2.9,1.023,12.84,12.47,18.97,7.37,8.21,13.21,32.66,17.95,7.1
2025-10-14,1419.6,1767.9,1275.8,1063.6,951.16,733.84,125.0,139.24,86.75,8.4,6.6,1.6,1.022,13.38,12.86,20.16,7.32,8.48,13.55,33.09,17.34,7.3
2025-10-15,1376.2,1733.3,1249.1,983.0,941.53,719.35,125.0,139.52,82.74,5.6,5.2,2.8,1.021,12.88,12.41,19.05,7.19,8.57,13.53,31.62,18.15,7.1
2025-10-16,1446.8,1862.1,1320.1,959.6,965.9,746.74,125.0,140.07,75.7,7.0,4.4,2.2,1.02,13.75,13.3,20.83,7.5,8.55,14.32,32.31,18.05,7.2
2025-10-17,1374.4,1691.3,1357.8,890.7,957.59,730.09,125.0,140.62,84.05,8.1,6.0,2.5,1.019,13.06,12.71,19.57,7.75,8.76,12.86,33.09,18.26,7.27
2025-10-18,1328.8,1615.3,1351.1,839.0,958.09,772.41,125.0,141.18,89.11,9.4,5.5,4.3,1.018,13.29,12.85,19.22,7.58,8.87,13.23,31.73,18.41,7.1
2025-10-19,1268.6,1515.0,1317.5,806.0,930.51,725.53,125.0,141.65,83.43,9.7,3.4,1.7,1.017,12.82,12.3,18.76,7.44,8.76,12.29,31.22,17.98,7.1
2025-10-20,1249.7,1482.3,1286.8,825.4,943.81,735.48,125.0,142.5,85.11,7.7,4.6,2.9,1.016,13.17,12.93,19.56,7.47,8.43,12.71,31.57,17.42,7.18
2025-10-21,1257.5,1489.1,1289.6,841.9,940.49,740.64,125.0,142.93,86.69,8.2,5.3,2.0,1.015,12.71,12.36,18.33,7.91,9.39,13.4,30.35,18.09,7.1
2025-10-22,1243.4,1535.1,1215.7,815.3,929.92,736.88,125.0,142.87,80.94,9.2,3.1,2.4,1.014,12.93,12.38,18.45,7.91,9.11,13.24,31.69,17.98,7.1
2025-10-23,1194.2,1493.2,1191.4,719.8,950.4,752.66,125.0,142.99,87.49,6.4,5.1,3.2,1.014,12.58,12.25,17.98,7.27,8.46,12.45,31.51,17.81,7.25
2025-10-24,1168.1,1394.7,1176.5,793.8,936.94,743.69,125.0,142.42,91.55,8.5,5.2,2.9,1.013,12.05,11.72,18.03,7.4,8.81,12.43,31.44,17.82,7.1
2025-10-25,1210.6,1582.9,1088.3,786.2,954.83,737.2,125.0,143.87,84.31,7.0,4.0,2.5,1.012,13.34,12.84,19.19,6.99,8.19,13.67,32.52,17.74,7.1
2025-10-26,1284.8,1841.3,1036.8,741.4,928.95,721.0,125.0,144.73,80.48,7.8,5.3,2.1,1.011,14.11,13.87,20.82,7.23,8.32,13.84,32.63,16.88,7.1
2025-10-27,1298.9,1837.0,1068.5,760.5,970.79,766.44,125.0,144.75,84.73,7.4,5.0,2.9,1.011,14.09,13.69,19.91,7.08,8.01,14.5,33.47,17.21,7.19
2025-10-28,1262.9,1733.8,1072.6,775.8,931.56,720.28,125.0,145.05,76.1,8.5,3.9,4.0,1.01,13.43,12.99,18.34,6.94,8.52,13.37,32.12,18.31,7.1
2025-10-29,1313.6,1881.0,1055.8,766.9,948.29,739.6,125.0,145.17,86.35,8.7,5.8,1.9,1.01,13.53,13.11,19.49,7.62,8.61,13.85,33.07,17.91,7.1
2025-10-30,1224.7,1699.2,1000.4,779.3,956.88,751.15,125.0,146.38,86.81,9.1,5.8,4.1,1.009,13.79,13.44,20.55,6.7,7.77,14.82,31.44,17.13,7.1
2025-10-31,1230.7,1648.6,1108.8,732.7,936.44,739.85,125.0,146.12,91.7,8.4,4.8,3.6,1.008,13.36,12.95,19.43,6.58,7.67,13.89,31.58,17.66,7.1
2025-11-01,1187.2,1560.6,1055.9,773.7,957.79,725.74,125.0,146.62,84.22,8.2,4.8,3.7,1.008,13.71,13.29,19.17,7.33,8.54,13.62,30.33,16.84,7.1
2025-11-02,1130.4,1425.9,1075.7,734.3,926.56,731.3,125.0,147.02,86.63,10.2,5.7,2.8,1.007,12.08,11.88,16.94,7.01,8.49,12.66,30.44,16.87,7.1
2025-11-03,1102.5,1394.4,1046.6,713.6,966.78,751.29,125.0,147.88,81.55,6.2,4.8,3.5,1.007,12.87,12.27,19.2,6.99,8.05,12.0,31.63,16.72,7.1
2025-11-04,1076.0,1300.1,1052.6,750.0,945.21,745.76,125.0,148.28,83.57,10.0,3.3,1.8,1.007,12.4,11.84,17.69,7.79,8.94,12.25,30.61,17.37,7.1
2025-11-05,1105.3,1306.8,1085.7,810.2,936.05,739.45,125.0,147.86,78.9,7.7,5.5,2.0,1.006,12.07,11.82,18.36,7.33,8.74,12.25,30.12,17.4,7.1
2025-11-06,1096.8,1314.6,998.5,885.7,940.51,752.89,125.0,148.19,84.22,8.7,4.3,3.2,1.006,12.7,12.69,18.66,6.98,8.0,13.12,29.99,17.59,7.1
2025-11-07,1085.2,1250.5,1003.4,935.1,957.13,762.81,125.0,148.16,83.78,7.6,4.7,2.8,1.005,12.26,12.02,17.44,6.87,8.08,12.08,29.62,17.06,7.27
2025-11-08,1097.1,1217.0,1085.9,920.9,936.23,746.42,125.0,148.66,86.2,7.2,6.3,2.4,1.005,11.6,11.53,17.58,7.26,8.39,11.87,29.01,17.79,7.22
2025-11-09,1114.0,1200.5,1202.0,852.3,933.76,745.66,125.0,149.85,82.51,8.6,4.9,1.0,1.005,11.83,11.41,17.13,6.92,8.15,11.88,30.03,17.88,7.29
2025-11-10,1165.9,1299.1,1190.5,918.3,941.68,738.0,125.0,149.44,85.33,9.3,5.0,2.2,1.004,11.86,11.4,16.9,7.23,8.46,11.0,29.06,18.8,7.1
2025-11-11,1176.7,1287.2,1190.5,980.7,927.35,723.72,125.0,149.51,83.67,8.6,5.5,1.6,1.004,11.93,11.64,17.26,7.31,8.33,11.81,28.85,18.32,7.1
2025-11-12,1256.5,1382.8,1331.5,949.3,972.31,768.87,125.0,149.7,83.67,7.3,5.5,2.9,1.004,12.8,12.56,19.38,7.75,8.54,12.57,31.36,18.89,7.25
2025-11-13,1315.4,1447.2,1396.7,990.5,936.5,739.26,125.0,149.98,85.32,12.3,4.2,2.4,1.004,12.93,12.35,19.82,7.69,8.51,12.89,30.87,18.52,7.66
2025-11-14,1317.1,1506.8,1345.5,974.1,957.47,743.12,125.0,150.82,85.16,9.4,5.0,2.0,1.003,12.92,12.5,19.03,7.51,8.27,13.3,31.26,17.64,7.1
2025-11-15,1375.0,1653.0,1296.0,1040.6,948.14,744.41,125.0,151.21,88.04,9.1,5.0,4.6,1.003,12.96,12.57,18.34,7.8,8.95,12.87,31.99,18.05,7.1
2025-11-16,1332.8,1516.0,1351.0,1014.3,930.23,725.16,125.0,151.9,84.52,7.6,5.3,3.4,1.003,12.89,12.4,18.48,7.21,7.82,12.47,32.32,19.06,7.24
2025-11-17,1304.5,1456.8,1275.7,1101.1,944.91,726.78,125.0,152.06,83.6,7.2,5.3,3.4,1.003,12.9,12.43,18.59,7.45,8.54,12.81,30.9,18.08,7.35
2025-11-18,1410.4,1646.5,1339.9,1131.5,956.76,761.76,125.0,152.65,84.28,7.7,7.3,4.3,1.002,12.55,12.3,18.13,7.54,8.7,12.45,32.1,17.66,7.47
2025-11-19,1416.7,1604.4,1352.4,1206.5,942.18,735.56,125.0,153.52,82.14,9.3,3.9,3.2,1.002,13.1,12.78,19.58,7.91,9.27,13.15,32.9,18.18,7.55
2025-11-20,1289.2,1282.9,1376.3,1177.5,962.9,775.64,125.0,153.64,83.56,6.8,5.9,1.9,1.002,12.16,11.92,19.13,7.64,8.89,12.07,30.15,17.71,7.87
2025-11-21,1275.1,1264.7,1348.9,1188.4,960.32,729.55,125.0,154.52,93.12,6.7,6.1,1.8,1.002,12.5,12.18,19.02,7.81,9.16,12.57,31.2,17.69,7.62
2025-11-22,1252.5,1284.5,1298.2,1137.1,958.78,741.17,125.0,155.03,81.35,8.6,5.4,3.3,1.002,12.35,11.85,17.88,7.68,8.92,12.2,28.79,18.18,7.75
2025-11-23,1177.4,1000.5,1385.6,1168.9,938.11,732.11,125.0,156.04,83.89,8.4,4.4,1.0,1.002,11.49,11.21,17.07,7.25,8.27,11.34,27.81,18.45,7.1
2025-11-24,1242.1,1165.3,1358.3,1202.3,928.8,738.11,125.0,156.43,83.45,7.1,6.5,2.5,1.002,11.58,11.09,17.24,7.62,8.74,11.79,28.84,17.55,7.44
2025-11-25,1226.6,1096.5,1321.4,1302.0,935.8,734.71,125.0,157.11,84.01,6.7,3.0,1.0,1.001,11.59,11.19,17.58,7.15,8.05,11.42,29.39,17.61,7.55
2025-11-26,1244.0,1145.8,1307.4,1312.5,947.94,743.12,125.0,157.58,83.68,9.7,4.4,2.6,1.001,12.11,11.59,18.78,7.68,8.87,11.63,30.52,17.22,7.23
2025-11-27,1245.1,1131.5,1311.7,1333.6,953.19,729.96,125.0,158.02,86.12,8.4,6.1,3.2,1.001,11.74,11.29,17.38,7.43,8.22,11.38,28.97,17.91,7.88
2025-11-28,1158.2,1001.0,1236.3,1300.3,912.43,697.81,125.0,158.65,78.16,6.4,4.7,2.7,1.001,11.28,10.95,17.55,7.66,9.03,10.82,28.95,16.54,7.67
2025-11-29,1106.7,901.0,1194.1,1313.5,944.88,740.88,125.0,159.41,89.15,6.4,6.4,3.3,1.001,10.53,10.14,16.76,7.33,8.23,9.91,29.59,17.45,7.68
2025-11-30,1052.1,820.8,1150.2,1284.9,947.37,722.58,125.0,159.28,87.53,7.6,3.6,4.1,1.001,10.82,10.37,15.97,7.1,8.2,9.94,28.79,17.54,7.72
2025-12-01,1127.7,966.9,1203.1,1279.4,940.84,727.47,125.0,160.5,80.03,8.9,4.0,2.4,1.001,10.53,10.39,15.66,7.68,8.89,10.83,28.16,16.72,7.76
2025-12-02,1106.6,970.0,1141.3,1276.7,964.37,758.22,125.0,160.07,75.92,8.7,4.5,4.8,1.001,11.17,10.81,16.4,7.1,8.4,10.68,29.23,17.08,8.04
2025-12-03,1044.2,931.7,1025.5,1250.4,951.33,730.25,125.0,160.22,81.09,9.4,5.4,2.7,1.001,11.2,10.79,16.46,7.3,8.06,10.93,28.57,17.16,7.87
2025-12-04,966.0,849.9,900.5,1243.5,964.65,771.69,125.0,160.68,84.03,6.2,4.8,3.3,1.001,11.27,10.77,16.16,6.99,7.98,10.67,27.65,16.84,7.81
2025-12-05,991.4,1006.5,812.8,1217.1,941.76,749.26,125.0,161.39,95.32,8.3,4.6,2.0,1.001,11.0,10.39,16.22,6.57,7.66,10.52,28.9,16.5,8.21
2025-12-06,1091.2,1184.8,912.7,1191.3,959.06,729.21,125.0,162.68,87.17,9.7,6.3,3.8,1.001,12.07,11.67,16.69,6.55,7.89,12.21,29.36,17.08,7.45
2025-12-07,1159.7,1323.5,921.1,1231.8,969.53,745.04,125.0,162.25,77.77,9.6,6.4,3.3,1.001,12.89,12.3,18.25,7.24,8.32,12.6,30.53,16.5,7.38
2025-12-08,1195.5,1379.0,960.7,1230.6,964.68,725.02,125.0,162.5,82.24,8.4,4.6,3.7,1.001,12.29,12.03,17.91,7.11,8.06,12.06,29.78,17.45,8.0
2025-12-09,1223.4,1409.5,1001.0,1237.1,928.62,714.93,125.0,161.95,84.79,10.8,3.5,2.5,1.0,11.91,11.55,17.71,6.78,8.2,11.75,29.33,16.82,8.09
2025-12-10,1152.6,1272.8,1008.5,1162.2,941.19,743.33,125.0,162.47,86.01,8.7,3.1,1.5,1.0,12.21,12.08,18.72,7.08,8.3,12.57,29.74,16.78,7.38
2025-12-11,1145.9,1249.6,1007.2,1174.2,939.82,728.09,125.0,163.11,79.74,9.3,5.2,2.9,1.0,11.62,11.31,16.37,7.26,8.63,11.71,30.01,16.5,7.9
2025-12-12,1147.0,1179.5,1078.7,1190.7,952.34,748.35,125.0,164.42,84.46,8.1,5.6,1.1,1.0,11.61,11.15,16.75,7.2,8.04,11.64,28.84,17.2,7.48
2025-12-13,1067.2,987.2,1088.9,1164.8,955.3,726.86,125.0,164.99,82.13,7.1,5.1,2.2,1.0,11.68,11.05,16.14,7.26,8.46,11.05,29.01,17.64,7.72
2025-12-14,1174.6,1121.7,1180.2,1251.5,932.42,736.86,125.0,166.02,80.58,6.9,4.9,2.7,1.0,12.3,12.05,17.63,7.57,8.49,11.75,29.13,17.56,7.82
2025-12-15,1133.4,1056.7,1217.2,1138.8,946.02,731.23,125.0,166.82,86.04,8.2,4.3,4.4,1.0,11.17,10.64,15.89,7.8,8.71,10.94,29.34,17.76,7.35
2025-12-16,1183.5,1203.1,1172.3,1167.8,914.7,713.61,125.0,167.11,88.1,7.7,5.6,2.8,1.0,11.54,11.13,16.88,7.23,8.43,11.44,29.94,17.19,7.94
2025-12-17,1219.2,1307.6,1137.1,1192.7,966.63,752.86,125.0,166.92,88.36,5.9,6.5,2.6,1.0,12.16,12.05,17.77,6.99,8.16,12.39,31.22,17.55,8.14
2025-12-18,1231.6,1371.1,1088.3,1209.1,937.31,715.85,125.0,167.57,87.3,6.8,3.0,2.5,1.0,12.18,11.91,18.03,6.83,7.76,11.81,30.76,16.72,7.35
2025-12-19,1286.0,1437.7,1167.8,1208.7,945.84,723.92,125.0,167.34,83.01,7.6,4.9,1.4,1.0,13.28,12.94,19.26,7.15,8.51,13.05,30.59,17.54,7.68
2025-12-20,1251.2,1365.9,1138.8,1225.1,940.36,745.09,125.0,168.5,87.86,8.9,4.1,2.6,1.0,12.19,11.96,18.12,7.02,8.0,11.99,30.5,17.18,7.87
2025-12-21,1321.6,1569.8,1085.4,1255.3,962.19,755.3,125.0,168.93,86.24,8.0,3.7,2.6,1.0,12.91,12.66,18.83,6.79,7.76,13.2,33.1,16.86,7.27
2025-12-22,1316.2,1564.0,1106.8,1212.9,902.44,716.5,125.0,170.04,85.54,7.9,4.0,1.7,1.0,13.34,13.18,18.92,7.57,8.69,13.69,31.62,17.48,7.53
2025-12-23,1324.4,1586.9,1100.3,1217.9,944.75,740.8,125.0,170.32,82.55,6.8,5.3,1.6,1.0,13.22,12.74,18.46,7.33,8.38,13.15,31.55,16.56,7.22
2025-12-24,1293.8,1504.2,1119.6,1201.1,943.41,737.58,125.0,170.97,83.01,8.0,5.4,2.1,1.0,13.12,12.67,19.38,7.1,8.42,13.33,30.98,17.66,7.77
2025-12-25,1278.4,1394.6,1241.8,1143.8,938.2,711.08,125.0,171.59,85.3,9.6,6.3,2.6,1.0,12.13,11.63,18.74,7.43,8.34,12.42,30.11,17.98,7.52
2025-12-26,1324.2,1445.5,1295.7,1169.8,970.89,754.05,125.0,172.08,94.76,8.2,5.0,2.1,1.0,12.54,12.16,19.77,7.18,8.1,12.62,30.29,17.78,7.53
2025-12-27,1322.0,1465.4,1289.9,1137.3,931.69,726.39,125.0,172.38,86.2,6.2,3.4,1.7,1.0,12.26,11.87,18.66,7.8,8.74,12.46,31.89,18.3,7.1
2025-12-28,1232.3,1373.6,1191.0,1063.8,956.58,769.57,125.0,173.09,82.56,6.5,4.8,2.7,1.0,12.74,12.1,19.38,6.91,8.32,12.24,30.88,17.39,7.26
2025-12-29,1149.3,1215.1,1155.2,1035.7,950.34,749.51,125.0,173.14,81.67,8.7,3.8,2.9,1.0,12.41,11.94,18.44,7.44,8.49,11.92,28.91,17.23,7.48
2025-12-30,1102.3,1083.1,1199.6,996.8,963.92,770.29,125.0,173.06,83.03,7.7,3.9,2.6,1.0,11.46,11.33,17.18,6.97,7.86,11.76,29.14,17.14,7.31
2025-12-31,1143.9,1229.1,1120.0,1041.3,934.99,736.46,125.0,174.19,93.71,7.9,5.5,2.1,1.0,11.83,11.51,17.46,7.11,8.11,11.48,30.48,17.34,7.62
2026-01-01,1170.5,1171.6,1258.8,1045.1,934.01,719.99,125.0,175.07,83.4,7.4,5.2,3.0,1.0,11.68,11.44,17.38,7.77,9.11,11.84,29.07,17.23,7.61
2026-01-02,1173.9,1147.5,1253.9,1104.2,961.44,751.33,125.0,175.62,88.63,8.8,5.5,2.3,1.0,11.3,10.94,17.19,7.11,8.31,11.66,28.98,17.47,7.76
2026-01-03,1234.0,1321.6,1251.6,1069.3,951.38,744.91,125.0,176.97,83.5,7.8,4.7,1.5,1.0,12.06,11.41,17.68,7.46,8.46,11.92,30.5,17.77,7.28
2026-01-04,1178.9,1204.3,1202.8,1104.8,921.83,707.75,125.0,177.35,86.04,7.9,5.7,3.3,1.0,12.1,11.72,17.84,7.49,8.53,11.9,29.83,17.47,7.47
2026-01-05,1192.7,1136.6,1231.7,1227.7,936.91,726.18,125.0,178.53,88.17,7.2,4.6,2.8,1.0,11.4,11.21,16.49,7.54,8.38,10.99,28.93,18.28,7.39
2026-01-06,1139.2,1067.9,1152.0,1235.2,950.8,739.15,125.0,179.13,82.71,9.3,6.0,2.4,1.0,11.6,11.07,17.37,7.33,8.45,11.26,28.63,17.99,7.37
2026-01-07,1274.6,1265.6,1291.4,1265.3,957.57,766.17,125.0,179.14,82.44,7.9,5.3,1.2,1.0,11.7,11.46,17.08,7.71,9.12,12.03,30.35,18.22,8.04
2026-01-08,1399.3,1494.9,1370.3,1286.9,934.81,704.18,125.0,180.57,91.64,8.9,4.8,1.9,1.0,12.67,12.03,18.93,7.52,8.53,12.38,30.22,17.94,7.43
2026-01-09,1432.3,1576.4,1424.5,1212.8,901.29,717.47,125.0,181.58,88.94,6.8,5.2,4.1,1.0,12.61,12.24,19.15,8.17,9.52,12.99,30.67,17.75,7.19
2026-01-10,1433.7,1657.7,1322.2,1231.2,952.85,731.98,125.0,182.04,88.16,10.3,5.0,1.3,1.0,12.83,12.53,19.31,7.23,8.19,13.13,31.85,17.99,7.71
2026-01-11,1408.0,1585.2,1327.8,1236.6,926.7,706.36,125.0,182.92,88.15,9.8,6.4,2.3,1.0,13.22,12.77,19.92,7.86,8.82,13.28,31.8,17.57,7.55
2026-01-12,1511.5,1794.7,1398.5,1216.4,914.74,727.66,125.0,183.23,86.84,5.9,5.2,2.5,1.0,13.78,13.74,20.33,7.72,9.02,14.17,31.95,17.62,7.51
2026-01-13,1515.1,1809.3,1426.4,1168.7,902.52,712.74,125.0,184.16,93.07,7.3,5.0,2.8,1.0,13.14,12.67,19.84,7.85,9.5,12.83,32.54,17.93,8.02
2026-01-14,1525.9,1887.9,1349.6,1193.5,957.21,761.68,125.0,183.47,85.18,8.8,4.8,1.3,1.0,13.86,13.35,20.23,7.89,9.18,13.84,33.85,17.66,7.38
2026-01-15,1483.2,1857.4,1298.8,1142.7,946.93,748.21,125.0,183.48,87.31,6.7,5.8,2.6,1.0,13.82,13.43,19.43,7.71,8.78,13.89,32.52,17.49,7.64
2026-01-16,1474.7,1810.9,1263.0,1233.2,941.62,759.18,125.0,184.48,79.2,8.1,5.6,1.2,1.0,13.01,12.51,19.43,7.29,8.31,13.29,34.66,18.25,7.68
2026-01-17,1525.9,1979.5,1218.9,1230.1,965.84,760.06,125.0,184.86,81.7,8.8,4.8,2.6,1.0,13.74,13.11,20.22,7.4,8.89,13.81,34.55,17.11,7.96
2026-01-18,1558.6,2016.5,1315.2,1167.0,954.56,742.68,125.0,185.48,80.2,8.1,4.0,2.0,1.0,14.74,14.13,22.01,7.26,8.41,15.12,33.88,17.47,7.38
2026-01-19,1559.5,2152.2,1183.5,1137.7,969.24,760.13,125.0,185.31,90.1,8.9,4.2,1.8,1.0,14.36,14.05,20.84,7.34,8.29,14.9,34.39,18.36,7.51
2026-01-20,1568.6,2149.9,1224.7,1120.0,924.11,735.73,125.0,186.75,75.0,7.5,4.8,3.2,1.0,14.98,14.48,21.01,7.46,8.56,15.08,33.7,17.36,7.45
2026-01-21,1514.9,2026.7,1137.7,1224.0,944.48,727.34,125.0,187.85,83.39,5.6,6.2,2.3,1.0,13.8,13.64,20.0,7.42,8.57,14.1,34.73,18.14,7.29
2026-01-22,1446.3,1939.2,1075.8,1176.5,920.75,710.36,125.0,188.26,75.0,9.5,4.8,2.9,1.0,14.15,13.66,20.8,7.19,8.36,14.12,33.13,16.55,7.1
2026-01-23,1395.9,1931.8,948.3,1165.1,941.56,730.71,125.0,188.56,81.67,9.5,4.5,2.9,1.0,13.88,13.57,20.06,6.47,7.74,14.25,32.22,16.96,7.54
2026-01-24,1344.1,1845.0,921.0,1135.1,941.27,708.94,125.0,189.58,83.04,11.3,3.4,3.5,1.0,13.68,13.35,19.47,6.72,7.98,13.82,31.62,17.23,7.83
2026-01-25,1332.2,1710.0,1028.7,1152.7,954.4,746.09,125.0,191.08,90.54,5.7,6.4,1.5,1.0,14.06,13.57,19.46,6.92,8.0,13.72,32.27,16.76,7.47
2026-01-26,1383.3,1836.0,1051.3,1123.9,945.68,715.0,125.0,192.06,86.59,9.2,5.5,3.2,1.0,13.3,12.77,18.77,6.78,7.79,13.68,32.82,18.06,7.43
2026-01-27,1315.0,1764.0,977.9,1068.3,954.35,745.03,125.0,193.65,81.67,6.0,5.7,2.5,1.0,13.77,13.1,19.96,6.79,7.88,13.68,31.87,16.88,7.7
2026-01-28,1340.7,1771.2,1051.6,1056.8,955.55,755.71,125.0,193.69,89.26,10.5,5.9,2.2,1.0,13.79,13.46,19.13,7.13,8.08,14.06,31.52,17.54,7.36
2026-01-29,1376.3,1795.6,1136.4,1041.1,977.32,756.59,125.0,193.78,85.07,8.9,4.9,1.6,1.0,14.93,14.66,21.38,7.7,9.05,14.88,31.57,17.31,7.62
2026-01-30,1342.6,1722.0,1144.6,1012.7,940.27,753.54,125.0,193.69,85.15,7.2,5.1,3.0,1.0,13.01,12.38,19.02,7.03,8.04,12.62,31.62,18.19,7.95
2026-01-31,1444.9,1876.7,1278.1,987.7,930.88,708.56,125.0,194.41,80.19,9.3,6.3,1.8,1.0,13.57,13.11,20.47,7.21,8.39,13.68,32.55,17.89,7.1
2026-02-01,1421.5,1741.5,1327.5,1041.0,948.69,754.27,125.0,194.99,81.04,7.7,5.2,2.9,1.0,13.76,13.25,20.57,7.48,8.94,13.15,32.75,19.04,7.31
2026-02-02,1440.4,1765.1,1366.1,1025.1,932.97,735.81,125.0,195.42,81.7,8.7,5.5,4.0,1.0,13.41,13.09,20.32,7.74,9.02,13.86,32.17,18.58,7.39
2026-02-03,1415.0,1786.1,1306.6,973.1,967.23,733.85,125.0,196.32,85.19,8.6,5.8,3.3,1.0,13.52,13.07,20.08,7.94,9.18,13.41,33.39,18.46,7.66
2026-02-04,1417.5,1773.4,1342.6,952.9,940.75,766.32,125.0,197.43,85.31,10.5,5.6,3.6,1.0,13.87,13.65,20.08,7.61,8.65,14.08,32.77,17.5,7.16
2026-02-05,1361.9,1625.0,1350.6,956.7,936.52,729.72,125.0,197.16,91.18,10.6,4.9,1.9,1.0,13.0,12.55,19.05,7.28,8.35,13.15,31.94,18.02,7.37
2026-02-06,1395.9,1722.7,1378.1,897.8,937.93,721.06,125.0,197.35,86.54,7.7,5.0,3.1,1.0,13.07,12.49,19.03,7.39,8.27,12.97,32.74,17.9,7.18
2026-02-07,1428.5,1801.9,1326.4,974.1,955.78,728.62,125.0,198.25,75.0,9.7,5.7,1.6,1.0,13.93,13.45,20.78,7.69,8.95,13.64,31.76,18.04,7.25
2026-02-08,1407.4,1721.4,1329.6,1014.0,942.63,732.61,125.0,198.5,86.05,8.8,5.7,2.3,1.0,13.53,13.07,19.67,7.87,8.62,14.03,31.79,18.03,7.19
2026-02-09,1433.5,1797.4,1271.4,1078.1,935.37,728.06,125.0,198.59,79.2,6.7,6.1,3.9,1.0,13.47,13.15,19.64,7.94,9.33,13.25,34.0,17.3,7.23
2026-02-10,1402.0,1833.2,1129.3,1093.7,969.98,757.82,125.0,199.59,81.14,7.6,5.5,2.0,1.0,13.7,13.24,19.91,7.02,8.22,13.15,31.71,17.51,8.26
2026-02-11,1342.5,1685.5,1197.4,997.0,932.16,723.51,125.0,199.43,81.75,11.2,5.5,3.4,1.0,12.93,12.61,19.72,7.38,8.51,13.38,31.67,17.48,7.1
2026-02-12,1288.7,1592.4,1100.3,1066.5,945.53,745.11,125.0,199.76,82.35,8.8,4.6,3.3,1.0,13.29,12.78,19.6,6.94,7.88,12.77,31.84,16.85,7.1
2026-02-13,1335.1,1723.4,1111.9,1026.1,954.78,740.08,125.0,200.4,79.5,9.6,4.5,3.4,1.0,13.33,12.88,19.02,7.02,8.07,13.78,31.05,17.84,7.41
2026-02-14,1348.7,1756.9,1137.8,990.7,920.53,694.79,125.0,200.6,85.81,8.2,5.7,1.5,1.0,13.13,12.62,19.23,6.96,7.65,13.3,31.61,17.41,7.25
2026-02-15,1333.7,1692.9,1162.5,998.6,952.2,740.93,125.0,201.47,79.36,7.8,4.5,2.9,1.0,12.91,12.39,19.64,7.25,8.5,13.0,33.39,17.97,7.4
2026-02-16,1306.7,1600.1,1146.6,1061.4,929.17,696.35,125.0,201.66,86.43,8.5,5.0,2.4,1.0,13.13,12.93,19.44,7.02,8.04,13.18,31.52,17.62,7.12
2026-02-17,1305.5,1549.9,1167.6,1107.7,957.34,750.97,125.0,202.84,93.95,8.1,6.2,3.4,1.0,12.79,12.3,18.03,7.97,9.47,12.48,31.07,16.75,7.23
2026-02-18,1310.9,1510.2,1200.8,1146.1,930.56,714.09,125.0,203.25,79.68,6.6,6.1,1.2,1.0,12.04,11.62,17.4,7.23,8.4,11.95,31.12,17.12,7.41
2026-02-19,1291.1,1428.6,1250.0,1128.6,955.39,747.17,125.0,204.05,83.86,7.2,5.3,2.8,1.0,12.19,11.98,17.65,7.75,8.96,12.07,30.45,18.65,7.74
2026-02-20,1255.6,1252.8,1362.3,1111.0,961.59,765.81,125.0,204.9,75.0,9.3,4.7,2.7,1.0,12.06,11.81,18.75,7.56,8.77,12.4,31.14,18.55,7.25
2026-02-21,1322.7,1403.0,1372.7,1124.3,957.92,735.79,125.0,205.05,83.8,8.0,4.9,1.0,1.0,12.48,12.35,19.24,8.29,9.34,12.44,30.08,17.36,7.55
2026-02-22,1370.0,1527.2,1371.9,1115.8,948.77,752.78,125.0,204.49,87.57,8.4,5.8,1.8,1.0,12.78,12.47,18.79,7.79,8.87,13.02,30.91,18.34,7.35
2026-02-23,1305.7,1398.7,1308.1,1153.6,941.53,729.19,125.0,205.13,87.88,8.7,5.0,1.0,1.0,12.34,11.88,18.09,7.78,8.98,12.51,29.58,17.47,7.14
2026-02-24,1336.6,1431.8,1334.3,1187.7,936.35,751.39,125.0,205.63,85.31,8.8,4.5,1.9,1.0,12.03,11.97,18.03,7.46,8.52,12.07,30.47,16.88,7.25
2026-02-25,1323.3,1349.3,1374.6,1210.1,967.07,749.93,125.0,206.37,88.56,9.8,6.1,2.9,1.0,12.13,11.86,18.25,8.0,9.09,12.27,30.44,19.06,7.91
2026-02-26,1284.6,1341.5,1357.6,1091.6,934.51,718.83,125.0,206.71,95.18,7.1,5.2,2.7,1.0,12.69,12.29,18.49,7.73,8.83,12.29,30.97,18.02,7.25
2026-02-27,1290.4,1325.1,1389.3,1096.1,929.44,733.21,125.0,206.95,91.85,9.1,4.5,2.6,1.0,12.57,12.2,18.71,7.6,8.75,12.41,29.41,18.14,7.71
2026-02-28,1270.7,1300.7,1365.5,1090.0,954.98,739.66,125.0,208.41,82.91,9.3,5.4,1.7,1.0,12.45,12.1,17.97,7.44,9.02,12.22,30.51,17.5,7.44
2026-03-01,1384.0,1544.9,1405.4,1096.6,933.06,717.69,125.0,208.12,79.2,9.6,5.9,3.4,1.0,13.02,12.6,20.01,7.67,8.76,12.79,31.24,17.52,7.1
2026-03-02,1379.6,1508.4,1459.6,1061.5,930.75,720.25,125.0,208.94,83.38,6.7,4.1,2.5,1.0,13.05,12.46,18.78,7.75,8.77,12.89,29.75,17.44,7.46
2026-03-03,1352.7,1433.4,1510.9,1001.9,923.35,719.67,125.0,209.1,81.21,8.7,4.8,2.5,1.0,12.1,11.98,17.59,8.12,9.31,11.97,30.07,19.03,7.1
2026-03-04,1331.4,1367.4,1509.5,1024.7,937.76,747.56,125.0,209.37,86.81,10.4,4.8,3.3,1.0,12.38,12.0,18.95,7.88,9.36,12.59,29.86,17.59,7.21
2026-03-05,1355.4,1503.5,1433.1,1010.0,943.76,712.92,125.0,209.66,80.28,8.2,5.4,1.7,1.0,12.39,12.04,18.09,7.33,8.74,12.12,32.18,19.05,7.58
2026-03-06,1279.6,1336.3,1387.7,1037.7,948.65,740.22,125.0,209.7,84.71,8.9,5.6,2.7,1.0,11.94,11.89,17.75,7.9,9.48,11.8,30.67,17.66,7.1
2026-03-07,1260.3,1275.6,1422.7,1008.6,959.27,755.73,125.0,210.42,88.35,9.3,4.5,2.8,1.0,12.32,11.85,18.57,8.15,9.39,12.02,30.21,17.7,7.22
2026-03-08,1404.9,1461.0,1577.0,1074.4,952.9,745.59,125.0,211.55,84.6,7.1,3.7,2.1,1.0,13.03,12.74,20.02,7.68,8.96,12.96,28.17,18.66,7.15
2026-03-09,1422.3,1505.0,1543.9,1119.6,942.14,750.59,125.0,212.22,81.21,10.5,5.9,3.0,1.001,12.71,12.21,19.15,8.46,9.52,12.71,29.83,18.19,7.17
2026-03-10,1446.9,1541.2,1564.1,1131.8,942.03,733.89,125.0,212.7,89.7,8.9,4.0,2.9,1.001,13.46,13.1,21.07,8.4,9.59,13.5,31.72,18.63,7.37
2026-03-11,1527.1,1789.2,1517.9,1120.8,952.65,740.85,125.0,212.63,77.48,8.9,5.2,2.4,1.001,13.71,13.32,20.52,7.83,8.78,13.38,33.08,18.09,7.28
2026-03-12,1522.8,1817.4,1446.5,1158.2,964.09,759.1,125.0,213.32,83.69,6.3,4.9,2.4,1.001,13.49,13.2,20.65,7.61,8.84,14.07,32.34,18.25,7.52
2026-03-13,1478.3,1739.3,1397.5,1173.9,946.89,739.77,125.0,214.82,84.83,9.2,5.1,2.9,1.001,13.08,12.87,19.63,8.02,9.23,13.32,32.29,17.79,7.73
2026-03-14,1421.2,1712.2,1259.2,1182.2,937.96,726.93,125.0,215.05,85.06,8.9,6.5,3.1,1.001,13.71,13.21,21.07,7.13,8.25,13.77,32.02,18.17,7.37
2026-03-15,1416.2,1592.7,1350.0,1226.6,930.11,731.68,125.0,215.28,85.72,10.2,7.7,2.6,1.001,13.02,12.84,19.82,7.46,8.4,13.93,31.5,18.19,7.25
2026-03-16,1440.2,1742.3,1204.3,1287.0,923.32,712.36,125.0,215.41,87.44,7.9,3.5,3.4,1.001,13.61,13.42,19.91,7.01,8.23,14.31,31.81,17.62,7.86
2026-03-17,1447.5,1809.6,1192.5,1225.1,954.99,737.56,125.0,215.58,84.86,7.1,5.9,3.0,1.001,12.77,12.35,19.05,7.4,8.02,13.03,33.22,18.19,7.49
2026-03-18,1459.9,1934.1,1121.9,1174.3,953.67,737.53,125.0,214.62,83.53,7.4,4.9,1.1,1.001,14.13,13.71,20.33,7.63,8.72,13.93,34.01,17.59,8.05
2026-03-19,1484.9,2062.3,1073.3,1137.2,953.66,760.09,125.0,215.23,83.37,7.6,5.9,1.4,1.001,14.23,13.73,20.39,7.26,8.33,14.05,33.29,17.42,7.43
2026-03-20,1480.2,2005.3,1173.8,1068.9,943.07,696.94,125.0,215.21,82.55,6.9,5.9,3.5,1.001,13.72,13.26,19.4,7.58,8.32,14.32,32.76,17.48,7.35
2026-03-21,1441.9,1892.8,1194.1,1067.4,966.1,758.31,125.0,214.8,88.15,9.8,6.3,2.3,1.001,13.96,13.36,19.98,7.34,8.51,13.86,32.69,17.38,7.1
2026-03-22,1426.0,1884.3,1137.9,1095.9,937.74,731.85,125.0,215.58,82.41,9.8,5.3,2.6,1.001,14.22,13.91,21.52,7.27,8.33,14.44,32.92,17.05,7.13
2026-03-23,1376.4,1786.1,1108.5,1095.7,959.33,728.11,125.0,215.43,88.39,8.0,4.2,3.4,1.002,14.44,13.7,20.3,6.94,8.1,13.88,32.85,17.54,7.1
2026-03-24,1365.1,1807.1,1069.1,1072.5,944.42,740.36,125.0,215.66,85.08,7.7,5.8,2.5,1.002,13.73,13.22,19.54,7.11,8.58,13.91,33.09,17.77,7.47
2026-03-25,1432.0,1933.5,1078.3,1124.9,935.87,735.69,125.0,216.78,82.91,6.0,5.1,2.6,1.002,13.72,13.3,19.8,6.95,8.06,14.3,33.74,17.52,7.44
2026-03-26,1432.6,1910.8,1101.4,1131.3,953.89,751.11,125.0,216.46,87.47,9.0,4.8,1.8,1.002,13.71,13.5,19.84,7.18,8.45,14.58,33.41,17.69,7.68
2026-03-27,1488.9,1924.3,1235.7,1146.8,951.14,710.07,125.0,216.08,82.09,10.1,4.6,2.8,1.002,14.35,13.83,21.09,7.41,8.79,14.31,33.37,17.2,7.74
2026-03-28,1454.8,1910.5,1117.1,1198.4,950.35,757.67,125.0,216.6,87.55,7.4,5.9,3.0,1.002,13.62,13.27,19.55,7.16,8.34,14.1,34.21,17.69,7.86
2026-03-29,1490.2,1996.1,1125.6,1191.1,946.22,729.2,125.0,217.55,85.85,8.0,6.4,2.1,1.002,14.41,13.97,21.02,7.77,8.77,14.6,33.52,17.23,7.54
2026-03-30,1477.5,1915.9,1115.8,1282.3,944.43,744.9,125.0,217.14,82.61,8.7,3.9,1.8,1.003,14.06,13.78,20.86,7.67,8.49,14.65,33.49,17.48,7.76
2026-03-31,1399.2,1671.7,1188.6,1258.0,980.83,773.94,125.0,217.71,87.11,10.2,5.6,4.6,1.003,13.48,13.13,20.26,7.8,9.05,13.6,32.48,18.09,7.94
2026-04-01,1456.5,1733.2,1220.1,1344.6,962.76,740.44,125.0,218.37,87.19,8.4,4.7,2.5,1.003,12.97,12.7,18.95,7.91,9.02,12.99,32.28,17.21,7.69
2026-04-02,1506.3,1848.8,1265.9,1294.9,955.84,753.48,125.0,217.71,89.63,8.4,3.7,2.0,1.003,13.69,13.2,20.37,7.89,9.33,14.19,32.78,17.94,7.56
2026-04-03,1541.1,1899.2,1294.1,1314.0,946.68,733.78,125.0,218.47,88.86,8.3,5.1,3.1,1.004,13.41,12.85,19.25,7.56,8.59,13.54,33.91,18.0,8.19
2026-04-04,1484.6,1827.7,1238.3,1280.3,960.11,724.03,125.0,219.27,86.97,6.4,4.3,2.5,1.004,13.57,13.21,19.56,7.46,8.58,13.69,32.77,18.32,7.33
2026-04-05,1477.5,1705.5,1324.3,1327.1,952.77,757.17,125.0,219.47,80.49,6.4,3.6,1.7,1.004,13.71,13.23,19.69,7.69,8.61,13.77,31.93,17.75,7.96
2026-04-06,1515.8,1768.9,1380.1,1300.6,945.39,728.11,125.0,220.45,94.79,7.1,4.3,2.9,1.004,13.97,13.56,20.63,7.66,8.74,13.85,31.92,18.08,7.86
2026-04-07,1548.2,1790.6,1441.6,1309.7,940.45,723.29,125.0,221.37,79.39,9.3,4.1,1.9,1.005,13.66,13.3,19.95,7.56,8.5,13.97,32.73,18.33,7.5
2026-04-08,1565.0,1781.9,1523.4,1276.1,943.79,731.32,125.0,221.77,88.8,7.7,4.4,3.8,1.005,13.37,13.16,19.41,8.05,9.09,13.65,32.11,18.23,7.56
2026-04-09,1665.5,1988.2,1547.1,1315.2,897.44,703.27,125.0,221.88,86.73,7.4,3.8,3.0,1.005,14.52,14.2,21.47,7.51,8.63,14.6,33.22,17.99,7.59
2026-04-10,1645.9,1879.8,1639.1,1281.4,948.16,738.88,125.0,221.74,80.3,7.4,4.7,2.3,1.006,13.67,13.15,19.88,8.24,9.35,14.49,33.08,18.54,7.81
2026-04-11,1748.7,2076.4,1655.9,1354.1,937.67,737.96,125.0,222.06,84.5,7.9,4.4,2.7,1.006,13.99,13.4,21.71,7.96,9.68,13.85,33.55,18.74,7.93
2026-04-12,1726.4,2071.7,1633.5,1304.0,968.89,739.66,125.0,222.67,84.68,10.1,5.4,3.3,1.007,14.75,14.56,21.83,8.22,9.62,15.35,33.2,19.81,7.83
2026-04-13,1623.8,1862.0,1625.9,1239.8,945.29,728.42,125.0,222.84,90.22,7.9,5.5,2.7,1.007,13.97,13.31,21.48,8.22,9.67,13.93,32.18,18.73,7.72
2026-04-14,1624.6,1845.3,1617.8,1281.0,927.17,721.8,125.0,222.07,82.15,7.1,5.2,4.3,1.007,13.49,13.02,20.18,8.02,9.2,13.32,32.03,18.88,7.86
2026-04-15,1647.1,1954.9,1577.9,1251.6,944.25,759.29,125.0,223.03,83.95,8.1,4.8,3.5,1.008,14.1,13.78,20.6,7.67,8.84,14.32,32.65,18.65,7.85
2026-04-16,1665.7,1913.6,1679.6,1249.5,929.31,723.49,125.0,223.44,75.66,10.2,4.8,3.0,1.008,14.04,13.87,21.75,7.93,9.04,14.07,33.25,18.66,8.03
2026-04-17,1601.1,1752.6,1690.7,1233.3,952.1,755.66,125.0,223.57,91.94,7.4,4.3,1.9,1.009,13.6,13.16,20.69,8.42,10.21,14.3,33.77,18.98,7.94
2026-04-18,1581.8,1744.0,1688.4,1173.2,949.36,740.97,125.0,224.31,80.72,6.6,4.3,2.5,1.01,13.65,13.24,21.57,8.16,9.36,13.68,31.98,19.35,7.58
2026-04-19,1553.5,1659.9,1705.5,1170.5,959.37,742.5,125.0,225.38,86.31,7.4,5.7,3.0,1.01,13.11,12.59,19.83,8.49,9.65,13.02,31.75,19.05,7.76
2026-04-20,1660.3,1728.8,1890.5,1228.4,933.14,724.89,125.0,224.28,84.59,8.2,3.4,2.0,1.011,13.56,13.17,20.72,8.63,9.78,14.26,31.7,19.33,7.73
2026-04-21,1678.8,1825.4,1801.1,1272.9,945.51,735.48,125.0,224.8,84.61,8.9,5.0,3.7,1.011,13.71,13.13,21.43,8.45,9.78,13.46,33.23,19.13,7.77
2026-04-22,1613.8,1716.2,1734.1,1281.4,924.52,728.37,125.0,224.39,88.24,9.2,4.7,1.9,1.012,13.14,12.63,20.57,8.41,9.95,13.55,32.21,18.44,7.47
2026-04-23,1565.2,1651.4,1635.1,1329.4,955.52,761.8,125.0,224.93,91.69,6.8,5.6,2.1,1.013,13.16,12.88,20.06,8.05,9.47,13.53,31.91,19.38,7.89
2026-04-24,1585.2,1750.9,1615.0,1278.2,952.78,747.49,125.0,225.29,86.01,6.9,3.7,2.2,1.014,13.49,13.02,21.89,8.27,9.36,12.96,31.59,18.57,7.24
2026-04-25,1552.1,1668.2,1626.9,1261.7,952.44,757.15,125.0,225.89,87.62,7.6,5.0,3.3,1.014,12.78,12.53,19.35,8.09,9.14,12.92,31.34,19.55,8.0
2026-04-26,1503.0,1565.3,1592.4,1278.3,945.02,725.54,125.0,225.93,86.32,8.8,5.3,2.0,1.015,12.74,12.33,18.79,8.74,10.3,12.9,31.51,18.8,7.83
2026-04-27,1444.7,1457.2,1554.6,1270.8,951.22,736.98,125.0,225.27,89.07,6.5,3.3,1.2,1.016,12.7,12.12,18.8,7.77,9.36,12.49,31.07,19.32,7.7
2026-04-28,1470.9,1523.3,1562.8,1258.3,969.07,747.18,125.0,225.32,83.15,7.3,4.1,3.6,1.017,12.47,12.27,18.84,8.02,9.2,12.69,31.42,18.65,7.66
2026-04-29,1468.7,1581.7,1529.1,1203.3,940.72,737.54,125.0,225.8,89.3,7.3,5.0,2.3,1.018,12.77,12.19,19.99,7.9,9.33,12.46,31.87,18.12,7.77
2026-04-30,1431.3,1528.2,1549.7,1110.5,947.08,734.41,125.0,226.57,89.44,9.1,5.5,1.9,1.019,13.7,13.2,20.48,7.7,8.56,13.34,30.44,19.1,7.93
2026-05-01,1476.9,1553.6,1621.9,1151.0,928.71,733.15,125.0,226.25,89.33,8.7,5.2,2.1,1.02,12.46,12.06,19.75,8.3,9.38,12.41,31.38,18.38,7.58
2026-05-02,1571.4,1745.5,1663.1,1164.5,931.98,715.77,125.0,227.02,82.36,9.1,5.5,4.1,1.021,13.28,13.04,20.39,8.1,9.11,14.15,32.31,19.43,7.99
2026-05-03,1563.7,1653.1,1716.1,1207.3,946.47,738.76,125.0,226.96,84.33,9.6,4.1,2.2,1.022,12.93,12.46,20.29,7.75,8.99,12.68,31.22,19.31,7.82
2026-05-04,1503.6,1458.1,1780.5,1188.6,961.56,758.26,125.0,227.39,85.96,7.6,3.6,2.7,1.023,12.68,12.16,19.77,8.67,9.94,12.38,30.64,20.02,7.43
2026-05-05,1531.4,1537.9,1790.4,1158.2,941.16,709.32,125.0,227.39,79.52,6.6,5.1,2.4,1.024,12.58,12.23,19.64,8.31,9.6,12.66,31.68,18.7,7.65
2026-05-06,1531.1,1552.0,1771.4,1161.2,941.46,759.8,125.0,227.72,91.38,6.6,3.9,1.8,1.026,12.82,12.41,20.1,8.4,9.91,12.39,30.56,19.62,7.63
2026-05-07,1500.2,1499.7,1713.5,1202.2,938.9,728.94,125.0,228.41,84.95,5.8,4.3,2.2,1.027,12.5,12.05,18.98,8.49,9.63,12.58,32.62,18.6,7.4
2026-05-08,1527.5,1600.4,1682.9,1193.3,936.98,706.54,125.0,228.04,86.14,7.5,5.9,1.8,1.028,13.4,13.03,20.13,8.16,9.41,13.06,31.85,17.68,7.48
2026-05-09,1570.4,1716.9,1645.1,1231.2,949.42,742.45,125.0,227.93,82.69,7.5,5.2,3.6,1.03,13.44,12.86,20.53,8.12,9.07,13.05,32.15,19.3,7.56
2026-05-10,1485.5,1492.8,1690.7,1186.7,922.54,719.98,125.0,228.25,79.69,9.0,4.6,2.9,1.031,12.31,11.68,19.83,8.85,10.41,11.76,30.66,18.8,7.55
2026-05-11,1474.4,1451.4,1709.7,1181.6,964.21,751.1,125.0,229.68,82.58,8.0,4.4,4.9,1.033,13.01,12.94,19.22,7.84,9.23,12.76,31.54,19.6,7.56
2026-05-12,1603.7,1739.3,1750.9,1180.8,935.02,741.21,125.0,229.47,85.88,7.4,5.6,2.3,1.034,13.08,12.7,19.15,8.06,9.34,13.62,31.88,19.09,7.62
2026-05-13,1623.1,1822.4,1670.0,1238.5,955.83,754.52,125.0,230.71,87.69,7.9,5.3,2.2,1.036,13.19,12.82,19.97,8.01,9.23,13.58,32.52,18.97,7.81
2026-05-14,1693.3,1911.9,1761.1,1248.7,925.95,725.82,125.0,231.92,85.65,6.8,4.0,4.1,1.037,13.87,13.33,21.59,8.82,10.04,14.24,33.85,19.77,7.96
2026-05-15,1757.6,2052.1,1727.9,1327.9,955.03,750.33,125.0,232.08,86.39,9.2,3.3,3.8,1.039,15.06,14.74,22.66,8.22,9.18,15.64,33.57,19.17,7.98
2026-05-16,1718.2,2058.5,1652.6,1265.5,955.08,743.71,125.0,232.14,83.65,7.1,6.8,3.3,1.041,13.77,13.28,20.29,8.3,9.61,13.97,34.0,18.67,7.57
2026-05-17,1746.4,2150.8,1623.4,1271.6,950.76,762.9,125.0,231.99,86.98,6.6,4.0,2.1,1.042,14.19,13.34,21.36,8.06,9.42,14.15,33.83,18.75,8.27
2026-05-18,1837.1,2230.3,1785.7,1279.8,930.08,707.71,125.0,232.16,90.93,9.0,5.6,4.4,1.044,15.06,14.52,21.95,8.58,10.27,15.63,34.68,19.19,7.53
2026-05-19,1855.8,2286.6,1755.1,1307.6,948.74,741.7,125.0,231.65,87.82,8.7,6.5,3.0,1.046,14.81,14.32,22.64,8.42,9.6,15.67,35.35,17.72,7.7
2026-05-20,1821.4,2245.8,1730.1,1270.2,927.25,724.04,125.0,231.8,88.24,5.9,5.2,2.7,1.048,15.04,14.56,22.48,8.38,9.69,15.0,35.65,19.19,7.83
2026-05-21,1841.5,2261.8,1714.9,1346.4,941.21,743.9,125.0,232.73,86.18,9.0,4.6,4.0,1.05,14.64,14.17,22.03,8.65,10.17,15.77,34.16,19.67,8.56
2026-05-22,1810.0,2193.8,1703.5,1345.1,960.44,739.02,125.0,232.61,78.99,7.1,3.8,3.1,1.052,14.87,14.32,22.54,8.46,9.96,14.72,33.69,19.05,7.99
2026-05-23,1780.0,2195.8,1651.6,1294.5,956.95,725.5,125.0,232.66,80.82,7.6,3.8,2.2,1.054,15.42,14.85,23.09,8.06,9.15,15.46,34.43,18.7,7.64
2026-05-24,1732.5,2068.3,1662.2,1293.6,945.23,739.16,125.0,231.99,86.82,8.2,5.5,3.2,1.056,13.98,13.51,20.87,8.32,9.51,14.28,33.46,19.06,7.35
2026-05-25,1722.1,1989.1,1733.2,1279.4,930.38,729.07,125.0,232.34,84.96,8.7,6.4,2.5,1.058,14.46,13.78,22.33,8.94,10.17,14.5,33.32,19.84,7.28
2026-05-26,1752.6,1970.3,1752.1,1405.1,954.68,762.53,125.0,232.64,86.76,8.5,4.8,1.0,1.061,14.39,13.67,22.16,8.57,9.67,14.92,33.82,19.41,7.97
2026-05-27,1701.6,1880.1,1678.0,1449.1,945.29,722.08,125.0,232.83,91.71,7.9,4.6,2.5,1.063,13.34,12.95,19.49,8.31,9.85,13.89,34.41,19.02,8.16
2026-05-28,1678.9,1843.2,1656.9,1446.7,910.2,723.81,125.0,232.88,87.9,7.5,5.8,2.8,1.065,13.8,13.4,20.76,7.8,8.98,14.11,32.13,18.44,7.57
2026-05-29,1666.0,1846.2,1623.4,1437.3,956.74,774.67,125.0,232.88,90.04,8.5,4.5,2.3,1.068,13.84,13.55,20.38,8.38,9.62,14.44,31.45,18.3,8.09
2026-05-30,1704.5,1911.7,1630.9,1476.0,944.64,732.28,125.0,233.28,85.38,7.9,5.4,3.7,1.07,13.98,13.52,20.49,8.4,9.71,14.25,32.94,18.79,7.73
2026-05-31,1795.3,2034.6,1721.3,1515.8,963.04,735.68,125.0,233.41,81.77,10.2,5.2,2.7,1.072,14.49,13.88,22.12,8.47,9.75,14.37,34.1,19.16,7.95
2026-06-01,1742.5,1996.5,1712.3,1378.5,928.57,719.4,125.0,233.7,84.77,8.7,4.8,3.7,1.075,14.0,13.29,21.03,8.32,9.52,14.13,32.72,17.93,8.02
2026-06-02,1812.5,2158.6,1707.8,1405.3,897.35,700.1,125.0,233.95,81.78,6.9,5.1,2.4,1.077,14.47,13.91,21.77,8.91,10.1,14.71,33.99,18.33,7.64
2026-06-03,1897.5,2269.4,1825.1,1403.6,949.19,747.13,125.0,234.64,91.23,7.4,6.7,4.1,1.08,15.07,14.68,22.51,8.76,10.39,15.25,34.98,19.91,8.28
2026-06-04,1924.2,2327.5,1879.4,1341.9,949.37,733.41,125.0,235.1,88.16,8.1,5.7,2.4,1.082,15.41,15.17,23.52,8.96,10.19,16.38,35.34,19.35,7.71
2026-06-05,1952.2,2344.5,1912.1,1380.6,919.64,735.98,125.0,235.32,87.08,9.6,6.2,1.6,1.085,14.54,14.11,22.56,8.65,9.77,15.01,35.48,18.16,8.12
2026-06-06,2033.5,2379.4,2033.8,1479.7,930.32,712.28,125.0,236.2,89.94,9.7,4.3,4.5,1.088,15.67,15.02,24.92,8.86,10.17,15.57,35.19,20.58,8.6
2026-06-07,2097.8,2508.5,2055.4,1499.9,986.33,748.47,125.0,236.52,76.92,7.5,6.2,2.8,1.09,15.42,14.82,23.56,9.23,11.04,15.53,36.78,19.74,8.02
2026-06-08,2110.7,2635.7,1915.5,1543.9,940.42,746.8,125.0,237.28,87.35,6.9,5.8,4.9,1.093,16.26,15.64,23.87,8.66,9.8,16.84,35.43,19.29,8.78
2026-06-09,2200.0,2769.3,1964.8,1618.4,955.96,718.36,125.0,237.69,79.76,6.7,3.8,4.0,1.096,16.47,15.91,24.65,8.81,10.28,17.35,36.78,20.28,8.33
2026-06-10,2143.9,2754.3,1854.7,1572.1,935.24,727.04,125.0,236.87,84.97,8.3,5.7,4.2,1.098,15.86,15.55,24.28,8.69,9.94,16.83,36.91,18.96,8.04
2026-06-11,2147.9,2797.1,1882.2,1481.1,913.65,750.06,125.0,237.61,83.75,10.8,4.7,4.5,1.101,16.52,16.21,24.47,8.44,9.75,17.48,36.47,18.28,7.92
2026-06-12,2165.3,2925.0,1768.0,1505.9,942.45,734.96,125.0,237.77,87.65,8.6,3.8,3.8,1.104,16.49,15.97,23.93,8.48,9.94,16.97,38.04,19.25,8.01
2026-06-13,2113.5,2830.6,1739.8,1489.4,941.02,720.54,125.0,237.83,85.91,6.1,5.3,3.8,1.106,16.92,16.44,24.79,8.39,9.31,17.61,37.33,19.45,8.43
2026-06-14,2067.6,2775.0,1719.7,1422.7,939.0,731.73,125.0,238.06,90.38,7.1,5.7,4.7,1.109,16.13,15.53,23.81,8.57,9.68,16.58,36.97,18.75,8.29
2026-06-15,2043.8,2759.4,1674.2,1416.4,943.28,735.15,125.0,237.96,82.59,7.3,5.4,3.8,1.112,15.83,15.1,23.09,8.1,9.5,16.21,37.81,18.83,8.29
2026-06-16,2078.9,2842.3,1658.2,1446.6,948.96,742.12,125.0,238.15,87.84,7.0,5.1,3.2,1.115,17.15,16.91,25.39,7.74,8.92,17.99,37.75,18.29,7.7
2026-06-17,2134.9,2923.2,1732.9,1436.4,942.75,743.29,125.0,237.92,85.65,7.5,4.9,4.3,1.117,16.88,16.03,25.02,8.29,9.57,17.06,37.32,18.55,8.04
2026-06-18,2091.3,2874.4,1691.4,1397.9,926.04,709.84,125.0,238.62,78.46,8.4,7.5,2.2,1.12,16.92,16.13,25.39,8.34,9.74,17.55,37.23,18.67,7.5
2026-06-19,2028.5,2688.1,1733.6,1386.0,952.29,763.04,125.0,238.63,81.33,8.8,4.2,4.9,1.123,15.89,15.69,23.55,8.63,9.75,16.46,37.46,19.43,8.19
2026-06-20,2014.4,2704.5,1676.2,1383.6,915.76,717.23,125.0,238.49,84.4,9.3,6.0,5.0,1.125,15.42,14.96,23.29,8.02,9.43,15.7,36.82,18.77,7.72
2026-06-21,1946.0,2592.4,1671.8,1295.4,914.24,721.83,125.0,238.08,89.45,8.6,5.3,4.9,1.128,16.34,15.68,24.03,8.31,9.73,16.45,36.91,19.21,7.81
2026-06-22,1887.4,2423.5,1701.2,1290.3,956.09,738.21,125.0,238.26,86.85,5.7,4.5,4.9,1.131,15.45,15.09,22.61,8.62,9.96,16.27,36.26,19.87,7.66
2026-06-23,1798.6,2288.4,1643.9,1231.3,952.61,758.47,125.0,238.4,80.33,6.7,5.2,3.9,1.133,15.23,14.88,22.48,8.41,9.77,15.81,34.76,19.31,7.24
2026-06-24,1799.2,2335.4,1568.6,1264.3,944.14,733.34,125.0,238.63,84.44,7.8,4.0,3.9,1.136,15.38,14.72,22.09,7.86,9.28,15.05,36.09,17.81,7.93
2026-06-25,1861.6,2494.3,1613.8,1196.4,924.07,724.1,125.0,238.15,93.07,8.2,4.7,3.1,1.138,15.4,14.86,23.72,7.92,8.99,16.02,36.73,18.47,7.79
2026-06-26,1906.1,2500.2,1698.4,1246.3,934.38,717.62,125.0,237.38,85.44,9.0,5.2,5.5,1.141,15.66,15.32,23.45,8.39,9.78,16.26,34.71,19.34,7.69
2026-06-27,1913.4,2525.2,1701.8,1230.9,941.06,722.06,125.0,237.72,83.69,8.1,3.9,3.7,1.143,16.24,15.63,23.8,8.71,10.36,16.46,36.08,18.89,7.12
2026-06-28,1953.2,2656.2,1680.7,1209.9,921.06,726.69,125.0,238.48,86.97,8.1,5.7,4.4,1.146,15.96,15.52,23.58,8.22,9.58,16.51,36.15,17.96,7.75
2026-06-29,1894.4,2481.0,1700.4,1227.2,933.91,723.13,125.0,237.98,88.05,8.3,4.4,4.4,1.148,15.85,15.59,22.54,8.24,9.43,16.12,35.61,18.63,7.44
2026-06-30,1914.4,2542.1,1713.1,1191.9,954.78,734.49,125.0,238.79,83.18,7.7,4.0,3.1,1.15,15.09,14.28,23.3,8.01,9.68,15.38,35.75,17.93,7.75
2026-07-01,1927.3,2542.0,1737.7,1209.1,966.41,746.08,125.0,238.94,87.01,8.1,4.3,2.8,1.153,16.23,15.69,24.8,8.34,9.64,16.27,35.78,19.07,7.56
2026-07-02,1890.9,2605.8,1581.4,1180.4,938.71,740.58,125.0,238.94,83.68,9.4,7.3,4.2,1.155,15.37,14.94,22.86,7.89,9.36,15.9,37.02,18.27,7.46
2026-07-03,1844.8,2551.2,1526.3,1160.4,956.35,738.4,125.0,238.74,87.88,7.9,3.5,3.9,1.157,16.17,15.42,23.93,8.02,9.14,16.3,35.58,18.39,7.7
2026-07-04,1802.2,2463.0,1488.2,1184.4,916.29,713.29,125.0,238.04,85.68,8.0,5.7,4.2,1.159,15.53,14.99,22.32,7.47,8.8,16.17,35.58,18.81,7.3
2026-07-05,1809.3,2484.9,1516.6,1138.2,954.89,745.0,125.0,238.52,86.93,8.0,4.6,5.2,1.161,15.59,15.28,22.47,7.91,8.99,16.24,35.12,17.87,7.49
2026-07-06,1881.9,2672.0,1546.3,1087.7,932.94,704.69,125.0,238.12,81.96,9.6,5.0,4.5,1.163,16.03,15.44,22.87,7.74,8.97,16.73,37.53,18.12,7.52
2026-07-07,1943.5,2763.3,1604.2,1106.8,949.61,723.04,125.0,237.71,81.71,6.7,5.9,4.9,1.164,16.31,15.59,24.02,8.38,9.51,16.37,37.33,18.17,8.01
2026-07-08,1930.5,2699.8,1635.4,1113.0,941.28,738.24,125.0,238.18,88.78,10.1,5.8,4.7,1.166,15.89,15.58,24.07,7.96,9.54,16.64,37.4,19.31,7.44
2026-07-09,1848.6,2548.0,1564.1,1127.9,964.81,743.7,125.0,237.21,84.68,6.6,4.7,4.1,1.168,15.77,15.37,23.15,7.96,9.11,16.51,36.53,19.29,7.75
2026-07-10,1820.1,2366.6,1674.5,1149.5,931.88,739.55,125.0,236.42,86.14,7.2,4.1,3.6,1.169,15.96,15.47,23.91,8.3,9.32,16.69,35.03,19.0,7.2
2026-07-11,1918.5,2524.3,1769.2,1158.2,954.41,756.04,125.0,236.37,83.77,8.9,5.9,4.6,1.171,16.19,15.69,24.64,8.35,9.62,16.3,36.23,19.37,7.99
2026-07-12,1861.2,2424.4,1695.8,1191.5,940.81,742.46,125.0,236.48,88.59,9.2,5.8,4.5,1.172,15.09,14.79,21.9,8.88,10.32,15.47,36.55,18.33,7.38
2026-07-13,1864.9,2399.0,1728.8,1200.9,942.63,757.09,125.0,236.67,82.57,6.3,5.1,5.2,1.173,15.42,15.0,23.95,8.59,9.87,16.05,34.88,19.13,7.57
2026-07-14,1896.4,2556.2,1700.3,1115.2,942.24,733.95,125.0,236.47,84.46,6.7,5.7,4.3,1.174,15.81,15.43,24.11,8.31,9.39,16.9,34.57,18.39,7.59
2026-07-15,1816.4,2382.9,1720.8,1043.8,932.31,734.99,125.0,237.68,88.14,8.3,4.9,4.2,1.176,15.19,14.63,23.03,8.41,9.87,15.62,34.77,18.97,7.12
2026-07-16,1939.0,2560.1,1799.9,1140.0,944.79,729.92,125.0,237.51,89.69,10.8,4.6,4.3,1.176,15.44,14.69,23.68,7.9,9.34,15.4,35.48,19.07,7.78
2026-07-17,1982.3,2536.4,1946.0,1146.6,944.06,765.8,125.0,237.33,82.9,9.5,5.4,3.8,1.177,15.88,15.5,24.51,9.07,10.1,16.14,36.78,19.33,7.35
2026-07-18,1964.0,2415.7,1996.7,1195.7,948.62,763.73,125.0,236.86,92.84,7.7,5.8,5.7,1.178,15.7,15.39,24.04,8.99,10.17,16.32,35.48,19.81,7.82
2026-07-19,1961.8,2400.2,2015.7,1185.0,946.27,738.23,125.0,236.85,86.25,5.1,5.6,5.4,1.179,15.05,14.57,23.74,8.88,10.18,15.6,36.04,20.17,7.85
2026-07-20,1927.7,2333.3,1992.8,1187.6,956.97,751.08,125.0,237.08,80.83,8.1,5.8,3.5,1.179,15.88,15.54,23.95,9.02,10.27,16.29,35.3,20.72,7.76
2026-07-21,1953.9,2397.8,2004.8,1172.4,958.85,764.22,125.0,237.61,86.48,8.4,4.7,5.2,1.179,15.92,15.4,24.44,9.08,10.54,15.95,35.62,20.15,7.78
2026-07-22,1990.4,2339.3,2092.8,1289.0,929.24,723.04,125.0,236.77,83.47,7.5,6.8,3.0,1.18,15.29,14.82,24.13,8.89,10.59,16.02,35.14,21.07,8.35
2026-07-23,1913.6,2144.8,2086.1,1302.5,958.03,739.39,125.0,236.56,86.74,7.0,5.1,5.3,1.18,14.24,14.07,20.92,9.15,10.45,14.73,35.33,20.19,7.92
2026-07-24,1887.2,2146.0,2024.9,1280.1,927.2,733.71,125.0,236.69,84.83,8.2,5.3,4.0,1.18,14.68,14.2,22.82,9.13,10.81,15.11,34.19,20.63,7.72
2026-07-25,1782.4,2022.2,1918.5,1208.2,953.82,744.92,125.0,236.89,85.3,6.9,4.2,4.8,1.18,14.4,13.91,22.4,8.85,9.88,14.06,34.44,19.83,7.73
2026-07-26,1840.2,2076.3,1955.0,1301.5,954.3,746.55,125.0,236.79,81.35,10.2,5.2,3.0,1.18,14.64,13.92,21.68,8.74,10.14,15.0,34.67,19.84,8.12
2026-07-27,1804.3,1974.6,1972.7,1295.9,916.33,704.73,125.0,236.95,88.96,9.8,5.8,3.6,1.179,14.56,14.23,22.51,8.81,10.02,14.65,33.02,19.44,8.28
2026-07-28,1790.8,1954.8,1931.6,1331.3,946.39,717.58,125.0,236.43,80.38,8.8,6.0,4.9,1.179,14.02,13.49,21.23,9.09,10.54,14.55,33.27,19.75,7.79
2026-07-29,1846.8,2009.7,2000.8,1370.7,937.97,734.45,125.0,237.1,80.56,8.1,6.8,3.9,1.179,14.91,14.49,23.07,9.04,10.05,15.31,33.26,19.95,7.64
2026-07-30,1835.3,2018.3,1973.1,1349.5,933.62,739.08,125.0,237.47,86.47,7.2,5.8,3.8,1.178,14.35,13.87,22.05,8.49,9.51,14.12,34.34,18.93,8.12
2026-07-31,1863.7,2077.3,1965.0,1380.0,965.26,750.2,125.0,236.68,91.41,8.0,5.6,5.6,1.177,14.4,13.91,21.73,9.0,10.44,14.7,33.49,20.16,7.62
2026-08-01,1898.0,2180.5,1964.9,1352.2,935.19,746.69,125.0,236.01,83.59,10.0,5.0,6.2,1.176,15.51,15.03,24.12,8.89,10.09,16.26,33.85,18.88,7.9
2026-08-02,1837.5,2076.2,1943.0,1307.8,932.9,719.22,125.0,235.35,87.8,9.0,4.8,5.2,1.176,14.66,14.21,22.27,9.02,10.31,14.74,33.6,19.9,7.83
2026-08-03,1865.3,2097.2,1960.0,1361.7,946.14,725.33,125.0,235.55,89.29,8.2,6.2,3.6,1.174,14.32,14.07,22.16,8.8,10.49,15.3,33.27,19.98,7.85
2026-08-04,1754.3,1757.8,2035.8,1354.5,955.28,744.31,125.0,234.77,88.26,9.1,6.2,5.9,1.173,13.58,13.4,21.78,8.86,10.22,14.03,32.06,20.65,7.88
2026-08-05,1761.7,1828.7,1959.3,1377.9,942.88,734.45,125.0,234.46,83.76,8.7,4.4,3.2,1.172,13.92,13.6,21.1,8.44,9.89,14.56,33.41,19.23,7.48
2026-08-06,1780.3,1835.5,1991.7,1395.7,962.5,759.99,125.0,234.53,80.64,8.5,6.0,4.2,1.171,13.75,13.53,21.34,8.72,9.87,14.14,33.32,19.37,7.76
2026-08-07,1763.3,1766.7,2002.2,1423.3,952.96,734.01,125.0,234.35,76.17,9.2,5.9,4.4,1.169,13.62,13.33,20.95,9.19,10.3,13.82,32.19,20.39,8.23
2026-08-08,1779.2,1844.0,2010.9,1351.2,912.33,728.03,125.0,234.32,83.95,8.6,4.3,5.9,1.168,13.33,13.0,20.69,8.85,10.16,14.16,32.97,19.07,7.26
2026-08-09,1858.8,2011.4,2065.8,1325.0,937.06,754.51,125.0,233.62,89.71,9.0,5.8,5.1,1.166,13.61,13.42,22.24,8.94,9.98,14.34,34.86,19.32,7.77
2026-08-10,1846.1,1988.8,2064.9,1311.3,936.57,730.06,125.0,233.75,80.5,8.2,4.4,4.0,1.164,14.17,13.55,22.21,9.29,10.54,14.16,33.59,20.01,7.69
2026-08-11,1817.1,1915.6,2091.8,1275.1,952.19,757.71,125.0,233.27,87.8,7.7,3.1,3.6,1.163,14.04,13.51,22.02,9.32,10.77,14.27,34.11,20.05,7.25
2026-08-12,1857.8,1967.7,2132.9,1296.8,905.63,693.71,125.0,232.94,81.2,7.3,5.2,5.1,1.161,14.13,13.58,22.29,8.83,10.13,14.07,33.54,19.97,8.09
2026-08-13,1811.2,1851.9,2092.7,1351.9,983.24,779.83,125.0,232.87,85.42,7.2,5.5,3.9,1.159,13.74,13.28,21.68,9.43,10.91,13.9,32.98,20.54,7.7
2026-08-14,1816.6,1815.8,2106.3,1412.4,952.97,755.88,125.0,232.74,87.83,6.1,5.2,4.4,1.157,13.24,12.94,20.02,8.66,10.08,13.89,32.83,20.39,8.12
2026-08-15,1873.3,1988.3,2083.4,1395.3,947.23,749.2,125.0,232.57,82.36,6.9,7.9,3.1,1.155,13.84,13.26,22.63,9.14,10.27,13.9,33.83,19.98,7.82
2026-08-16,1885.5,2024.2,2068.8,1407.1,962.72,750.74,125.0,232.0,85.68,6.9,5.6,4.7,1.153,14.71,14.35,22.07,9.12,10.3,14.74,33.33,20.1,7.78
2026-08-17,1808.9,1844.4,2042.3,1425.4,980.15,729.07,125.0,231.65,83.34,7.4,5.4,4.6,1.15,13.67,13.17,22.09,9.32,10.28,13.48,31.41,20.08,8.01
2026-08-18,1759.6,1682.3,2068.3,1451.0,958.06,739.59,125.0,231.45,87.82,9.9,5.7,3.2,1.148,13.19,12.75,21.0,9.12,10.41,13.27,31.56,20.06,7.97
2026-08-19,1773.1,1743.4,2067.6,1408.4,959.23,740.69,125.0,230.56,85.94,7.8,4.9,5.0,1.146,13.42,13.05,21.1,8.96,10.45,13.33,31.01,19.36,7.94
2026-08-20,1853.8,1878.0,2087.1,1488.5,946.96,726.89,125.0,230.12,85.23,8.3,6.1,4.5,1.143,13.64,13.49,21.21,8.99,10.63,13.66,32.46,20.41,7.89
2026-08-21,1802.2,1732.8,2078.8,1525.9,942.88,736.91,125.0,230.1,91.23,8.3,5.6,4.7,1.141,13.19,12.68,21.9,9.68,11.17,12.86,31.09,20.5,7.89
2026-08-22,1808.2,1821.8,1967.5,1563.3,937.86,726.51,125.0,229.25,87.65,9.9,5.6,3.7,1.138,13.36,12.94,21.05,8.81,10.4,13.89,33.16,19.97,8.44
2026-08-23,1892.2,2002.8,1966.7,1610.9,932.61,717.54,125.0,229.6,82.24,7.3,4.7,4.2,1.136,14.65,14.04,22.49,8.92,10.33,14.66,32.65,19.89,8.26
2026-08-24,1989.7,2235.7,1967.8,1626.9,934.69,716.36,125.0,230.01,84.66,7.7,3.9,4.0,1.133,15.07,14.51,22.79,8.27,9.53,15.33,34.93,19.13,8.27
2026-08-25,2000.2,2285.3,1980.2,1572.1,924.74,712.71,125.0,229.16,84.7,7.9,4.8,3.8,1.131,15.36,14.74,23.15,8.57,9.73,15.28,35.23,18.89,7.95
2026-08-26,2008.3,2351.2,1937.6,1558.8,943.86,749.67,125.0,229.61,85.32,9.4,5.5,4.1,1.128,15.7,15.27,23.85,8.87,9.73,15.94,35.69,20.02,8.59
2026-08-27,1868.7,2123.1,1857.2,1477.9,919.73,709.46,125.0,229.3,95.1,9.6,4.9,4.9,1.125,13.62,13.28,20.53,8.13,9.6,13.89,32.67,19.25,7.98
2026-08-28,1986.0,2371.5,1898.1,1492.4,947.86,733.15,125.0,229.27,86.48,8.6,5.5,4.7,1.123,15.39,15.03,23.66,8.82,10.13,15.83,36.1,19.61,7.62
2026-08-29,1952.7,2312.7,1878.8,1480.1,944.46,731.19,125.0,228.78,76.86,9.5,5.0,2.9,1.12,14.88,14.32,22.36,8.46,10.0,14.7,35.33,19.56,8.14
2026-08-30,1916.4,2217.1,1888.8,1473.9,947.2,742.89,125.0,228.99,82.83,8.2,5.6,4.6,1.117,15.22,14.84,23.56,8.4,9.47,15.94,35.13,19.62,7.88
2026-08-31,1915.2,2200.3,1868.8,1523.9,937.17,736.47,125.0,228.94,77.27,7.8,4.4,4.7,1.115,14.48,14.06,22.54,8.42,10.17,14.86,35.62,19.7,8.35
